ARID3A,FOXP1,FOXP4,BPTF,ZNF35,IRF5,FUBP1,PAX4,FOXL1,FOXA2,SP1,ONECUT2,FOXM1,SP3,PITX2,FOXF1,FOXJ2,MAZ,ZNF263,ZNF281,FOXG1,FOXD3,FOXA3,CPEB1,MEF2C,ZNF148,NR2E3,NKX6-1,HMG20B,HOXC6,AC005152.2,ABCA6,ABI3BP,AASS,AATF,ABCA5,ABCB9,ABI2,AC005307.3,AC007092.1,AAK1,ABCA10,ABCA4,ABCA8,ABL2,AC005062.2,AC005154.6,AC017099.3,AC074391.1,A2ML1,ABCB4,ABLIM1,AC016768.1,AC016995.3,AACS,AARSD1,ABAT,ABCA1,ABCB1,ABCC8,ABCD3,ABCF1,ABR,AC012593.1,AC016586.1,AC025627.7,A2M,A2MP1,ABCB10,ABCC10,ABCG1,ABHD3,AC009237.8,AC018865.8,AC073043.1,AC073218.2,AC074289.1,AC084018.1,AAAS,ABCC5,ABCC6,ABHD5,ABLIM3,AC004381.6,AC004862.6,AC006115.3,AC006116.20,AC016700.3,AC018816.3,AC069277.2,AC073254.1,ABCB11,ABCB5,ABCC11,ABCC13,ABHD12B,AC002456.2,AC002511.1,AC003075.4,AC003991.3
-0.5502020937150119,-0.09008674427630237,-0.7470600340749687,-1.171143698068738,0.7977200214393756,2.209269450473837,-1.0329913911811481,0.2790434054073361,0.13594018458366108,0.10136329759590185,0.7111785333902274,0.24682937380246872,1.965391482721739,-0.41364891008796645,-0.8201904705527551,-1.0044075635792225,0.6201506198011313,0.37284608245506073,0.5577261623408475,0.7078108670107729,1.0967324707144241,0.7846233366225122,-2.293873437989448,-0.2501694942589107,0.10263799228811865,-0.32176978890809993,1.5842445438966934,0.4863356577629232,-0.6037280346291425,-0.6956540682494771,1.2690043116275997,0.49825792827436177,0.1251819462137874,2.685855144336575,-0.08364979997250255,-0.7773779770821058,0.453236632256614,-1.180034063410702,-1.2360607344237686,1.5571986790252335,-0.5651339891332806,1.7680975308522493,2.327933267396955,-0.12017083827351732,2.460470519017463,0.6025566888154958,-0.8696859711486425,0.5558341327290389,-0.5740528757622493,0.8494377522026217,1.5351148744614354,-0.8433490868032691,5.267187794592818,-2.075912799498712,2.3869880174324,1.4284237315338117,3.9112139822834564,-1.8362737181126845,2.1371244987233906,0.8282584514228307,-0.5611741398116848,-0.2089971319961652,0.3447381169591408,-1.0480906554775618,-0.16592008946115908,4.380065467362991,2.9676272203980325,-2.126793565915832,-1.618191929765105,1.7927075259118752,0.9608928370869897,-5.057433790946802,0.36874007585651275,0.037630923540228615,0.4667838280599317,-0.06864016201913997,0.6589342877361619,-1.7549103221420432,0.14352247979746505,0.4235529022962234,1.834486463481483,2.1652174876887846,1.5327369690310593,-4.2096064216689655,-1.0208643354333249,-1.248114046187244,-2.324325407302857,0.8911266126932068,-1.8770695584524888,0.44831555051419636,2.4807951110846673,0.19248535597741412,1.5135698486588822,-0.022581459755817976,-1.4075365006582068,2.3032345556237837,0.5500323131445429,0.4355007103513686,-0.26551307643912414,-2.022868564695585
-0.46339091992526477,-0.6711670853941089,0.9239040361131747,-1.8295969124520828,0.2135341625582361,0.803842577464229,-0.3396363782998278,-1.171516726620143,-0.07674482822074744,-0.30102965075273425,-1.2002592690323632,-1.3559502534563848,-1.2300553971430959,0.41023653848583574,0.8065983290031842,0.06646885007255121,1.4383259658946796,0.064336679202528,0.8029826325245594,2.666408039229726,-0.3393877910200859,0.7411159711464033,0.0335331722785846,1.1004352238467898,-1.0235751047989343,1.5534107238401562,-0.7189211097240481,-1.0630432411604833,-0.7895592605667724,0.44524343879614936,-0.30607929261988576,-1.6590778718885661,-0.12960045860243918,0.8114818109173076,0.2333685113956825,-4.394961983279147,0.028580406855169438,-0.7347911004736005,-3.454110781081302,1.5141066631370972,1.3684792191812838,-2.6426812107240645,2.3691027978650956,-2.5223993826619933,0.7070123637528594,-1.0954444383788213,-4.188023938840797,-1.0577067219655691,0.1296496699460885,-4.786743895245967,1.6694247622300726,-2.4982487454870324,-2.337032916942164,-6.448415075585547,3.932750381236724,3.844320179018655,-0.8677895345487552,3.8142870693659887,-5.952653749105247,1.7981445835409793,3.782240986819739,-3.2161665406197737,2.9950016571474665,-3.8252210428092046,4.406596258329849,-2.888017920729703,-3.3319814545564617,-5.237879083483714,-4.507118674072677,0.08433482331302822,2.8499268280359353,-8.218061229174506,-1.0397870351285001,-2.4362559952829015,-6.1875632761005175,-7.033452071171932,1.6202292182445042,0.8210994304738998,1.7141980996996684,-5.410870425841304,-2.137162535397473,-1.4781069256040296,-3.2974903179190864,-5.378205586724886,-2.072850192440283,-5.360994056788096,-4.447744052522942,-4.072653530341867,0.4383368764521039,2.012071568770495,-5.775552358020696,-5.7150787163649115,-4.488870494740621,-1.1189300414718113,-4.019744864253392,-5.45505104372989,3.479056535767869,-2.727788461853418,5.459553829840077,-7.37613202097058
0.5995224808739982,-1.311730542305955,-1.8657789680910954,0.28434091177286613,0.5424174821189864,0.3379625354146458,1.1780284496698539,0.6643779208045095,-1.6958561481316405,1.6916041651503082,-0.8755286434081325,-1.0965227332846132,-0.8701283983013621,1.4155698651227966,-0.5219391387348459,-1.1447426842165096,0.4315654899317164,0.4001953882598631,-0.30677511823818326,0.0020546621106488916,-0.6737773862147449,0.5201747597596492,-0.09615554457409536,1.0436416632532108,0.24399988736275052,-0.39873845524736684,-0.3000784731419409,0.7097728229927017,-1.0789056693111534,0.43878517286681495,-2.8069655610099216,0.7687091037734266,-1.934053722199908,-0.269872993242839,-1.6040541808842514,0.529668719920802,-0.08212104071052317,-2.8376951004096957,0.42148965470780764,-2.5360389166323207,3.289904892234342,0.937359581285947,-2.053318205007195,-0.06983117443893619,0.34797739421705026,-3.417864937256386,-0.7179201908960664,-2.6423545472127103,-1.2844382989708856,-0.3606764201792571,-1.463631080886603,-2.90219764498891,-2.5270547184073573,-1.6647991726068765,-3.017242589050987,-0.9351139756364166,-3.176695906253921,-0.9123789116426128,-2.6034421127521172,-1.9275833582755868,-1.0487834162545684,-2.786023799203327,-1.8695869940362029,0.9451739181061927,-0.8701221360531647,-2.55800188344232,-2.9508580974678726,0.30553103051399394,-3.4440141613890463,-2.3916552910455913,-1.194696050098627,-4.069027881056714,0.09672743960135823,-0.683668825742982,-1.2520634815238374,-2.5928476303622467,-0.8282941733778397,-2.6301131009898073,-1.0689007633725227,1.6433435203928952,-2.375843752888107,-2.2866807926857557,-3.30058129304289,-0.23028998888828228,-0.15171580424660402,2.1361824788271897,-1.4842087415239265,-0.07912493112750499,1.0158863950599626,-0.08879535505585548,-3.916829570039831,-1.7958282306048896,-3.1298715849203926,-2.215730068910073,-1.4541815029231306,-5.454619587981686,-1.6868917577311233,-0.061176172110453675,2.4186068399873153,-1.6763500093830068
0.5446106333809526,0.5330973315996286,1.5731084719360684,2.5591795227898944,0.7205721459134465,0.3587775513035306,-0.8414146989861948,-0.06453154249502424,-1.5473154655656791,-1.5713451205340956,-2.916426572543781,2.382965174202293,-1.1547872714372511,0.10614061574822106,1.4115377865784136,-1.8630541905874358,-0.4816616183005076,0.8999033901341759,-1.3720248332870626,-0.05726613935116398,0.7517543123660575,-2.069936185160598,1.5072373231485008,0.1776964988853256,0.29370271176003515,-0.9950568279696457,-1.3777917216112658,0.181578504699636,0.4245372508390639,-0.9763424220429154,2.156653641537415,1.0051353181960172,0.19603929570686496,1.4080271091341527,1.4287411169450337,3.1959840813465767,1.2238517041910946,3.4615554732308533,3.2649490221507276,0.638981231404978,1.2847680305886577,-2.615853600589728,-2.255856180697014,4.715440578644493,-3.640609954304839,2.787260994894596,3.195318484927998,4.11752385047785,3.145976893713506,2.1702591762068186,1.2389008226412264,4.553162453001021,-1.49034738798966,7.6342657897460455,-0.9240161003106699,-0.056798719742591125,1.1400361555513945,2.3306928565792417,3.350781067322108,3.052418020202605,1.6428413427375643,1.144453242004225,0.8595057008981846,6.767550032865178,-2.182482772897996,-1.3820982637495172,2.4310686953293303,6.246639801591173,2.76774587923384,-0.49194174358926485,0.07655766396727104,4.171164072681117,-0.9673914967006222,5.9953031063809865,1.9919110587912807,2.7958986501225254,-1.6623428621923981,3.5385583011439996,3.29029105380838,3.275369077295884,0.21189996127784283,-1.2118396404177294,0.7401678523722527,2.885260334904642,2.6926081973381533,1.8842787117159634,5.481170714656271,1.2439636837358439,2.741283406068076,1.7313388381018895,4.389776418325598,-1.3450850818419444,4.883439278037877,6.382002954533235,4.7977424806478055,-0.4561976427179974,-1.8372926576162028,2.5676239791209894,1.7172899229878325,4.041431649859981
0.26637742362712646,0.29680208117756923,-2.376894690745311,0.6006164958725464,-0.5412361028557549,-0.5674755227072453,-0.9884878742028552,0.008546747858447057,-0.5802835282686745,-0.7238354025847235,-1.2871446144389056,-0.8719060938362477,-2.659309579552979,-0.5844789941707356,0.6718159552238758,0.5501078782976414,0.8064380534314021,1.216622012382895,-1.4603110454276742,-0.9391910518502466,2.125293967287641,-1.1977764443947014,-0.6667812674985476,0.6379092656288636,0.8749772621556506,1.0990478977598312,0.23927788321856253,0.15535872462724662,0.22016525078548288,-1.0518989834069503,-7.348993804813228,-6.2879845351552035,-7.179025405390933,-5.065252397956875,-7.425555742541933,-6.887884833538488,-5.895749204948031,-7.053207546026794,-4.934280077887068,-7.440914899348225,-6.736369530141642,-9.253877896826447,-4.937449320563544,-5.432078484555287,-6.463884948699581,-7.817100776092065,-5.971375839231584,-3.1404356725183407,-6.25034738839536,-4.9114964228952545,-6.667884799199514,-4.801881196175493,-9.64806948801087,-5.028617750226769,-7.0209090757478165,-7.3907448676305405,-7.767519705250242,-1.6987980274796515,-6.365599367256438,-5.323634277972161,-6.360525282731689,-10.89412671318938,-9.214423786116644,-3.425772167133411,-6.290284768786583,-5.091178954170156,-6.642343028015275,-5.3448475170190894,-9.870832587320962,-7.337122332978241,-6.094010724095135,-7.8774540084721085,-3.166284069665468,-2.935605384312163,-4.566576699644359,-4.826310484459999,-6.245107656342717,-6.900939549613235,-7.6953650185409375,-5.954527778802617,-7.994169706736625,-6.005928860123947,-5.883523628799773,-6.0134878474162266,-3.572388747969454,-7.245646848202969,-4.9033883614278455,-11.06782340934,-5.541350680965861,-5.598860166693377,-8.345114603163774,-4.052846507631061,-3.50404082688642,-3.9114635570569805,-4.272296357752374,-6.963366553222742,-10.23430782935712,-2.342220943934945,-3.8327762228554714,-4.016228648931926
0.5414406503948918,-0.8353846474149369,0.2620034381315449,1.4024903053458107,-0.1104199278095006,-0.29776190469405867,-0.719849050375938,0.9814112051061396,0.04717517550022038,1.2107292664161344,-0.36690313816490255,0.4587741659409755,1.0991361095961034,0.6910288182873184,-1.4820279890977086,-1.5669496485571184,-1.783160263089807,1.0831251072382577,-0.43685008642241946,1.2344673413832818,-1.2809470176513278,1.1744955740455956,1.4993935530811342,1.3157251652269526,-0.40058278894967997,0.220800693517529,0.18444048758536363,1.4077076819002785,0.3511358282659652,-0.9880905984707701,2.971238289083625,0.46185795088971116,-0.27836147135899125,1.828616879070039,0.14354295347899332,0.1445716213351031,5.145106518720983,3.456022966582546,2.501719200157761,2.1005861516415343,4.536789528566803,0.19662495082446907,3.9559109327063737,3.7375636144309587,-0.5326121748772872,0.49383159733042753,-1.7936067344917173,0.7238725484364554,0.12127309179593779,1.1742322150740256,4.096693978469401,2.4852539402041014,2.4803484049160525,-0.8193440205261668,-1.6639439708570314,-1.3943979041637136,-2.047519385947471,1.075022373370099,2.1190255299127125,0.452501359811839,0.6224550130304979,-3.2339073445344964,-0.9967045986233881,6.319173979368629,2.0361266975849306,2.9882049838776026,0.6287078690326326,1.164764624392711,-1.5184645735363125,0.3069379147629393,1.0040573179929748,1.2961108285704028,1.7384499764626602,-0.9079535544356401,-1.069095889296917,1.1916740219122468,1.2661321783721269,2.6255018044341414,0.7181634479742974,0.5807514282726617,1.8619566976714033,1.0723499050493266,-1.9422187233764563,-0.11769315171336482,-0.36827741021901894,2.5887834634835785,2.9224899006535865,1.0840242780917522,-0.12271545947381834,2.085891919371166,-2.1959462472446116,0.3179811674764974,-1.124274599912674,7.290387566711523,-0.19107578330065222,1.9140636689066999,-0.46101703796942906,-0.928739524441007,5.36309773732912,1.9714403586691767
0.710917018939134,0.5649528238156707,-1.4432108589088646,0.846094563850827,0.29518769566816355,-0.8454892446481196,-0.922261942640576,0.8337445380525544,1.871780597765325,2.918457882603819,-1.4743351093932053,0.40922698955599424,-0.5910334469025229,-1.0824546628274072,0.2782587558865715,0.6006101070093336,-0.7387690866308065,-1.186007968728665,0.3297981715573811,1.7402224516756304,0.85284132072865,-0.05253697496446241,0.7789700983646205,-0.9914889178079158,2.587451779439032,0.5534788233682406,1.7717902227860602,0.7981744011876505,-0.4998120008248676,-0.7462129868237473,1.7068381961686403,3.4540870883242785,4.0522852130973845,5.730872132319951,4.753955363816516,0.7398244582695045,2.338429669300785,-2.0089314975560164,3.7837745714612994,-1.7334820788265135,1.070797920019975,2.065877580924887,1.1796182180976662,4.162842488909001,0.6278808124051753,-4.532317451283372,4.202445128958532,5.571767397764304,1.4496181686853071,-0.19499627498619587,1.3474579933778925,6.664852973973524,2.5307087576233918,4.656371661445208,1.701775327445079,5.974324722320119,1.320550095710935,-3.3186001156969938,5.988530438586469,-1.9930552626356264,-2.7595777780893354,0.011249775517708727,4.177008345393165,3.17959710164698,-0.46827204055949245,-0.07893339323075771,0.3837988401885134,2.3712835207159033,1.9863288838269741,0.24310749156602462,-1.7810287956819906,2.210660404766712,0.3761375969980517,2.731494669358258,5.193891892528686,3.9650445508045307,-0.4096478057567515,3.3468681498962156,0.875876620752464,3.457576218091753,4.421568233696948,4.020883896880033,-1.126027861478387,4.311529633965646,0.7256519990371232,8.105059411128423,-0.9240434177113096,2.2982072363979746,0.9959986902217439,4.259010316951866,4.25824054613558,4.1548125578658475,5.068942692492971,4.580302625934604,-1.2741908394905692,3.0343897741424883,-1.8771889210298485,3.488644176947234,1.7686943099300068,3.158373919528989
0.5820760674451313,-1.0625259580503883,0.8136497535763686,0.8878775767815866,-0.26330862434167496,0.25225219301679114,1.6188565091223217,0.9935564490286752,1.0419583101875256,0.08476932250825729,0.4913161532627951,1.9098538241387697,-0.9758995976211755,0.3297630262513227,-0.6914638111679475,0.7995974700184664,0.5864961138106665,-0.7771264330805568,0.5257424934774617,-1.1380210153313899,0.12532631902231553,-1.2415389313069478,-0.7712886671517467,0.2905637508489196,-0.1670260757410516,0.7925437783939329,-1.118257226307458,-0.5885830629049186,-0.6118552738149818,-0.03743348025858271,0.7916017956649184,1.2406519387711195,2.016290283501958,-1.4829253839243113,3.1215625961886753,0.6390790530015249,-0.1576833687475975,1.155375618804544,1.3387740706489417,1.4145076195002149,3.50713081275629,2.1886454587467172,1.417891948429307,2.2068317258281542,0.21026038929627944,3.0014259033853454,1.2574341621364293,-0.9618469773714113,2.2580934240509145,2.806970835753555,1.6740518454076962,-0.5498525922161626,-3.4789402052537746,2.7594049237265996,0.15046160942190723,1.9581104500635507,0.5359545483163211,1.7961399274914884,1.9269117487928196,0.33116647231828444,0.404686599757945,2.4323143210591938,1.156969153003343,0.5730064640466204,1.405522527612645,-2.1829895593549584,-0.4100383220014229,1.540503820511636,5.133779022249692,0.018776819109826204,1.8939715587559671,1.4254970661770376,0.14892731434912038,0.15989874956011568,0.45278476067607104,2.32511169467962,1.5477407301262358,1.7525844035955365,3.1599300368208536,2.670363431827125,-0.016351137220344814,-0.6387312499436345,1.9348360906376791,3.389314846634934,1.450285064396691,6.950281414205568,2.4090303205659835,3.216599922549448,2.455163991302949,2.2433324857637995,1.7258558797936994,1.735104834863546,-0.8030341461949515,0.31335348416309505,3.152448095038671,0.909002494892125,2.454684948929946,1.4104773330368527,2.167438995845454,3.332501965965178
-0.48943463204755033,-0.29849347867358045,-0.15734442160465437,-1.2428443409470444,-0.06594303751099662,-0.29297698608638223,0.7362305742059995,0.6659773808380473,0.49072023551764576,-1.2294329864644444,-0.2972863145989917,2.3994969225170406,0.47769160209235706,-0.048206644580672364,-0.42980033532579937,0.5500435540348186,-0.423754441324226,-1.7148375258294117,-1.0874738442579455,-1.189937930309064,1.202711618982121,-0.42310281714153175,-0.23746078830323805,-0.05926169883508718,2.008903825451732,-0.8754508368207647,-1.4762477775223424,-0.9643395310484709,-0.12948723100275322,0.7937410748160584,-2.456691936706808,-2.272783464441551,-1.2413117602248822,-0.8969605377268373,-0.5602994653684062,2.5225810127720636,-5.958379384619593,-1.6295845095457167,-1.3096547327215935,-3.6087043190900854,-4.519568358167803,-2.0912177685173545,-6.77016278663011,3.5562255056921175,-0.7506320326420503,-0.21020211470750227,0.24270675123652907,-0.016846581108456604,-2.4256040936171788,0.5489052083278584,-0.8855479422015489,-1.5125517761592857,1.1630469808371109,3.9327940462642905,-4.733816826780931,-1.0552746357517084,-1.5940670461329134,-5.428170508212467,-0.7528540159412486,-6.5669724011871375,0.09911162109671545,3.6881752659849334,-5.381239696997696,0.07872428677151166,-5.109954150175609,-4.7138489229960765,1.9924949870088122,3.7902756391783745,2.347313476939011,-5.396699333157105,-4.941787575613385,-1.594082975126717,-0.021836871746613265,-0.031116586344279107,3.291598316443959,-0.3996449070266972,-3.7115739889590813,-0.7464886823784027,-2.755469113780061,3.6936695313240837,0.10966852268663127,-2.9801940625949177,-1.123209958205299,1.9787088295001514,1.8339392731442519,-1.2185242989271505,-1.9574477192239677,-1.9236216050122277,3.3057868768569505,-2.8699664609516033,2.0653241046090485,-1.040209892145949,2.8686913102101457,-1.5836299471131305,0.8152530220806116,-3.3193826128945227,-0.681645429359744,-1.4388843865971253,-6.141693440628344,2.010763339692606
-1.512371581237525,1.2791330415704787,0.24738591813015254,-0.7109512417994182,0.20074568852121027,1.160764568765856,-1.0805825004389982,-0.4496771165667999,-1.807207434931082,-2.2485968725119023,-0.47341232233070674,-0.40518067180276535,1.2533530113034939,0.596437686394543,-0.3500042358908397,0.9092608177000416,2.382297278409026,-0.6639296081623985,-1.7637349965745335,0.5834808045918393,-0.16960617362642477,-0.5995129288027383,2.292382084937096,-0.2536496500835508,0.20913664201070364,1.2734710507134057,-1.8061414839417265,-2.450919822615281,-1.1096295001317569,-1.4304523602792847,-4.833530483261373,-0.8006067367084603,-3.498197741453684,-7.294178125518145,-1.815867630057716,-3.8529241855290612,-2.0236440069602204,-7.109336815600065,-4.322599493657031,-0.5390918839881749,-1.6021907537623796,-4.935869049572923,-7.421491793053511,-4.35235825712972,-3.5681394403914903,-1.5882967783457795,-4.589395007183009,-2.4136227276138817,-2.6743046722032675,-5.205541501492892,0.11954984878975095,-2.997303823907279,-3.1271703136907973,-4.858856348616043,0.4284577645814399,-2.3312213908881976,-0.6679374517031971,0.5281707860890376,-4.525849668479808,-1.3022956154512153,-4.411281682031337,-2.9174274334313215,1.3036121582340896,-2.8194808221292864,-4.941327180799595,-1.617689521028708,-4.944068458932339,-5.498646898524679,-0.9190711745466668,-3.3601026259035383,0.31189684728035993,-2.934589826089512,-0.5806030373598847,-4.028905219529337,-3.0806757103077222,-2.403744222768774,0.669274642159611,1.3121320225785933,-4.421449979062404,-2.0694699195198587,-1.08086288369616,-3.6119033847144024,-3.204545899507929,-5.5056775505235676,-2.9737390578360907,-7.2771167282823965,-4.466451490494413,-3.66229030790861,-6.430442872658897,-0.8422500361218797,-4.719579105914747,-1.9173855583511388,-1.9781155078872292,-5.571916216973524,-1.6084807864240769,-4.536615438125979,-1.7753919151505886,-0.9899883752783802,-7.417839100210996,-6.279842500310555
-1.1733635488009302,0.2491212898690236,0.7969091421695125,0.46854569633629445,0.7405347547367555,-0.21144251430391237,-0.4518409179480557,-1.293411655845439,1.5790602742833517,1.069935067457698,2.5016465100486918,-0.38445788711139495,-0.8775534444157259,0.3546468235880267,1.1341401342206328,1.459252908225098,0.084663433838257,0.5146940551025012,-0.648137537872592,-0.761179983704622,0.6805382064294301,-0.6949429952336192,0.6972867887877139,0.9901487757682936,0.4465034278569874,-0.26369580095481904,0.05514095224039367,-0.4676893327049715,0.5706775619239874,1.3961413975034742,5.735191961088873,7.384870551630748,7.784299896691738,7.219490689303546,5.717201774251746,9.302840844925841,3.410906006011379,5.421539632974548,5.327989069274196,2.652846156564535,3.5158239940225524,4.440788042656038,3.7515644857402806,4.157898651509278,5.344182602643118,7.636966412230987,5.276291888136623,4.948275269843822,8.148570144956468,4.834768434517818,2.9650093349177435,4.618125682425762,7.4305685505235095,7.391151661216283,8.743404286632947,2.4505349556384712,6.5337064436669285,0.030901289295429457,5.469799222724983,-0.1852367798397952,4.902133030041784,9.297562898659098,7.100159943278879,2.225663787796345,7.580421795298804,10.215264684778475,5.270707327385417,4.968866488265306,8.826033046780495,7.782648131224977,4.255431699292974,7.937280546269929,3.8109641698169243,6.532033298741446,6.497091606000519,3.482231620071932,5.76157379302833,5.982627859684327,2.7064731370638766,4.300752808905973,8.20127120610903,5.003775499095803,1.0968877127311547,5.40260573893459,5.191486511521754,5.181340139269794,2.3849164575709985,1.9182792832238367,5.425310777789264,2.4737336620971004,6.463757182062656,4.917915899112711,5.199903629088646,3.1069892195807647,1.62784113910519,6.2969807599438115,6.856566786710696,4.589880380273485,4.062582623251429,5.7393584044887
-0.11243585779647836,2.757783982237301,1.3645155418811905,-0.16360299031976902,0.3164639439954013,0.35569617823999655,-0.36503630855081404,-0.728473359281377,0.07462161411315349,0.09079841638255953,-0.3593957989094824,0.8184259795258779,-1.1412678164931598,0.9463044311387148,-0.9456012695527911,0.8589277187007015,-2.418265586057896,-1.526347074486326,0.6918995245661286,0.8519100678779332,1.26157537198683,0.10473146263430255,-1.5949238481968555,0.998250414428088,-0.8867544483919263,0.04474319637585292,-0.27326933650902757,-0.05379202780124692,0.608226786477639,-0.83169172130825,2.5578187637558303,0.10209177089396893,3.3911244407380425,-0.31691937429296796,2.662823434126744,0.9266265129026292,-0.49743368955610934,5.277012616604994,1.0376441084324983,0.5997152544131151,2.104520481424692,1.1319081335024799,2.83006792654837,2.3330507627018213,3.5225047171562975,4.556460586512077,1.5395970705426363,2.2065631056885184,2.75723444346895,0.8996029786075692,3.5795264883141384,0.357275909070477,2.2325842792188766,2.847449958823548,-0.9021096567698125,1.2722854163848558,3.5200381846958555,4.2737142021383265,1.3618755534910185,2.987097831765841,6.272373390815855,0.9925711840360834,-0.9424178150974367,1.0373262414383444,1.6385767852232924,-2.835376984396821,5.633340174071502,4.298777268543831,1.5767800100678695,2.9704448342693412,-3.6346059121461236,0.5212078486809169,-0.31555063193094846,0.6903965193914889,0.34022897448930917,-3.7258288693730717,2.8642994114872504,-2.1585354019342073,6.124153454809188,2.951858242848508,1.2771646093660602,1.4269507654533848,6.58984625456932,0.9524517718500789,1.5072266349068946,3.5147982436642544,1.3513068550361567,0.7279383722936997,3.759385638303643,0.1050839789711775,3.4034967037783153,-4.175939210337549,3.2012573424692214,0.5689866614540824,3.13588943178085,3.6779031946019556,7.0920548895371,0.014684059423911822,2.141725645636628,0.1995936727063461
-2.3323288179495707,-0.6925195148759319,-0.46999750559405246,-1.058717846242243,2.619377509489771,-0.4980863813349151,0.43297812077783765,0.03257083080233569,2.4184507309775585,-1.1866779045153026,0.13127080940493996,-0.42591131051104275,-0.7927565906150532,1.1989658294100343,-0.7408100571764749,1.6308163143150338,0.8550029086505955,1.311451358619117,-0.00026239366380154117,0.4814088894338116,-0.37840259750929417,1.578251498611674,-0.3732148649228807,-0.3946699183252425,0.2661273696228987,-1.1747831397831399,2.3712008570418703,1.814824112101293,-1.1671802424217848,-1.3779405541237644,3.63012711358513,0.9846071960458656,0.9521802621915891,5.336883753611387,-1.7883546096723677,1.2122427634922848,3.2319109999035276,-1.6196362380235398,-1.4952009338446177,1.2109437918724741,0.7231912285902728,2.107342884674146,0.9233825714270221,-1.191206357498429,1.3087283220166581,-1.9690731928862089,4.592593604889054,0.7650268826988875,0.5771506864891099,-2.632563423503387,1.3112766896240813,4.764428580936416,5.274600510277052,-0.2698341368112139,5.748137396782707,1.523619432825925,7.784354980822441,0.7014502777080145,4.534390114879846,1.882136766463605,2.7355476491098227,2.5218831390783576,3.944341727735874,-1.9565234049337448,-1.0060066311581388,2.617297983295163,2.861320502227249,-3.358141358585442,0.8866542857409734,3.47016869784736,1.189111113723404,2.0764537426957017,0.47236286164241587,-0.468914856779735,3.1070212010376466,2.6252819328229395,-0.7087215225048138,3.106434007181805,0.6521580604355453,-0.32410451181699756,0.8167308784003672,2.93303271359033,2.615775379022756,1.396563338083442,-3.42108590498998,2.8620434305255524,-2.3504612342278945,3.839081805881304,-2.4788601857930868,2.325750298284392,1.6646352702938028,3.4642656196516626,1.2692191850843924,-2.9561134915063625,-2.9309355425227186,5.851209616829568,1.6653167961931166,4.174100277024907,-3.4234187109424914,-0.5465014156622717
-0.013475770087728961,0.6847235945038314,-2.912899741729215,-0.43704984694844073,0.06089209002093032,-0.4876601846195371,-1.4865396333835121,0.23234568700736036,-1.3587490703180793,0.03514612898588243,0.19081700297966273,3.1670084423447884,-0.7239868921692342,-0.3633201323350289,0.2186857297273278,-0.29770804087057573,0.30261006093241766,-1.951996032625407,0.6667103876329773,1.7078450564659762,1.295207372645848,1.2090945920654992,0.8783482038007235,0.23533872423055435,0.10748778254760649,-0.39825252763805546,-3.180088935573226,-0.7980321910041518,0.13461599395360768,1.1189414455681173,-3.8401090960459725,-2.9899823261270404,-3.003841074080909,-2.3664264860389093,2.9885232380793227,-2.007594533557506,-4.949340216969199,-2.611472620727921,-1.7714468224805109,0.41278237025287173,0.3996037723811704,-0.5788687669817463,-4.823726451956908,0.6440098707647735,3.610062265360268,-2.3166547356532936,-3.0034129481530383,-1.7897972484730968,-1.2182863834847202,-3.5445518436202748,0.8322958880641957,-3.022596819002511,-0.6662517792351954,-3.761515411538178,-6.320801828861941,0.3128791805502764,-5.487750665700421,-5.21273818059344,-3.09658790072097,-5.807092278751835,2.0870735317405584,1.110474695805319,-4.705641117343571,-1.9277553792461561,-1.71559393227626,-9.312604405700673,-2.309940031941036,1.8445720781556383,-4.305694423098621,-9.450861485575532,-7.945991435347375,-6.026123708286886,2.883928557127353,-4.576639978138145,-5.756281625244997,-5.141763081134481,-0.6620239818228184,-1.644050616643985,-2.983253529516589,-2.46463784235075,-3.762808561079297,-5.1118548354112,-3.0285983946065147,-1.7316068140414729,-0.6750428837550686,-4.242763045908774,-0.9204554241493953,-3.804898202228682,1.0729894657696883,-2.9192141292879947,-6.44463373135839,-4.773121414316657,-4.9804976902723155,-3.8093004790934293,-1.6279889282375914,-5.353200293015513,-1.0774811919441136,-6.797188612397222,-1.9548595298001759,-1.6654233246715633
-1.7084692254858174,-0.8944103416795006,0.35055687373352606,-0.7705315619981815,1.0085485594392523,-1.886501425255671,-0.4479821008355822,0.6875503390244424,-0.5540321808712805,0.2452975599177979,-1.4917736427521808,1.0882890260678,-1.2769924164805442,2.038027363416893,-0.927254058128623,2.4509696802057723,0.6823939345229224,-1.5718037722993279,0.08079192991236472,-1.7371890481733618,-1.355941130982333,0.4190220647666826,0.08189135631761651,2.439542759533504,-0.11885035269215001,-1.5836633987801236,-1.3191984121796383,0.03280754330663699,-0.20315650056573542,-0.42476545490960155,-2.789933759310311,-5.5322521751454525,-4.645498057461203,-1.2237496895520836,-3.157880749634027,-1.9631851569518992,-3.3238338179585027,-2.6249033789836775,-2.569202802568565,-3.175074681610315,-0.4559432049364571,-0.5003952275899392,-4.58450928832671,-2.5657585453469123,-2.580763206055334,-3.7062028176269473,-0.4641904455995801,-2.018372146357961,-3.9798705016922797,-5.689214526588709,-0.9465094452712864,-2.064167784857416,-0.21599293243649256,-0.268247336550436,-4.85536046362711,-3.4405854134518035,-3.4316767760543563,-3.6373604555606307,0.0973664064057039,-8.310203274948005,-1.0260906255942583,-2.4728528627289164,-6.228704812975703,-2.382908899249161,-3.3158068624653825,-3.918891643958833,-2.201479003511783,2.853762459658099,-1.0002838201386601,-5.104371694366784,-6.082968874961592,-1.1670842248813555,-3.5295649620824476,-2.1280335503482046,-0.23958372560388325,-1.6568576004465845,-2.1787085290405184,-2.2501243026186395,-5.909728591915366,1.9600968384083044,-4.406521590385561,-1.388215230384464,-4.003342230690724,0.5932912941371598,0.5985666793574298,-1.8729393407372976,-1.1614259393245936,-0.1093616971793433,-0.43294940278383653,-4.866427832886649,-5.094671154763482,-1.0214299657533796,-3.339177934465959,-7.4808417870860024,0.8383703537872191,0.9659401357933475,-3.218817400704686,-0.7528738013013259,-5.602238260714016,1.4320929347443578
-0.8029666832859738,0.2567886658723207,0.28728426842130156,-0.0300728826003539,-0.5305926603510857,0.12283346870060641,0.11817036114014898,1.8299683880821656,2.3382308093119546,-0.585584699348688,0.7960727794719354,-1.341905418916595,-1.6964467113753052,-0.7614092151051212,-0.2884327071252522,0.8940493413106829,0.39778821323542696,-1.0270878497545868,-0.8273356808830525,-0.5076787115698755,0.14749448211523408,0.9005533390684904,-0.1994381300868921,1.4098358373684057,-0.8588184893017528,0.5667450852382426,-0.6981069646636653,-0.2630374827522323,0.02088420394725321,0.15540047339519292,1.6741070342856097,2.0975073429390068,1.5988030555312354,0.8944690748413572,1.530989552453581,0.5005501148333028,-0.3998358303629223,3.138023892070116,0.7496337343833281,1.0526858104976586,-0.9611304834746012,3.3980904537098175,4.878104793508269,2.64544430954676,2.4590950531729296,2.017859541219018,3.653028813207768,2.4907357468000493,-0.4437929458723705,0.6277057710820716,2.11942004572058,1.3649074435112065,-1.6636750621070937,0.8884369475099352,-2.0632482820694342,-1.876258657731907,-3.201318362181405,1.4422095014284422,1.960966805364855,-4.171182295824064,3.4260825282575333,1.8994514341524005,-2.7295377346566614,-3.052744971817571,2.8217105391687913,1.9013484643963472,1.4105579450217745,-0.13944658910733904,2.5825603886721034,-1.5790857197855335,0.7562592880432661,3.116506175327251,3.579359218323627,1.2294406448451092,3.816408762358251,2.2541904324966593,3.716764370991051,-0.7241268279287341,-3.069414869716419,-1.606324888671231,-0.6613986723345275,5.091293323690986,1.0054429903942466,4.460206117874856,4.034983455192206,2.5989819657777273,-0.3696768797547312,0.6347878342658891,2.883344495241402,1.6819423956409512,-1.5185818602920054,3.6483973171239876,0.6027910495989057,0.7991015480825443,1.3326427791896998,2.4275191051258758,1.20943877266704,2.1982359468903656,2.3297968601185763,4.232430913183155
-0.22687870129148902,-0.3486843647558932,-0.0300042601480196,-1.4926214349989602,0.7992400038262044,1.565326473649555,-0.46424730376756196,-1.7440273778285635,-0.8846295040296752,-1.1699667711714823,0.5935545233657968,0.1689083182474591,0.19441458108032522,1.0943540154780924,-0.010465975745930028,-0.31458936698650763,0.9032292467459695,-1.2010865160582467,-0.7800329883913005,-1.33395926245567,0.3229774045286886,0.06309286249944485,-1.6039362928642231,0.46214544529140406,-0.21224341375013617,3.7184523437721877,0.04723771288366019,0.20703981076795952,-1.1585065539674566,0.5307779568630855,-2.1655210619404444,0.7508835236821371,0.4143422870413874,-6.472684437940078,-1.2663454441767048,-3.395838852038856,-1.9421403712374088,-2.2576374946417346,-1.5397604501006978,-2.1916085140347747,-0.9764659001493834,0.5596641497146203,-2.1778723561376756,-4.117394582025727,1.6686012714246328,-1.8097502351406085,-4.73333347324073,-4.447842455681882,-1.754442107218868,-2.058545568814213,-1.7229514627178615,-5.905753526997032,-2.517761654350764,-5.740844813883901,-1.485395669995496,-1.56883258899283,0.29451577393087186,1.3938610540895344,-5.892357651600526,1.279236760870474,0.05264212722489614,-4.911657196496802,0.2223630183412737,-4.8449827852907985,-2.8067296623615334,-1.7487687165351182,-1.9200832258776206,-4.158551929461785,-2.7194521571462102,0.10058225313571789,-1.3372078780462306,-8.284706252265154,-0.9866532204511744,-5.269772175759036,-3.5151411196901625,-6.3225268009630184,-0.8220631128262089,-2.880079459751352,1.125614338491686,-3.5772755804589518,-0.2973200618250438,-5.54280025106326,3.1479075304989594,-5.13514497156486,-2.6064451956374906,-0.7151408779656822,-8.733358746638809,-3.88762862013255,-4.506200900049086,0.5812384930023262,-2.990675691887377,-4.9449712536114,-1.5637200626061851,-3.4519431575412485,-2.6983632462458518,-5.599239852390938,-0.035896020374922843,-2.9350162994074003,0.6860410394246361,-7.51557866751224
0.02878519357211934,-0.9998138429294154,1.4805532944580837,-0.8138653655421025,-1.6951883144147406,0.42590525685444736,1.6917630694738026,-0.3066669182521012,1.5544850359532945,1.3193693429855369,-0.49452791404857,0.4704543978196324,0.09134732273573298,-0.7011405387502231,0.1194700586445328,0.12270359599793329,-0.2058955601694562,0.24783910896576988,0.08505139248622695,-0.8765975277980219,-0.2592915313939377,0.7736895052237343,1.5600213625204182,0.40871947038582435,2.2205934816537782,-2.0547836719116246,0.5857030064722232,0.04665679243583809,0.22145256801416674,0.3434491573274504,5.390101276234651,4.151007560832815,1.7952183994317563,7.019441072845125,-0.39573542095299086,4.115100347997226,3.470087238033248,0.5576914882073258,6.452060025628284,0.7282642784839601,2.0548479113032796,3.8625795091720874,3.0387793921405435,3.1564372486868835,-0.1691767259720246,-1.173293413760821,7.4485075219808214,2.8766203899242333,1.3719483844462046,2.920168503933162,-0.12107567407993519,4.633137489492861,7.244614466575372,7.127884026787188,2.349305272119848,0.7888543704037289,-0.11661279612271602,-0.8133005110412822,6.186172920563343,-2.4845411328446456,3.2717662494940525,2.812177154571525,0.3510569055912217,4.29752840550663,-1.152329447545065,2.714858208340324,6.851017536270374,6.468581744223095,2.839859646517592,-0.6743142557063344,-2.0245880567217003,2.823769758690322,-0.7022068846598891,8.253187859296135,8.101697263486978,5.895475583043035,-1.2918059708924985,2.46686442450306,-0.13851213512269145,5.368648020265374,2.714913618476812,3.4352945218088435,-1.1886447303471168,5.6030218463972465,4.1562211610160364,4.4237025940785815,1.9474629190246526,4.280539275863747,3.6794522999308903,3.81664768116235,5.693385414023651,6.9359800665275575,6.573642332511495,2.7247621388080647,2.8498360318857343,3.6623806967584396,-1.8892137215463498,3.6910472243506476,1.4301409052326046,5.176672013729842
0.979469130018381,-0.7424097194579619,0.7587234444517256,-0.04109426083563478,0.6999716331046532,-0.019041472090019163,0.4994423415665463,-0.9761734769557917,-0.26525742338581526,-0.046842020926439853,0.2156697223195985,0.415339476375085,-0.4032970365513376,-2.5450312484554614,0.517094288966401,-1.8602616849277864,0.5735287975828726,-2.201741509274767,1.6320646853024947,-0.08912253190966571,-1.0888529706125991,-1.8658749808560395,0.4445227383653283,0.2756866494968672,1.598304082263566,-0.32990949139121517,-0.3079082421267017,0.3900527017387255,-0.4891722784919206,-0.46610912678908606,-1.8906007614703826,1.070020903802567,-0.39053643656869363,0.4122868929882599,-0.4324352439811763,-0.6598652360548397,2.0011490864984425,-2.8747437634357387,1.7680576091407525,-3.2778348922314815,1.1884133491118642,-0.20417442566718036,-1.027537161476407,-0.24485860979750285,-4.982813172588871,-2.8379322051226112,3.5319811226551843,1.8287680678893095,2.4718693359433885,-1.2343856311196812,-2.3346851580394254,0.7713881094222987,-1.0294823742892731,2.9039690463274894,-0.15604236682194705,3.155808051132176,-1.1220901332096553,-2.0509955875334818,2.665775764005567,0.7122987478592788,-2.5370646776630474,-0.7561994754854059,1.8853173906321625,-0.6257342359009369,-3.155325705875536,-2.3997813968816017,-1.517500508401045,2.250301970627502,2.2244755419737494,-2.693408944610926,-2.883426214194735,-2.1234990258076305,-4.047302959616626,-0.3595671292152897,1.2349602782551592,0.11736335770147249,-1.8679530077623114,1.5274578464085038,0.9742103753281401,0.0874759490982796,-1.2282135062042072,0.929988695822062,0.11500682492115605,1.0857869347452258,-1.00362420084669,2.6668914265806984,-1.8470965397375252,0.21261483296042577,-0.05815028853915655,1.1567958552002622,1.9396800210334812,1.191016214540235,1.7098055068670468,-1.1195312906271513,-1.6420882666702799,0.7472727082284084,-0.6297937863586592,0.5089088129318193,2.1227440320970827,0.3092881192586967
1.3058441213736243,3.971472147986761,0.26037420584546184,1.6052030546929892,0.7103589036940824,2.4745069455243236,-1.1356685975209637,0.6448165923574697,-0.5160528251695815,0.49587840459029103,-1.0587172180814233,-1.2641392131658116,2.34386694530997,1.8472170004164883,-0.08502977487236718,0.25009480228862757,1.088970851816057,2.062300306272099,0.02493274497025287,1.905066370181277,0.14175621806804423,-0.2651456533232536,-1.1872996838242496,1.1518591819012236,0.3362628353597036,-0.41611184259664413,0.585266687036226,0.7399609600752383,0.3413067581455994,0.36567673601969103,14.321332329358189,12.620393792533786,12.981996433246064,14.012183093777454,12.897668392195312,13.824164973762912,13.096292714818597,13.811810559855452,13.766493511804004,13.061247525522822,15.306717628545025,9.473182355702182,15.766658828439736,11.79028697649503,13.694930153429468,13.63911172160118,10.572705364223166,11.372203242959241,12.20564051511804,11.296739445956588,13.04481802030817,11.592933188429951,12.333573614457082,10.387263990871194,12.758107076679071,9.748385766008363,10.601291690540503,15.55538338005732,10.788152531583505,14.624863232453396,10.496242247635552,6.22306491482579,10.459684756521419,12.713118166087156,12.17038294687936,13.636068539551081,9.824970844077923,10.547514331875693,9.55260845385062,12.299427601902337,10.301900063541511,11.895581920569922,9.762683893320585,8.903624354478001,10.401285782809943,9.675823729979168,12.25503322630237,8.875484772451042,8.349053791181039,10.420955201872856,9.538636610464188,10.711072085503403,11.715558548369067,9.894388650095594,9.69780887979801,11.17918591119162,13.953859985536331,10.255999807700956,10.1980423387948,7.122900733999729,9.797038947500909,9.660129949349107,8.770138271027777,11.206096893586647,12.044871338191607,10.184405508227288,9.922004381178159,9.544994964611439,7.289362604010078,9.303106239499506
-0.07243457167381631,0.5967528760961885,-1.2502236388861057,1.3077217971294512,1.5997805088582666,-0.24280382283273827,-1.751317002337537,0.35998516859857127,2.4491951023731096,1.1321817599584474,0.38443256130232134,-1.8019432102690243,1.394256366340551,-2.1945935023373058,-1.9384648968326952,-0.8278256437630951,1.3762792333871654,-0.6985888678126506,0.20033048921850571,-1.6979453171538923,2.18439562212001,-0.587301258384991,-0.27340531239407273,-0.034383115080939164,2.1215886276060183,-0.7565409925424331,-0.13480022010774298,3.222616381054986,0.38368486427821735,-0.34266261717595586,2.093994043710307,3.892496492549053,1.4708570374710304,5.051464448860788,1.9790630266872777,3.1472125151565704,3.297097130439955,0.6128743944305222,4.633489154098235,1.9713908849296025,3.0613566422534344,2.6943698338358,4.613651389962496,2.9190886301589094,-0.2686035580196986,-2.422910091366898,9.010509889193928,4.067393573929701,1.4674807149726459,4.272576642526435,2.7773703430666266,5.333019554023265,1.0991846136940224,4.765628796677267,-2.218452594369812,-1.7474362725189199,-1.3986763339572048,-0.4152579348883743,11.2727443851129,-2.6216375434732644,-4.252132408772855,0.7728813967263757,-1.586924764551678,2.025660230191489,1.0363653839475624,2.2807669969268494,3.111285570152659,5.295785860708808,0.8115357061557702,-0.811505857686144,-5.592143682938215,3.8781577817519755,3.0775085680189815,-0.4431836975116732,7.699126893002303,4.873769928422731,1.8233426877293542,0.0004164803366487613,-5.829521214959546,-1.2064838613196542,-5.313564814614595,6.36582505506451,3.604561048126694,3.732630533175842,2.7726937572757935,2.1950191313045333,3.023096388409121,-1.6927763781947203,-0.6229505440039426,-1.6359745567990842,2.5932809815654885,10.00956703256223,6.259113272425398,-1.0220837486132963,4.849293230756099,10.263463193327956,-1.3997808659650506,4.1947424342338975,2.3959491016543204,6.754491564190238
2.4374242284144514,-1.7448171005401858,1.2271590390814597,-0.27692766900824606,-0.4918462600504059,-0.04445944176518435,-0.4154568025137337,0.5538912441436821,-0.11254621866476222,1.6238996364022198,-1.0260194231841786,-1.1083153100084782,1.691182693117837,0.8383832916802478,0.8705040663879577,1.226704452866177,-1.6143432852968895,2.5514594323648723,-0.4651888861456314,0.757671721849372,-1.3477045702040675,2.110171631033565,2.442878973356522,-2.7782563037036505,0.6773048533360412,0.30792611585135843,-2.210648840005625,-2.5735900983744195,0.607810073179407,1.1639353651388433,2.266943807806052,0.524733919053189,-0.2325958633091837,6.824497813449735,3.835866876033289,2.7877008291332794,0.6528797986556666,2.1852817806633773,2.2749879386460705,6.777284867295284,4.28625222231333,-2.0297812749130086,1.3030170769683094,3.1461950802722676,1.3804136754859473,3.643686280118349,-3.3650829296310967,0.39429130750474406,0.9304491678421435,1.6590144309926298,4.057392627622798,0.38665982749726213,3.350421898360881,0.11991944709016039,6.868193660228533,5.5480909526133155,-0.23264280228976159,0.2079215664714693,-1.0932068055471984,-2.8099201380343124,2.770581815531074,3.346622141724503,4.218251109630941,6.45156689626583,5.25203725972349,5.085452908044308,-1.0545400569746894,2.8509596259593373,1.7175898216893926,3.2250437671092897,9.183083537940707,2.0285916394293517,1.8892050642006055,4.078243472846177,-2.1681820610520304,3.4644750229121186,5.323456534381792,7.364978467112365,-0.1567562319333231,3.2026149622924702,6.102318945398877,1.2040361770091257,-8.282492555254498,-0.9701724480277851,2.632286954624155,-5.04736219478629,6.537826453605674,2.6732447164427224,4.494283537983572,0.48313176879563274,0.9189560739193694,2.2693343093387397,-2.944365215035983,4.975514221147825,0.34206900162463777,-2.6140110700869803,4.69750707248005,0.7660141468553234,2.6597137519415357,2.383925275416736
-0.6891365506762411,-1.1382608152012001,1.826049169976926,0.4452598472167628,0.29254271349883265,-1.4234029060782216,-0.049536719470653356,-0.662209626741632,0.7184544435273784,0.9632647392910624,-0.1947224649547341,0.5481843159121447,0.8655453436977788,1.4077214288802111,-0.8323425879406176,0.9950765436448783,0.149885150512148,-1.9680944164826524,0.9144050095780734,2.4430576218280713,-0.6426578854368933,-1.9065718717616962,-0.7597362636419238,0.9834082663915089,-1.4349341394357236,-1.929243006301947,-0.9513355952686093,-0.2986574009897892,1.303059201505493,0.6269873275876092,5.630552300055055,2.883058068400916,5.789806932412638,2.66091097454554,4.1854198230400215,4.419663760191351,0.34506666519561147,5.134329250474458,0.37810147851190457,5.809068145212899,1.0329835665981995,4.300719444495107,4.026308383878144,3.942568344275736,4.793359132032596,6.754279752688794,3.679421476574786,3.750532409220598,7.042449379210429,-0.2758890359357902,3.5235029325630047,4.0644040280136045,7.414585579797693,4.028850798743325,5.698038756969206,0.7657294530459873,1.0471961332721975,0.6644759226963777,2.4258607240018617,3.995295361228927,5.021513816552984,1.9536222628652902,5.100408424431316,-0.062395332081394264,4.911534700270939,-0.3636477648770574,2.266273284858526,1.4059583899734918,4.916128927768357,4.143658471880547,-0.3307011838832671,7.203522075323284,4.618704050027327,1.727078569457346,2.969038904320688,2.7859549345488044,7.215507594301875,4.894202180760478,-0.9796849851203452,3.185685244622086,4.380508647514901,-0.22380006649094236,5.204076024848522,2.1680677766345595,2.1096218446192694,5.937266680424379,-0.13786940847313292,3.94499024794077,3.0573152935107597,-0.6697483228596051,2.6387801528592645,2.9760846782773642,4.745717465192813,3.882671569679065,2.294456488267844,6.4717344234224905,4.871715881849326,1.427949150256362,1.8561705976573053,5.5309020059794305
1.1747842113109987,0.9809013611681778,-0.7251667025926618,0.8488435646955164,-0.966733740591822,-0.6615863745212818,-1.0251550464779862,0.5014103085762432,0.5846035815009234,1.1503904496284707,0.9950193454806876,0.0037738752695212208,0.7217179127970863,0.12549208343972812,0.1015919638459235,-0.7546560066978176,0.671569741635358,0.037548315645289154,-1.4259178331522975,-1.4761098474275915,0.9722389912416206,-1.4558484087343613,0.4440848046884341,0.250068768709225,0.3747370522436346,1.3943621860150568,-0.6220979823200021,0.35459431131607067,1.5996440081974463,1.368557666215806,4.2414150344852874,5.64144391372254,4.163027537890644,0.992083910490276,4.9741462823241696,4.58041044210335,2.625686561432592,5.500480064197624,4.969046640044882,5.9974633916710625,1.8672191441938732,1.5808791134708828,5.078394938351874,4.1968799790798785,5.3755848540793405,5.867316758814761,0.8154775970690684,2.1530489747705897,6.1718638464080104,5.940555594524902,3.8466901525329136,0.833545744694379,1.2064078626596588,3.8450470658306766,2.366411947288117,-0.9338995568680787,3.18125785247516,2.635836097566247,1.4172256905587286,2.5684783389905754,3.903050611495941,3.81019120213886,3.2737755175610803,2.0530531638737486,5.404274082744296,4.762784181556611,0.8919549429120059,1.4834960062618439,5.342531043704752,3.002186131975881,2.938717977029012,3.9559518811219254,6.878270384971761,1.5221150682675466,2.219229540666863,1.1227852678913282,4.6104808944058275,4.305487550038367,1.1363538095832388,-0.5267241037029994,2.984022688458606,1.1000264866596288,2.782565053980466,3.291233138266077,3.8563534178399306,3.554383980865587,2.9681150038190975,-1.92992915516175,3.3998668068573465,2.3154746026746156,0.6235130107370404,1.3493676676310598,3.4684278153649055,5.17102628568956,1.8140750097910763,2.130885898089304,0.9456555222931788,0.5534968770993518,4.055727515826198,2.8155119574460223
0.6433324426408137,0.3192912032414288,1.9766940231271692,-0.6397913646593232,-1.0826751885455694,0.1961956381089925,0.17064362628235666,0.44663171281762953,-1.2146570113101856,-1.8115566230897733,-0.047400512920495574,-1.4721294178187376,-1.1486844924905857,0.38398240231795944,-0.7152074286838972,-0.06659313219080812,0.13704519871632015,0.752248393324498,-0.9060215038988058,0.9339811155522751,-2.629037974245976,1.7074997164366696,-1.2086076665645253,-1.9503919735913424,0.3690874907881234,-0.22269190011390239,-2.5085242683351723,0.46648348736767736,1.0288188301358094,-0.05600738692084378,-6.287643661508182,-2.965628384399334,-2.511951594068832,-3.7960315757626444,-1.6146678808535664,-3.5962088956666864,-4.5721809757444625,-4.797978885663264,-5.69890842986706,-1.8185867369053628,-1.3469160696661349,-5.709643422069941,-2.980586617821049,-1.7020682077938412,-4.283947190550273,-1.5427629466772177,-9.107582328633065,-5.715630814358197,-8.315702083882641,0.03527448503260056,-4.080019745327324,-7.0294318849180675,-2.9295869878265477,-5.453866242773415,-2.5517853068996756,-3.7478035937045395,-6.953767107999868,1.514476772710426,-7.273094570121318,-5.218825633619933,-2.159310171485144,-3.9191691136973734,-5.5095914009763085,-2.490344089191175,-2.8858096641317355,-1.7355941675604136,-7.214942982084327,-4.239473268016315,-4.58729773584121,-1.2032849229554268,3.2329185612003677,-2.4904305170174794,-5.035904268774451,-4.287022290558073,-6.796906955871983,-1.4602718034053672,-1.4941957343258054,-3.353000500661012,-2.103730057594335,-2.957942693816369,-5.323885526149692,-7.742458479431045,-10.391687954770878,-2.885334227322074,-3.6427000929713733,-3.3705484963950605,-0.9499756732443043,-1.8658835792617918,-3.6002235318547497,1.2734067383733183,-6.218952399757175,-1.089029570111136,-8.707465635829648,-5.597301749781334,-0.7141078103006009,-3.32525679967457,-1.6472204128611463,-4.822234337452755,-3.3295600429317895,0.07780846007734442
0.6735151573380207,0.8187534321514526,-0.50613124741857,-1.7341137086647123,-1.429031760322051,1.4325884569305445,-0.154715627905346,-0.9858060637520969,-2.4183913046199543,-1.2816499159060395,-0.5668001327493241,-0.18366468501538313,-0.9445735824533003,-1.5029282743201569,1.1911609918832684,0.2425092338286987,-0.08352545864111459,-0.024429311083197097,-0.882606168203252,-1.0761235834627887,1.8492950064022053,1.049071844835351,0.32222453644804705,1.0464247358079062,1.1015240659229022,1.327677456473035,-0.5764755746622956,-0.6659646131561536,0.9046595090030655,0.6705068003699741,-3.3469388853082624,-2.922825629173147,-2.471703561420079,-3.220217304525984,-3.818621147580287,-3.016335193189752,-4.115647617763905,-1.5842026065581465,0.9520008252595833,-5.684947089800251,-4.631466166226181,-5.013945336855558,-2.3622047367233723,-3.3768607578422767,-3.7635133935757836,-5.594552111712024,-1.3041615278770546,-1.4256262409194065,-5.6131716688101,0.1628683468734552,-5.255137738446385,-3.5771324361196792,-5.415069884335602,0.1285692183801621,-6.692317372502853,-1.8731716451946574,-5.240515415884929,1.6682429531513785,-3.7454801793941956,-3.2136353795908463,-2.1479742374994357,-2.9602962529281944,-8.686015713648512,0.07924104524847636,-9.553730164382817,-3.8814055610866065,1.0859091114011168,3.3299380791551676,-5.765118625901537,-5.434617631542778,-4.813605273637543,-7.844720099789792,-5.699987200843529,1.9212363628797375,-0.940015930933582,-3.6008209486489555,-6.24690263681519,-8.826198757541524,-1.2099231572669509,-2.5839295321727422,-6.442647348561152,-3.084754148601595,-1.0562488367401883,-2.218170759555473,1.7771784650518503,-6.000106042231987,-2.630166849383645,-7.337214310926541,-1.641281607392385,-1.6317687334372335,0.816187500616419,-4.093794292012467,2.1010971097991242,-2.7142590882112163,1.897600217748818,-7.541868192434772,-5.281449203942194,-1.3214495382359863,-2.1186348103491492,-2.874394257138703
-1.4690509803859602,0.6053420918753023,-1.7985992429130717,0.18673942234020208,0.13922564449188918,-0.6638815572967043,-0.6125609040067072,2.0585353631782954,-1.3605539937024538,1.2687105354328179,1.3513169193704786,-2.2931308848013594,-0.18845351040265435,0.17999956064829634,0.48542666115006494,0.9016592900497258,-0.054228685458623443,-0.4498500007976638,-2.2393383144883314,-0.5778354143466831,0.6642918358057087,1.59966970625339,-2.3324893053194335,-0.05955865910134178,-0.18176700306010024,0.13338592630597676,-0.5556204254242382,-0.3553051486344652,-0.772903084097906,0.17165071868229465,-7.286771830139189,-1.7770649450582252,-3.7192929738460974,-5.716245411641572,-4.389365716288505,-1.6678060240344394,-6.48232737778893,-6.597411962833657,-5.816388730588,-8.335715485393152,-5.362321506949043,-6.521511870648961,-6.863015370345604,-4.134260243841907,-6.145596275881093,-5.34113792200346,-6.729725896228035,-2.8319199635516368,-9.786970656784648,-0.32327565584000273,-6.659705986209457,-5.994467913468519,-6.719737832591857,-3.979857332042629,-4.983413605942582,-1.248608314808295,-6.058678411190626,-2.282586672258829,-7.383617449250431,-7.908745631879959,-10.228310743946151,-1.9194530449588385,-8.754338573198638,-3.9186269091991655,-3.7334755316130344,-0.1482919203276123,-7.033765201961815,-2.7920740832906352,-4.4262817577104885,-3.7111391950970054,-1.1933647630173247,-2.388583822468662,-6.938767722661655,-3.924318415339734,-2.2125684675904713,-1.9680814943337739,-3.6962755460887617,-7.139427596890831,-2.905962643793986,-0.8169733312491554,-4.643474598866496,-3.4292816846372833,-7.259455871928452,-1.9711027910851766,-2.2365232093546257,-3.7602403188367073,-4.30543024107428,-6.5821025130895645,-0.7114164340500122,-3.258301316857981,-4.298568129150846,-2.240916579817414,-6.34813368362663,-6.647545039797156,-1.3485937874132874,-4.427213869690819,-1.1559508741918356,-0.9950169783640337,-6.9743389836978755,-3.0772646987641297
-0.5455507905631929,-1.462592399870225,0.3911482915545348,-2.2701561465261495,0.24268735361962543,-0.6942383856687874,1.3654783042975633,-0.7567500412904233,-0.7530050270713738,0.9321426989375858,2.5894825578148666,-0.7054168550777427,-0.48607826828650214,1.7704142672841976,-0.7645874882454445,2.412422592038171,0.8643451305205588,-0.5831919902515986,0.9088970945293432,0.19506855960031882,2.3582371514039875,-1.2195458079159478,0.6374826807936285,0.09787267355960705,0.2592503493226052,1.4060260415413164,-0.5325620570431292,3.344419450375891,-0.38872086826600794,0.6680106627696718,9.666608390429987,7.300246910638502,9.691477249541329,5.690148328852211,11.411700159020299,8.046118372212241,2.1392342736120975,5.651180066524529,8.719706534729353,12.367204399779075,10.042972951834656,11.54971749541878,8.56081242047124,4.005879141118738,10.476301412150018,6.814431150589572,5.84406783839904,2.7301379069706697,4.22394847282347,2.0015441236057914,9.391806268809034,2.9718518583406217,8.366220280884745,1.4198008858090752,5.175584169377531,5.306065701557979,5.790323086630611,8.197978992489363,4.849624585591878,7.499251493192371,9.019730079585873,5.667602642121005,5.561087507436842,3.0667757102411164,7.363339192256374,0.6769079349185264,6.754049562545517,4.748342009711929,3.4526296232449813,1.1312934651815283,2.2227778073899263,5.871901072706016,14.19367614846864,0.46494672022364436,6.3844344839780245,2.9857311105488638,5.568037614581874,6.566062219969788,5.274735248564257,4.930984806275755,4.908926846866348,1.277151385454747,10.034115514004627,4.127999939830629,3.8926855120799218,7.08306747281555,3.76867716781822,5.5973960423182145,3.6449287319833092,1.9867273794794111,3.032950637161625,4.686826479647243,4.148406205420949,1.8280692328249635,7.095244327708894,3.393380139763531,9.889868163777255,1.3153089174712955,7.251384008978096,0.9618325005384766
-0.7826137433181368,-1.2428563322590338,0.9699904184322153,0.2440270060210663,1.1190889088413718,1.6508407954482898,0.6277363620802716,-0.4181410996714119,-0.524777346241714,0.8407826365642714,0.9022692799788146,-1.010309415928442,-0.9186401312675009,-0.5394994768109881,0.23082669479782375,1.5977962142466282,-0.3941451399866637,0.5605749215608904,1.9723138208844775,2.246282327212418,-1.4691619003562617,-1.1640364215288732,-1.098240958746652,-2.3274546989572666,0.5279019109387659,-1.349604484075892,0.1960016543521416,-0.7829720815626251,-0.4475769630511799,0.31725161945763836,-1.0004858911034562,-4.690323586849504,-1.6938636597294785,4.368868597859581,0.31535307909687404,-1.1482389071022936,-2.864925483761503,-2.581539766346614,-0.8535144840861654,0.4913953654115112,-1.2041278611970345,-2.59372131459383,2.180495324179115,-2.525913724557426,-1.7641877907851482,-2.866130135123883,-0.29212675705535085,-2.5272828896460093,1.740442925649916,-3.2502777433663557,-2.7617501491978222,-2.377701470421536,2.4442338632203566,-3.4397356762201587,6.4203743845051005,1.2472735735090852,1.4350372152661082,-2.2301850995312793,-2.4443674691549275,1.0980014494687453,0.5120784198263462,0.372560517200758,4.243701185231225,-2.313420298895565,0.10497283295525439,-1.9887597298051027,-1.990119961156899,-2.8161159151709727,1.2961031448593152,0.8208877748984345,-0.13484933767401697,-2.670008597275322,-1.4476171387992984,-2.5649039578257327,-5.151413351462145,-2.005572219907068,-3.556203231350822,4.595506845587132,3.4367807278857674,-4.744552496701705,3.132766634946107,-2.559068686084034,-2.1547712908220578,-3.246565428964818,-4.999980109166715,-0.11222302719934318,0.0007454949544288825,-0.5649126125369804,-1.429919606990388,-2.406900412568968,0.5437043243276314,-3.3039768023348097,-3.244973410767021,0.6526635955246469,-4.412482474151748,-0.8291181306616464,3.4262585767601252,-2.7509949931278523,3.6749303136376588,-4.0353730792676945
0.06223980816941574,-0.03210102245624191,-1.5558309422228147,1.136877213519517,-0.6553517061644413,-1.5303370675874943,1.5126636689613173,0.6012342248888107,0.615925334040481,0.9311427651151195,-0.13157824081011016,-1.0319905866352044,0.9300605846151726,-1.864013904193277,1.5122573831594082,0.9531065008022885,-1.6183907459452933,0.7127986800686243,0.33502747803135857,1.6957583824239983,1.5266042935911335,0.14834088077680208,0.12514491041323622,0.536132424660668,-0.23167041574372504,0.9837224501294559,-0.21911540831297743,-0.057970243446970826,-0.6044909011743806,0.6472884450179143,3.2910860672653057,2.553085084724762,2.59521826402876,3.664378162317895,2.0912510017342387,2.1612595307488127,1.1546797400328557,5.455605161873715,1.361828542792242,2.1759665575973086,2.319280901991042,0.13701218581995944,4.823926590947318,4.454315825638353,2.217135381256929,1.2662263842952344,0.4909656828860932,1.9949706193477794,2.6126695662656756,4.577099159485591,0.052783209607766,2.8767003397427566,0.4305444597178234,0.6865745052458345,2.1381970829260055,4.244859895418389,0.33276633977101056,2.1439699941579806,-0.3856100030996866,2.3732275577991273,1.6879024394278392,0.3690963306018257,1.6498138928332777,4.4422126540397295,5.768713648507081,0.1181269332565299,-0.8955910138621078,1.0073178457107215,-0.2766599523186414,3.2712621579914907,1.2877166468350678,-0.8231543746091673,1.894981613592862,0.7744646515103587,1.3220996752791425,0.3340136077543988,1.1755611523583243,1.229199766175834,4.140363192302813,-0.3075438462439975,0.2626258510874613,1.697328856251827,0.0029681286139970897,0.46734746572860014,-0.7453552877297667,2.451082429891502,0.3154571500903164,-2.513920618320344,4.21671266513676,2.2136845085623085,1.750418841113321,1.44351610339434,-1.4092084655334696,3.9809235158851206,-2.264277944455683,-2.1857453594688367,2.893585066895389,1.9830452071358988,4.966863417400077,0.6948101030887501
-1.1392670458517238,0.2756838626520509,1.6392603505344583,-1.7263253645136494,0.6681216074925063,0.3475576043417909,-0.5976054885401277,-0.2874309108985676,-0.9856636230177913,-0.9402647591926279,-1.401977219829379,-0.895050685508851,1.038195672478874,-2.6811048631563676,0.21814275543041034,2.285189829651981,0.8807252527568683,1.3932129768376371,-1.6192027389871417,0.16365742443723436,-1.115051647776506,-0.07067728990615599,-0.420988195661405,0.34932860748078026,-1.5937382091243324,-1.506299711447817,1.3416017972011318,-0.24794320104245693,0.8584741863083618,0.6813090477436259,3.052419072759878,-1.3869268242198398,1.1090083310244279,3.8437202262566856,-2.164253949620671,-2.1958123773938962,-1.2892709054378657,0.8368160454617868,1.8542816155403,0.770387983851962,-4.974374263117336,0.7818781594967309,2.6556147715340592,1.0786621738360183,-0.7717984162942116,1.019171210250053,1.0743293571723393,1.6689365497070803,-3.8151280049085052,-1.2739678859856065,-1.8261692159962781,2.2629618258538837,3.179920223533152,2.9523835894775323,0.518352353400754,1.2997250741546875,-2.7691695533528025,-2.2264533137931037,0.6201103602549747,-1.8835389942226273,-0.3997835380194938,-3.6472950259847114,-1.225776956693408,1.4366550993475564,-2.778105032631678,2.455144709510548,5.100053460661722,0.5140904777232489,-3.026474183161094,-2.124649633927628,-0.1387735776125527,1.3669171669163123,-1.0481752883314621,4.157365161288382,5.487751395593986,5.30432630431621,-1.9845686268092355,-2.987548229290243,-6.981207628978754,-1.627658748328731,1.4683848312104346,1.919875424341686,-0.5441595058286469,1.3461889634705968,4.510070374614165,-5.297482362777434,2.418476495793601,0.7405956087226222,0.9751496304351982,-3.1117253178545865,3.1750117744805757,3.9008806963371963,5.6560084131203645,4.367652280244613,4.063622488405843,-1.0035951248387232,-0.7222128893675248,0.4834195033505695,-1.0331490041267044,3.2161212263005576
-0.5124751646164967,-1.0702991949533376,-1.282541091087479,0.24736655777841,2.033889386775513,0.39393921994117975,1.1482784121663576,-1.308578580476956,-0.5323728438884525,0.6767648046225923,0.708668758212056,0.369000743186228,-0.5111197083111414,1.4337378454746528,-1.5230422263242414,-1.8760845944489404,0.5965608831997782,1.3411987658884683,0.26511569561770465,1.9409100753851614,-0.2978187369522759,0.4464262377508319,-0.006009130422942155,0.35526517065919416,0.6575153500114063,0.06505874107781223,-0.7224611758162697,0.8919025811186376,-0.4039288046835146,1.1090151220087034,4.453628434599077,3.0642098026002413,3.045657649994599,3.1532572588150907,1.7186597100614125,1.8393107578212413,3.174315683822213,2.6414001748877975,2.156396516130667,5.8536056395505955,4.340128720597285,3.777027887457457,3.723545407213348,2.118717812196286,5.830167329606525,4.259944515770131,-0.050570789859324616,-0.1830343705283864,3.312633999154175,2.1339424777037816,1.3788801381083666,-1.3677106052674328,6.097697767841177,-1.4813773186875732,2.0737691274127927,0.815162400868593,1.5616291839199237,-0.035721889807136475,0.9814445817186495,7.247600876888688,6.073767113727964,0.35337284854831325,2.071254591411886,0.38319018202007904,5.437453136754941,0.7759806846767153,3.3534836745359953,0.9414116120696863,-3.7442667331251562,1.8572647070733643,0.5292065660596013,-2.4062379809282297,5.567059050076738,-0.8418739545383017,-1.507762082510728,-2.0608974472295722,2.5399118483705116,0.36291320189147114,2.2909635158057666,1.3795741561307444,-0.08971489975301822,-1.8304175111875307,2.772891910143479,-2.2739850201949237,1.4656010291768324,-0.520305841307258,1.1371794480706354,2.05543667438954,-0.7969822897006484,0.2666784730867102,-1.821164322725229,0.9142469801943081,-0.37027930140280596,1.2384103158194433,-0.3584752665086659,0.14603383685044535,2.5804848873538573,-2.678693061836476,6.148709736634848,0.6990567473375561
-1.5394597748068586,1.4104017563134805,1.6564323887144679,0.918141244961039,-0.45920953220093447,-0.2689536512950148,1.0851836316141052,-0.15110491742163795,1.2430659205316492,-1.09164591292353,2.02247390796919,0.6160289101586365,0.7266338445479457,0.8542313046039878,1.2595661321571185,-0.1268531857830673,-0.867447530227174,0.09695825957244802,1.1585774253213081,-2.7784211348993773,-0.7193549931528578,0.7385892095848234,1.934359372256593,-0.20978851672844168,0.10697334102092289,-0.16832948473734655,-0.7351518964166719,0.6026997817253681,-1.0012333956655215,1.7808964635571802,9.364630051424902,7.301349083927864,4.794415325841377,3.792260242690185,5.995937348345359,5.703459256653582,6.786235874799076,8.418736715749393,10.377329896185284,7.0735746386874805,8.11769526070742,7.094916264952219,9.08324103618933,3.553219030071896,5.035254283501869,5.770972744747155,8.287488059393565,2.1269047758433137,4.5899020220735265,7.760012826982548,6.738313163897192,2.5388543229494385,7.00473207042763,6.823650526410654,8.311364462769072,3.5211432979641373,6.397986133500259,4.599115929455621,5.772013430350451,6.381431615582546,8.180876681486726,10.953395957458689,4.640675086705585,4.037460922396799,9.054266090665795,9.164446118169291,7.261394276602637,7.369375106223135,10.044729465145835,5.018419208390192,7.890756015067245,9.106321017009014,5.1269369010777295,6.696360743034974,6.21227879789222,5.029776725123246,1.900553927650058,6.56583871165472,5.979078423987257,6.252233183926202,4.730150893374916,6.270773361193913,7.288885611185597,8.660463626246813,4.048500066600628,4.477178295035546,6.602501477176551,9.542755430723723,6.9754071923973,5.199743759686221,5.619957298454235,5.863862254642389,2.7220284886518273,3.647041546654613,3.282224402795741,7.60298639698042,5.215122652130754,4.0542804903209895,5.214259992645022,6.772342661331334
1.5208475535291655,1.3169617139613925,0.8625910602678355,-0.055007553542232246,1.183539384842031,0.18594049403429042,-2.2639070442346365,1.901187614846729,-0.05189658428988653,0.2670312895662701,-2.1513266711214905,1.4378591386933093,-0.9181871640494237,-1.1621774817623791,1.8459077253332068,-2.7312823662802015,-0.611380602201327,-0.19207783938113215,0.27862868883376013,0.4248428129709125,-0.17815059393141824,0.5193193862565485,0.16529868012662652,-0.045843041265808,-0.2261786787908528,0.051188345346906416,2.0414116114737677,1.4228738727811077,-2.536597055208749,-0.21802039165451104,0.2401446590327078,-1.6162182546418005,-2.666197329026319,1.4546703831458387,-0.7167737547226773,-2.0977506781021917,3.6910182892532535,-0.2068402427893087,-0.7739940129305701,-4.391596769667256,-1.740119663937944,-0.7299226693750851,-1.640681063355852,-1.4035993755084706,-3.653208299262084,-4.869477812363311,0.10171775164257499,3.728484917843274,-2.8849387146968875,0.7830728525393402,1.323206395554355,1.9168233523727574,-1.1421112742371033,1.5058788149502247,-2.2039938897635003,2.237071137381122,1.1507084405747299,-1.494540449601522,0.34131923952746157,-2.174086576830228,-3.403140456056912,1.331261444337786,-1.1059150811456306,1.8365844695906148,-3.0521770524874947,3.41642202651165,0.7187093926015274,0.2071013626602751,0.08300116263597238,-3.3272454424836253,3.264024913555004,1.861323398251995,-5.042003064684799,2.7327336260405053,2.6743388072578695,1.9335868237244447,-5.325551646550403,2.64360490708631,3.7841579506968235,0.5217523497600638,2.4723217669503965,3.6322196881123294,-2.3508502317487654,3.319746516222473,1.3330579387817327,1.658873154737072,0.6400700926307208,3.010425672992442,1.2178449908561872,5.524918489228616,2.094046862500776,-1.8383629164000364,1.7294938348644822,8.155284272711192,-1.185347535890799,-1.0928843088540008,-3.6909959017978338,0.7029230916246242,-2.9075843949384894,-0.3240303776232303
0.022453682314369117,-0.8308568027687973,0.45334792219794284,0.49551583994355586,0.5677787547047134,0.39011176464739805,-0.3239614965490688,1.7796023871235638,0.7645623421061577,0.56583148235236,1.7850034190859527,1.9494872252556743,0.16728929471479626,1.960749143511714,-1.4199914683885868,0.4827787987682267,-0.20518582209977565,1.291205421156367,1.0167767573313462,-0.5292849962576363,-1.540477798956563,-2.2214622272905173,1.2941065220436567,-0.8227790053762969,-0.7445163591752295,0.9591937038166016,0.7702987835755502,0.9904508217067489,2.7294858869988303,0.9024238779814663,13.037257560329392,9.693807085839552,11.235785640464472,11.962491891113233,10.775480833114349,9.423757675141236,8.296952617496714,11.015945162226803,13.557836883798632,12.629043587512745,7.683186165504746,14.008115550392672,10.351392839356743,8.48655013881162,11.77410808649555,10.93697038564286,8.586312386724297,4.630163904955009,8.250724853758161,6.583948402315948,8.632090782247282,7.045109176041224,12.135727683913153,9.186481938872161,6.036960982931449,4.061751976497707,7.0258127218594115,4.005040024718701,9.361011501897323,7.850394340570012,12.090332121313534,5.687937504872739,8.423163839678917,6.58621160015595,6.293999289774013,4.943561544573561,8.436252858161929,9.505584275981285,8.98008964242044,5.319921267487247,6.847152627090259,11.05098322191806,11.97886490575509,8.54332301345056,5.517253817903359,10.054599922987741,5.282660004492015,9.71799940540927,6.206305578004401,6.41937056836675,12.770950761744945,2.946559063360123,10.185293074559546,7.900753250654627,3.9539880125343516,12.01384159004944,10.566192764988898,11.560173764610193,1.3752818018253066,3.3437361090532858,4.95885888285948,6.971132667479568,5.789698008046491,9.040613968697844,5.9305284116863035,8.862228565937471,4.1165664593034,0.8996601948805439,9.466350078327169,8.892251699772238
-0.3356453956182524,-1.2720592434071971,1.185726854480589,1.3799529302595515,0.13314424633138083,-0.703404151655172,1.7826421248624635,-0.6323447194843129,-1.145863556100733,-1.1455150521305417,-0.2434969506403573,-0.5699263404676896,1.885449181892862,-0.4789865944712134,1.642238189848158,-2.2484620214155693,-0.14019749002408155,0.08025888360324007,-0.2848445095791166,0.33273065242318745,-3.92970206851171,-0.41377735414016237,-0.8211642107526909,-0.4116135298613236,-0.2255539018639048,0.3044237069878789,-1.156185362732435,0.0502272248588341,-0.10743266316559173,-0.27440585609070267,-3.669072244736997,-2.20840115889723,-2.804524808973048,-3.1845107645632216,-4.353745990691748,-3.223372924774652,0.951150294377238,0.10599720523009015,-3.858202466964372,-3.1118354438230305,-1.0167133578920695,-4.771137052286197,-4.861043339178656,-1.1861651048431185,-4.342931051346249,-1.8737124049581757,-3.0369764944056095,-3.3709017379003114,1.7410409240449223,1.821411859825215,-4.218338037885167,-2.016893803602741,-1.6431557009597462,-2.4986363134030167,-1.2743436035788158,-2.427768988347791,-1.874062593138578,-0.9925616727901931,-4.937829592415197,4.977426459538846,-4.242052713525439,-3.0928567574552095,1.4615667209907084,0.7202261495085879,-0.9981462670064252,-2.401361197366234,-6.397758345438412,-4.098409394966632,0.33703032692512963,2.673974827351861,0.7142329410052854,-0.31466871469025715,-3.85192280002315,-4.491609888459485,-4.103479652665721,-0.7650304179923364,-1.5819593387013302,2.5356844162317698,0.4206206403502075,-2.879782951166275,-2.032467735650118,-5.079187453540075,-2.1132124664886556,-0.15392887960704515,-3.6299336191260614,-0.7902829545851542,-1.920965985529865,-1.8614407000628346,-3.303121560472754,0.3850665148401796,-2.299140748007217,-1.601307202604732,-4.846742299375287,0.025300932379669683,-4.297418345707442,-1.0247751664506126,-4.459094145248207,-4.154860290204448,0.10042458302040208,-0.6443715166934295
-0.048221264365984506,-0.7709839691149811,-1.2711893874823477,1.6120275414031446,-0.6742494844980794,0.23660048199639777,-0.3490815435191529,2.0448572251231125,-0.27789304887011246,1.8196155935684666,1.8216001301608409,-0.14843343321503916,-1.575437909052263,0.2452539632145901,-1.003780053920834,1.0033914016951395,1.8126630635496606,0.7666418830828241,0.43897095311424617,-0.5295132954438178,0.2059062267156053,-1.5895299322921477,-1.2713356896819483,-0.1673494072422047,-0.37580624336567175,-1.2103766237517664,0.1851211964738143,1.3197421900380568,0.5428541043572659,1.558374842228572,3.7985998069800644,1.6463142465563587,3.4053091008293572,4.202040876074927,-0.19971044465153084,5.147334089169669,1.8183090085274127,1.8150527490966337,3.040543528177621,1.2024551065916338,0.7377830817225484,2.706197218570856,5.880477458657097,0.22937555903717355,3.8356890165898614,3.3476467719843885,3.1682989323814166,1.543169265584584,5.086182606344092,2.6425936093323994,-2.470513589612564,0.09644863902512169,-0.15965861316274438,3.138458306505361,1.4142381005545936,-2.4052295663611862,0.7006074011078163,-0.14354563391504727,2.8854522190105563,3.005855232712335,0.5987660276545219,-0.015328392353443687,0.9002868312475684,-1.0033082936261153,3.193825627095083,0.8592366633082121,-1.164265917399313,1.106471667497816,0.8783585633315082,0.4665235855285041,-0.46452644960085876,4.1980006756783075,4.267209290087858,2.017238855287187,-0.35264367736313407,3.419940544630988,1.5361331628201502,0.2758248815883606,-1.9272033035119271,-0.8461441312994109,-0.8106031186124142,-0.64857335361975,0.9568730771261368,1.2619603085001654,1.492366448282068,7.8714135387953466,2.2855734316549823,0.7521948317692102,1.6942518160687428,-3.0711157294268814,-1.8338449160145842,1.329284653619605,-0.4555409755556911,1.309398839759641,0.6039240704214386,3.0621919602809924,-0.6270083735518643,2.1769091029297276,5.50064294580305,1.955565639344971
0.7034271347693573,-0.46815806233210067,0.8998184982459554,0.2928439059452259,0.07923632836989797,0.7175328186887353,-0.4788861252447371,-0.34383280516850917,0.44360826820281185,1.613798069179527,-0.6798553475267932,0.8058922118289118,-0.5626329536050856,1.7445086260508225,-0.630052168309771,-0.3002927066284111,0.05225366512170656,0.7894573702402157,-1.9054537322161142,-1.2062555927328764,1.9488045667632932,1.3561054699243962,-0.3245753557651025,-2.0754496795553226,0.9551428399038229,1.242702289722811,-0.6483935316312851,-1.1269022649722498,1.166110164645092,0.7996508162631228,3.067514944581703,4.382619438837648,3.783659524352629,1.3528742256792397,3.373760564694722,4.532559182827032,-1.17568239120322,2.5792172568288225,0.25559976104841364,3.7726552535457536,2.9278495341235935,0.56700776614263,-1.9481476177955803,4.418709315277023,2.422503034321916,7.976442995167581,-2.3183694839899944,0.7943677304958867,2.7297744460412217,7.079127818658512,2.34055227653063,-1.0813564476828852,1.5640806266391378,4.963715808774678,1.3902218660711927,2.7124541293508435,5.607701131217598,0.27897521691323746,0.7330894703744321,0.4602749784584948,1.9228046901655431,4.7102677353052105,0.9211911499525003,1.4591494624207617,1.1833839981404073,2.075068658134892,1.933244785728024,2.4259945061310284,2.337546024542532,4.078675036091645,3.3842955494210587,1.599591664303397,3.0148961838760497,3.598274923003009,0.7079136520692197,1.1485377023755061,4.782352990065981,1.819058778904299,7.115895210537092,6.18491848130334,3.053509968385932,-0.14866037669393328,1.6475032106350052,0.01062483913316048,1.022138723517093,1.4871087851699762,3.367414993637742,0.21302187555926388,1.4739810341973982,1.2725232054985727,3.6081847534377216,0.9467019742103957,2.5326413941231167,2.9420027352432356,2.920218897763721,0.7571560326058605,4.580935431586722,-0.29112494117828186,1.4880379241826591,0.8013488556546491
0.7507847276532424,-2.581243138670576,0.27967574798622175,1.3749915172411395,-0.5021431821230933,-1.8859863453657795,0.16565195988616782,0.15638349319402603,-0.39677802047704364,1.9966839030801744,-1.9775461526270823,-1.50281738608856,-0.28364795114743435,-0.22367992396918024,0.05743973671270283,3.033508583840305,-0.5247858881790333,1.5740729334245316,1.0001633572860789,-1.043454872038905,-0.27788276130295114,0.09458640156090858,0.14051971490632548,-0.9641036592842396,-0.7502647803690514,0.2305511623620733,-1.3903482371535418,1.6843510325933972,1.871627475261501,-0.679281271679278,-2.3952107592766927,-4.834180853373062,-5.281440761699041,1.0321400763460384,-4.214518299678285,-4.893786635203143,-5.857154944802563,-1.3475284338885587,0.40230752715510604,-0.5681631985046045,-5.360943542787178,-2.392008247337941,-0.7236222694997932,-0.10530743009487288,-4.72597571327522,-4.958483608777957,-2.267390006041527,-4.060056658142475,-6.004023371328435,-3.2062338910797537,-3.0528760360623157,-0.8601757901000465,-5.402837117011064,0.4292073632591099,-4.9480908694739645,-2.005135180955454,-5.804086553702626,-3.977760309034902,-0.4033209114282158,-6.641700764086443,-4.818253246668724,-5.932681526789127,-5.8252661857441455,-0.13180224386204964,-4.764278358559384,-5.811503618106727,-3.365486077562427,1.2484769753482805,-5.50759610108458,-3.3785943253882795,-4.642616838018659,-1.1748545183598604,-2.041775276879118,-0.15732917274889846,-2.45528938136422,1.9271539262713626,-4.52872333553235,-3.5553186839538355,-7.637145419433465,-2.6450092351009697,-6.301445047432541,-2.763164625197895,-3.2796549116790232,-2.002103850245966,-2.2775910630974057,-3.6921993396893384,1.041044807362172,-3.907360040894331,-2.8193348974710557,-7.3048890161253635,-2.419061301982206,0.9377833877978548,-3.0100904346234003,-1.8064376421434154,-0.8309245942161669,-0.8899540944231414,-5.631876014832587,-0.1372496646812923,0.15403971310930847,1.2199535824291154
1.3890365891293235,-1.0527602747873064,-0.7222805470630685,-0.7316825623288052,-0.1336176499151563,1.325642541097504,-1.0744001848432039,1.5618703111959853,-0.7740475413582253,-0.6166801498730174,2.2596434488804804,-0.08564268062600922,-0.129847180222253,-0.13246198030682965,0.21881651252679057,-1.1322303579773634,1.3642121496118542,0.9044800407978754,-1.0666652322741372,-0.7564937973425814,-0.14392939403196253,-0.6103046635495627,-0.1348651352441781,-0.015007599617585377,0.3048665146324836,1.8502933379502473,3.1049278778686826,-0.24539780566982616,-0.25145298396587323,1.389507810889389,1.8127387466748914,4.50473031816033,4.564097825236621,1.7570742526237444,1.3625820200002643,3.209871464435027,4.068732103215854,0.3628816572621969,2.582714367936199,1.426337958266807,2.36538231839375,1.3649864183568996,4.0172263877237535,-0.6850957875883334,1.28415527936221,1.4245782403770582,-2.365512075884817,0.9095454945900094,0.6562157984437879,2.0421433104143603,1.87484352683901,0.7300444829900445,2.7395107676900032,0.7792758397601647,0.9453168844220801,-0.044802869361385084,0.6349443022109423,2.784483749122722,-1.1185196554848686,4.70396755837297,1.9247413476653135,0.7881938932220445,2.949528756482848,0.39470393875027854,1.537162636997898,5.512334042973062,-2.072115172477844,-1.3086139543958906,0.050053790747945526,2.595068416087123,6.1043560764180045,1.2082537945136735,2.6232600213778285,0.41733306214608046,-1.0326405734784114,1.2386190075519747,1.781539897254171,2.7868667174696236,2.2101743700953724,0.6451816004028941,5.582686991569996,-0.3610831015103094,0.8153936911993878,-0.6087889675644573,0.30481451070405674,4.83889002837926,-0.41537981557765824,0.13964591308386642,-2.3206883053937473,3.077694166290218,-1.4961103314725768,-0.10908370678186893,0.9652405188906283,3.169668006220685,-1.1358897273533486,0.016229674197671295,-0.7360531534406127,1.059370218989707,3.6788001307486584,-0.9299851471505477
-1.8729995817142606,0.9890134651758866,0.996510747998516,-1.9686407861692903,-0.2842452924296589,0.8697984605795895,-0.2083538384079773,0.6117289782762909,1.39147498793941,-1.109654002912446,-1.743990759299706,-0.4360613540735056,0.7062763673184325,1.261146477866576,1.2747237633160526,0.2866406692510701,0.3108616392140622,0.6319218649990125,-1.08459594478681,0.07027225436983553,1.2432487030467396,0.25418849201091887,1.900344789687595,-0.17503907519301629,-0.5414881861358481,-1.592130065743508,0.2358493843363687,1.7068773390015541,-1.8830867884577749,1.1010653516360602,1.4374988267940454,0.555077621891723,-1.7450392315160812,1.731948224884575,2.1968777025041937,3.4001712225981002,-0.5319007197263745,-2.578086513846638,-2.024673363961213,-1.3270097952596838,-1.12206908824511,-1.993593653755519,1.2430858428370646,-0.489551787847457,-2.4606775371830905,-1.1441753993296642,3.1437025751388203,4.135692846619682,-2.8494555158216484,1.07468300513142,0.690667374521993,2.390998421420117,1.711745326046099,1.1445595869682745,2.724227817955756,1.417071808201278,-0.1924940018112854,-0.03451070383929761,0.8093965743481888,-2.156934067214971,0.4748819187747046,2.864464718662106,0.5245578352718456,0.7095414123073751,-0.7557676045876992,1.9279375818018625,2.4146698812805947,0.48821571723806734,2.100255254643078,-3.3226725140161095,4.165212927086343,-0.31360420956545365,-1.3841725793269088,2.7402123767003648,4.0251032090226815,2.4012725128607975,-0.6060410341149518,-0.2891979853495046,-1.0030680490336745,1.0249164135623143,0.6421835272445053,2.5910331981148227,-1.3213982956400554,4.426664722335667,2.7812354204778114,0.6073203939155587,-0.9769501767318227,3.609737407701316,5.70515963367345,4.1212851738281175,2.8689631257658155,2.243479803614023,2.261313110722,4.007794687268803,1.3831400364638933,-4.077698968502572,1.9001289721750672,3.4322817345147003,-1.7693889047686622,0.8868299636747947
1.7118784712163848,0.261096182872013,0.9935759576390253,-0.39988212324685035,0.7173163793701269,-0.9820193644243035,-1.7424549247836718,0.2917543045529693,1.2448149646551947,-0.5045033167106413,2.0067344319871103,0.42236874968520877,1.5095876747345267,-0.16469136807401916,-1.667915990783621,2.4093266795091837,-0.29804006650373743,-1.5743379714789045,-1.6712981596013141,-0.6545074525105873,-0.7580969843109524,-0.624009050964724,1.6889121861733782,0.4833060119335354,-1.1018140293076553,0.48442421566460536,0.5156514490371202,-0.5918306525367125,-0.9471989301484387,0.020673816953868523,-0.7223178108684907,1.4073073435181604,1.4839805048168884,-2.0377400698316053,0.3244782777031579,0.23535426009313398,-0.8435284827444451,0.7263248919256301,-2.6747823572424756,0.7709311896346723,-1.6324016210790209,-0.6025275228646139,-0.8463703284234043,1.7348717965117706,-0.07169380891428956,2.536410927787146,-0.9325853643393884,0.5874185919066011,0.7020098582973915,-3.4239006605395033,3.3599578042968234,2.294643655978039,1.291980352911899,1.6724333782025347,-2.622975370634923,-1.283401948258435,-0.3017943196781575,-1.0627310291190755,0.6277295052689092,-2.5561200353116242,1.4751907361577472,-0.29053607482810956,2.4247061863300865,-1.2415258618309242,2.1816393797533293,3.0194941024923305,-0.22763919924296772,-2.352114962475952,4.3621118328186474,1.7675587093310776,2.9581539103998065,4.106811397626586,0.9130924939272005,-1.949780810434338,3.229760017353856,1.9100998074785687,2.57348382999752,3.7645446957848088,-5.985941805724456,0.7728473181275415,4.116918364105615,0.5999221577142828,1.5731040496453688,4.898189197739562,2.4281813017762146,3.2541491277143977,-2.2944201909994826,1.5280973776799847,-1.0763553480771784,0.7016768228174197,-0.2999068517832299,4.054324408800687,3.987899592440087,0.5854260189886634,-0.3819040132298215,4.838999326829406,0.32967753963793434,2.774148949160864,-1.6472958771262074,5.224819205233594
0.8416087477905151,0.6597031029907446,0.2358512476588992,-0.9096646155003192,-0.15760599802296643,-0.5682820153941983,-1.1068136830931663,-0.84551200786477,-0.19467443038512616,-0.3709467962368864,0.4971222815067272,1.922171490881853,-0.03721123013565625,0.7475832846265489,0.03752095802464425,0.7691278470766968,0.5758092693312846,-0.3365231116114342,-0.3955064444342228,2.006841598118638,-0.5779221687686302,1.672437960386293,-0.6013983942850861,2.0683323989566875,0.1148652824409444,0.46009492311468003,-2.379884683846237,-1.1063168698951378,-0.4304950461938285,0.3327208897128242,3.8995641214868444,2.440222190485987,3.7284515531808182,3.3146436273187754,3.321773185652767,2.9607277935697023,3.2516274581491316,5.930711014027303,4.871126797544431,2.3270092883339553,5.719627395111543,2.2567940810952787,2.2812739514085107,4.428421270368654,5.156146882499393,4.1689311386819075,3.8068736447942206,2.56300317070681,6.354844413201263,3.2644763691193566,6.062333266087665,2.601385667142463,7.676111619092154,3.6495706160510815,0.6200268078581033,2.5011644028693913,2.445393856724587,3.293119168411865,1.255672230180109,3.02574200091642,4.869324095835323,1.789199131167782,0.5733735234060321,3.817049299117781,4.122010663871639,3.4644697997734033,3.8264758783094686,4.52422251635768,2.4876516989117246,2.0386809224794464,-0.08163958068226124,0.7106800529561004,1.1719154884848697,2.1182472514624684,3.404560194926968,0.002496452552651962,2.584000104030302,5.13890762065822,2.6955249529268026,4.448199503213564,2.417174804030745,0.054615950031730365,2.506324017374061,4.388737247741338,4.416050240405923,2.8693598084113776,4.2291237360127445,1.026714485922434,4.7238910456753,2.507714561890905,2.624805256421724,1.0882357338365953,3.636115560517492,2.436188520095109,2.6764506088195494,5.879346551938889,1.6816588251343496,1.0940037626236858,2.9929894249223508,4.954481615858432
1.7408000749534747,-1.1462947255705631,2.7674990261504537,-0.9765005132934603,-0.0057613784577417865,0.5505425888940609,1.4667488700278395,-0.9095188806849273,-1.113360120832622,-0.5707195450911111,-0.838385528729694,1.9764260165300847,1.2408501047709355,-1.3733371366015141,-1.126811091366599,-0.07445239844317625,0.7350271083840041,-0.69729481872448,2.096388826135895,-0.043286116449135284,-1.2547397395667004,-0.2763097790790976,-0.16546109578881757,-0.20264887921556285,0.37665921829929594,0.3857196237318267,0.2744615603461713,-2.2678923535353026,-1.4190999078322117,-0.8943515862522405,1.3447459449304862,-2.038788205037436,-0.3598945572433953,1.3761348736577859,-0.5213528667061417,-3.359038387604734,3.1597912407719977,2.0479783474805697,4.997878101535501,1.5969487235409288,5.881434816017676,2.9447600377881598,1.0995368546201763,1.2621058340547175,0.8965207737470523,1.7522671676525738,2.237684241948791,-1.279470779291138,4.613601710201016,-1.502958682989868,2.353669372818149,-1.1149284251916514,3.174005686164045,-0.5707825023043865,3.012295565425219,7.62593841228764,5.16763722852901,-0.5223599734359041,2.5865903695584156,4.267152250664236,0.6062182595427036,2.364605857426109,4.3706299927518355,1.8042008440272221,1.500812743071183,0.40981054530077876,2.8052324424395607,0.9984405639559959,3.9989870393766314,-0.6056297690776268,1.3590433350829267,-1.0034086721592288,-2.8476050414215743,1.7858762266842272,-1.4440554342378602,1.611005358588666,-1.3354426999150073,4.921576940872356,5.400110737523762,4.690909413654337,2.529520705262139,2.5238019366485998,1.0727617330080794,-0.620271451014251,0.41833168596984327,-2.036156733895473,4.631423599390776,4.97712546776326,1.6636218401745362,0.710988352469586,2.4848672122981337,-0.2044145461735722,-0.7309269038585835,-2.712333194401137,2.2986279967588676,2.5156811641888015,2.145854985807939,1.5137211179470664,1.5744275404969392,0.2199530642149741
0.18365602395463346,2.3855076901854355,0.888710152893305,-1.0843606857282673,-1.00801330157991,-1.1321059254000425,0.269922963178808,0.26705692302674,0.03901315950482842,1.1415796451851241,0.2503886327318661,1.6254761212807565,-0.3742547914182352,0.18930338898703636,-1.0410086055316965,-0.4387459226104209,1.4159158390608297,1.387248699593,-1.6047745904619442,-0.6771970381360831,-0.5465571862076383,1.9579638765090366,1.7930097825101663,-0.9250102370298254,0.38089967140838743,0.7138633023640129,-0.5474458389914153,-0.7399961310700243,0.47035505941591504,2.666865453616039,9.761045085445495,7.3695591215294485,7.756069782378726,8.536854978503417,7.640466893052938,6.989033803873399,5.152015630084898,6.792571407631497,9.49925945399156,6.312876554083834,5.333966279375718,5.874511363985894,7.0505449305175185,8.338789359083902,7.785383638024795,9.060222419481002,5.337123889613819,6.855844759581837,5.124183650635836,9.358490701927275,5.2083247810593,4.463902701551577,11.055753758557064,8.330265092649768,6.385900590149294,4.361065496792127,4.289201097314578,1.9161540404973851,4.474967459291827,2.463148709426356,8.03752346082915,8.232364241316647,2.585305526584707,5.3337791950647455,6.634662329644675,9.391469929427808,10.178783163149339,7.334731570839103,3.59443511618522,3.3349236376619507,6.6795128324984265,8.419492337977202,4.033469230469662,9.89032946950828,9.663427013160724,6.596605180829984,4.012057551395895,4.235410817714355,3.704939933557653,9.015275248623135,6.510159702988737,4.621594641732433,1.9005886068467008,10.20542536538418,8.407549763752524,3.395140428353314,9.118898684836164,7.322552735732022,7.45880926855374,5.07915560424505,6.719689098131198,7.086005853526154,5.184438925269389,6.526617394303014,7.112941755601538,5.496985838774448,3.525408564911438,1.395127529224383,3.2676712129083683,10.01197387111663
-0.047209184767486756,0.6173448720503927,2.3627995502818493,-3.2030977050276053,0.7580153652643815,-1.848583737902728,-0.7516520607019117,1.3022885963723794,-1.4347157253435747,0.6034830864402841,-0.23854929508902423,0.6877776715198202,0.9631825473383999,0.2879417480550836,2.8086387326428106,0.16396252711138548,0.21559779279713254,0.317322293535805,0.05595679418514926,-0.6464058797176084,0.33016070006373965,-0.728723549708341,-0.6287628713396094,-0.3445899822715521,2.4813009084638034,1.6999547137107414,1.0723427527801226,0.6453615770270922,-1.0634941419462205,-0.7572756322906472,0.7457373212428595,-0.1294946949406341,0.876144386417967,1.284925076873918,-1.0704838539265047,-0.3904384271488739,-2.2962303418340126,0.33413701896433085,2.1425562840150665,-3.613899509834282,-2.129403486316934,-0.3785984857175906,-5.209163596718698,-1.4040815125864219,-3.0072303567181473,-1.8461215994407478,0.12275780649137341,0.5641666838270557,-0.24787451935447802,2.2601635143021577,-2.041724365100014,-0.6291705531151026,-0.9386051851602675,2.084862431909713,-0.007044502948991178,3.8315825108878694,2.33661021770039,0.7079534019456428,-3.3094371173896455,-0.2489300873133813,-3.6770223612515363,-0.03285044708645679,0.26860070960058535,2.8317102709078417,-3.2229253159722306,1.1204177614695805,-0.08041894420199798,-0.4026422230820006,1.7777367527548606,1.659625920512396,-1.07224990826137,-1.033382375335544,-1.0999604999985615,0.8693243651649211,6.1732137927122315,0.28185171349273574,-5.115394108537307,5.221283363453198,5.315900357857479,1.0739474112261767,4.102016025458925,-1.9988238019888946,-1.2747662254202023,0.03371049214834039,-0.3068188587564471,-0.5271764118254197,-3.7319230783960795,-3.6291894832269804,-2.1574305464964607,0.9002195626000826,3.6086116625209774,-1.273660595502268,4.396313603413011,1.4713793768029904,-1.782853915703655,-1.4603607647622396,-3.220458536546964,0.7241120352882817,-2.1027495269782546,-2.651240422613296
1.020512223924031,-0.3762285604950146,-0.454104114883643,0.21633109655139646,0.6259782490955608,1.505170441217349,1.0092812276887202,0.9198713546829547,0.46724824850660285,-1.0824433004170957,0.7136932816995518,-0.6080775523404379,2.322163959197266,-0.3122385221203718,-0.8376645295159856,-1.0890170300260997,-0.4594527601231414,-0.20174073946484483,-1.6157136962292993,-2.6056060219661776,-1.2380105636306689,2.3512902471894637,-0.6023410684041383,-1.9295996616585107,-0.6716574819059109,-1.379969515062326,0.966907065557217,-1.3458439283642831,2.0885157529995695,-0.012358283263552039,-3.9454585892357223,0.17769000330234352,-0.878030860038481,-0.8611902594411263,-2.260967886055156,-2.2929223413423143,-1.5496384916917978,-1.2331220146552522,-2.672429160926615,-0.2482832139511797,-6.061283639944848,0.6675817284416612,-2.174633780454718,-0.8621982484315505,-2.8144892261817405,0.00971980066842279,0.21828968296749593,-1.3565531680170742,-3.6952782512437934,1.228512961592033,-4.757958795632353,1.0970484240593916,-2.756824639696865,-0.40167653790210855,-3.3380249216222864,-1.7429659675380784,-0.2826535679235036,-2.791824578978389,2.477219386771361,-2.2013788813646755,-3.810347487661817,0.0023058188020196324,-3.1125408326146333,-2.5836689339071786,-4.270450955715519,1.3628848438757384,0.7659779169076327,0.5178283503312465,-1.4241478794914337,1.1609136390832067,-0.13305529806390887,3.0215190607807756,-2.461118803096579,0.17176928821048693,1.0449947800135053,4.116529250144616,-1.1384038806498886,-5.053055772481353,-4.068787381469976,-0.24556774967026668,-0.8279503877912766,3.475881633098038,-0.32169114691041945,0.1648757421117546,0.41480607077076936,-6.138039150692149,2.9016877460332533,2.786834962270787,-3.919788065716414,-3.38815474474326,3.955193160226442,2.254509274453639,2.037672073177013,-1.960196385275664,1.9078584031422776,3.0389712355707474,-2.4841045687382164,0.3656334998550703,-5.231246605535839,3.169961297802128
1.665481739589614,2.7998389182603622,0.1637994025072756,-0.7415464625802555,1.1245228924597044,-1.0891526011481623,2.2334936207508207,1.1709818128866174,0.3157890100563815,0.8661039908594719,0.08060448413888782,1.4173262506284043,-0.5841171036064917,-0.7048738827061362,-0.043278310186249114,0.2018252118972697,-0.1477820140987047,0.6885972111366435,-0.08806672748986771,0.30800835752217676,-0.8465035825280502,-0.23249753793642758,-1.5881512974414305,1.748174959953428,0.004075270938868558,-1.3979912673382053,0.3977397748082195,0.8907392329665303,-0.06089174194683711,0.20770394512357548,6.572090457875396,5.7039595755367305,6.843179033700844,7.14988299768937,5.209491013477526,6.148871847777739,5.600794416713434,8.008228180985915,8.553612691830157,2.11990484688767,7.032860524663806,8.19744621175532,9.742930352195867,5.129691773677848,7.39675974386455,6.513035216347548,9.119657417034048,7.140590063905068,6.741046182345543,5.695675561465739,2.1394639459726594,5.401404047290493,4.740231559749109,7.166007678192566,3.29207517148061,6.278737209033827,5.028106392428573,9.628003698195975,5.2350701260206485,6.5871881884831485,4.936475582286582,3.574908853849993,3.3204308350536174,5.297521256332161,6.151739852032351,4.614422877990405,7.640139806789658,6.84157690444728,5.9477096430464105,2.931473836849324,2.209706932251108,7.374574189490966,4.792467373783802,6.098083909176845,9.224927847395039,4.35224164008671,2.693966903217234,2.5673580685579087,7.668593344525787,7.437980188644634,3.4959339451029483,8.805041745022374,5.811548880161402,9.776203479168418,8.251000814636004,8.592366929835883,6.634288438349316,6.630792420690387,8.728839670298747,4.5404607748618355,8.451626054781757,4.687124915088805,7.007332999129692,3.0701738275713772,7.8377885201975905,3.5105747344555986,5.188224392740831,6.919878761589393,5.8660002273839735,5.637259873451769
1.9939700944775172,0.9679365511172306,0.8710182405248384,0.575028259133939,1.578348800094243,1.9715764944698972,1.519823551393656,1.5013746468267901,1.8053880256036838,0.8458720140659455,0.4209426531596325,0.9600028879527107,0.2902127415288336,-1.26189551634132,0.598781239681751,1.1429512278401273,0.88141690210925,-0.388470540255696,1.1454392540821032,0.9239834184934405,0.3027069282707938,-2.3184421330909455,1.331326270606764,0.19242434172649808,-2.574284546002865,-1.5283616215600468,1.0705943635954145,-0.1787442011712837,1.2031317663246663,0.2823854300757729,11.658216547972394,9.879235198218097,13.257304184966888,13.318746645286874,12.373532037361775,10.265161409137995,11.517886003939054,11.24587710048406,9.178437337570529,9.87366958076892,8.994115901835482,12.832704200287516,13.026908863190032,7.799138069461253,13.258065443762373,12.596198811412794,12.962721863220212,11.620522880699934,13.650124347556151,3.761038477636716,9.044453823715646,12.77864113609859,9.86309085549188,11.861864880505177,9.23884650126981,10.133291687662188,8.219438846244998,7.809432974405384,11.984118540345403,9.802078201265042,10.716870889210036,10.024415515257695,10.005276430747852,4.478216703955274,11.03069374477439,8.399910921050532,9.382119426435171,8.427841202406153,9.007597254194643,6.257500190318163,9.137830358445468,13.24276665797078,7.920279904105171,9.068168675518464,10.491758731117113,11.957386717173168,10.535978180657434,7.757332149319279,6.135622266647424,6.700856239398112,10.573898170060179,15.899179043746384,7.522556340606834,13.037148476580514,13.109664515570383,9.985794939745952,11.300699029027635,13.081562527856686,11.902074496317805,4.26036758145934,10.347069371528683,7.289737784421134,11.937260945930491,9.053133261795946,11.169055981623616,7.858989034449008,10.05613584966383,9.924916602666364,10.911094315501558,9.142305887914178
0.7758885280635167,-2.3925536399316902,0.33930758052885324,1.730667351560079,-0.31597430828098727,0.4482478748207527,-0.9380083659239176,-2.272256978394817,0.07624703523050397,-1.3988123839113955,-0.2357603231048917,-0.8089957706686964,2.2957453373265135,-0.4327452369926424,-3.1219450965782505,0.5001021778193238,0.9963194065646097,-0.016413166763016795,0.7934901331944187,0.924252165354661,-0.8547745161270625,1.4771037634869746,-0.4762598778385254,0.7849706104770936,-0.3124185487068335,0.35531103781573414,-0.37294876515050235,0.8211251264465713,-1.7153183578078552,0.1692663472051708,-0.3924921461547067,0.15600410921508107,0.4377403116950911,-0.706911336336864,-1.8389146633946862,-2.0955301131471735,1.361741051620394,-1.0027245854992621,0.30888353556498976,1.4464085344533564,2.977832187366974,-1.9311428764144902,0.9071601005227938,1.1515229780327565,-0.3504626656324807,-0.06415013116323409,1.174645706982163,-0.5105503213697751,1.2847949448881755,-1.4009902502901013,4.376774581705687,0.9311042285465139,4.866145701303935,-1.1530756134387956,1.5390264747147817,1.1218850720711537,0.42949166423519575,-0.4788327086143105,3.4934760785240426,1.099067396932864,-2.2230618090768712,-1.0137043358217297,1.2247274284637153,1.0221563883571798,0.8229161730163187,3.0371169683956647,1.1212181748536316,-0.08713111314129474,-0.8316172679587417,1.1316853904435815,-0.1307662332009687,-2.6653493568582096,-3.418512213401163,-1.9357292826805237,-0.15155250402023557,0.18506262353427194,1.8818235581048972,-0.6285655680353305,-4.954819647373566,1.8781900346191336,-1.797685132275274,-0.2572778300454556,1.3281511204475773,-0.7282636050465936,-1.1484145667279189,-1.2415236401224545,0.25288679388654695,0.18235311408176358,-0.6917393040602212,0.496780053562337,0.2732363478781542,3.8275237214594173,-0.9148504274496225,-3.8546073166318378,0.9181915128065168,5.931569623510315,-0.09018109197017513,0.8809722932191976,-1.3294791151705332,2.0046433165376882
0.7810121338370845,0.1667195083584888,0.6521435935177042,-0.9032327857072173,0.6754265981415957,0.6915998366359692,2.1335242855838827,1.820325608473075,0.6367445094467212,0.22953565843039686,0.010581881414740202,1.692102112589877,-1.5495397207461536,0.7423635394559166,-1.0910237571779116,1.2369188648045697,-0.47814327409786567,0.22007427497596077,0.0061041397065395575,2.2964996690083224,0.10860226821687893,-0.4081111250391084,-0.2117085394497753,0.48498448832755614,-0.7665043292691733,-0.15098571724625065,2.1321808052186286,-1.2657522641364105,1.4384279182563593,2.0331656899793016,9.952350967422152,8.762425576390896,10.749347081778085,9.49425569986197,8.210780562039247,8.054361852326362,7.539238950851405,9.527333742901476,6.783975255697822,8.365797020788321,7.959844654740877,9.392379399656141,8.450135732915067,10.300226974787579,12.704693155501793,12.13551746868284,4.691623029448573,7.4787851301822865,9.301550047769606,4.242644938217132,6.073411707360213,6.8481984687384605,7.623145531642391,6.7023558030447985,6.3717335419561,8.206116159287834,6.6049492606487386,5.711162191714385,3.4514806588372346,9.352276793167524,11.95109096177547,2.963908444793341,7.492914798773707,4.762976659086122,9.41485361072044,3.339787972000242,6.137933375124268,4.3593371513590276,5.0129387588787395,5.8707645036363285,7.4858367563737165,6.629616309046753,10.031891695602116,5.244582454318441,5.889779704696568,5.681392012513152,7.501097162334751,5.186117559488844,9.672979998931233,5.69213196798185,10.466825004840345,3.625976135486957,7.944728960554683,5.3027559872914125,4.477213888423846,10.155386793261904,5.824222780175572,6.493642510288342,5.983602663584683,5.863172643879415,5.788321945120303,2.725605623800972,5.420269752050677,8.786983487033474,4.302115225129283,3.234937827562316,7.8057523434776925,3.2074892915657522,9.773348360929317,5.517329522181665
-1.6105805157383857,0.18644718195818027,0.458324341317657,-0.2805060502425986,-1.0208736185257634,2.5860082497170263,0.7418427502273056,-1.3684622664145625,-1.5644651847014117,0.48304778824343275,1.2203209391312337,-0.3419414789452415,0.608884243677598,-0.400951667106414,-1.3797529721408053,0.38444831183472145,2.51128988015199,-0.20097834938295533,-1.9151109238698865,-0.11501926544085947,1.3662984927981952,2.024310816173064,0.29286013401982136,0.3860608028529856,-1.167041081704495,0.07239862268750352,-1.303896938486231,0.17012130529813968,-1.8410951627224321,1.4600959676798415,1.5793142529752366,3.301908717508911,4.9010378265302625,-1.2341744109330395,4.960420432249172,3.964306924141607,0.5418808808524602,-1.873169437596602,1.2344084556482566,4.14836927201589,5.924749666003461,1.0773276504964882,2.7258564685257585,1.342073899028291,5.063670804746569,5.501807721797117,-0.16908574896461837,1.620569137140109,0.7985251489991223,1.3269953523217357,5.344109132201498,-0.9864234211114932,4.228591488769848,-0.28217753205698937,2.7620578317295443,1.6249353434329985,-0.6487358000463028,3.473556777160397,-0.7354814597321009,-0.3140269776486714,3.510105919308726,4.22259690023927,0.5547000348557455,-0.5297992999707091,2.0970994583681346,4.233076314964378,2.118651662728854,2.598094317609352,0.5711329890283383,-1.558682542823814,2.435109718585399,-2.3570261604196503,-0.3973844667063057,0.40445938639589896,-0.14467340713469218,-1.5312526721861244,5.1657830227303005,-3.3667460108959553,-2.2684448694230688,3.8218705167566935,-0.3389772514864944,-1.1893130965828904,0.5533706216156673,1.7325055923273989,7.069591646454062,-0.1393997066425705,2.089599882777835,1.929088929512674,5.163791572124515,1.673896584463805,-1.5747301652767998,1.1112896980219198,1.7578420549734273,-3.5400436050455446,7.807283665102245,-2.585654363583781,7.407172354314548,0.8933640924038705,0.3489170228643888,0.6734575605548759
0.14956120805475465,0.930276711332554,1.1195337832597565,0.43804507731115727,0.3486100243820912,-0.16383782841027905,1.2640470765809266,1.0493003520107114,-3.1663576889048595,-0.1714130549772762,-1.1340625291062654,-1.45214192242361,0.19035123310891944,1.603074153389707,-0.04481587999105442,-1.3905770155611654,3.2561419893351524,0.6448971611770371,0.4340191487719523,-1.5050833580319882,-1.514975906755624,-0.031595821712408434,-0.5052812881318997,-0.6535249755142178,-1.0303344140449773,0.054684614806948,1.7018616389045935,-0.6431998758126622,0.1308865735561083,0.8585792831197028,2.6499920417256875,1.7386814983632948,0.1490012761059326,2.057614333558897,1.0343030496987777,0.18740778224712723,5.478588996292924,-1.439709548996361,5.5946498416020365,3.3434482187655323,6.6514126648364424,2.6129159919890723,3.3141627219053933,-1.0162563878392494,0.30461455911409097,2.3799091019038534,1.2731518682963003,0.4616453863064714,2.04250699836388,3.0952834430931926,1.400915500318163,-1.2395531146524081,-0.24051553185076946,0.6343659832392541,3.856857149271354,3.11164948216697,3.8037958132018095,5.066319388003867,1.209737781867784,7.227037883663999,-1.945460253876306,-1.4697383929980754,2.1251329575714535,1.6257247659478313,2.2689014312770244,3.800863470424405,-1.403690883090424,0.0627934069344524,-0.145880790084161,0.3495274317994782,6.388530559546045,3.4979500393468643,0.7611373979270166,2.3364597886747993,-0.23058629228380545,2.6675199164468357,0.751555027718021,2.667255493938314,4.577919111721779,4.34734239657679,-0.6940002368418001,1.4935294051223915,1.0999705708387744,-0.1710573955557526,1.4483734585406887,-0.2995984278957764,6.650305143727213,6.474346374763779,1.0013152662606954,2.7091496508271926,-1.565914800982804,3.3604199978722225,-2.3986025573237693,0.5093576304210308,3.257821647750533,1.2723298445822877,-1.2304889882964536,1.707126120325769,0.9005339777275918,0.7849078404128402
0.19795851554951088,-1.3313382379066576,-0.45840746750706307,0.9871303131890764,-0.9879613445356412,-0.6453672464908309,-0.47109440799543817,0.673796848623496,0.4502172098137217,-0.22850660867137185,0.22117973249253978,-0.12550319278806782,-1.422621888438187,-0.028781148516262567,-1.5885527824509411,1.431217495197358,-1.2053170176519281,-0.5138090423239161,0.3487962877283878,2.217018416142203,0.3168812635054876,1.060337364773322,1.0956519429901435,0.15836250970952448,1.0678908440042632,-2.3250622843575792,-1.2149289018443752,-0.9947712853153563,0.391523258343353,-0.6527889460379923,-0.3140959673474687,-0.8647768396417843,-0.6390624256000601,1.9854770684399778,0.5307975539957679,2.722539187471701,-1.1448769629051663,0.3766344155453307,-1.8132182048055447,0.5116584626623293,2.4669289796073772,-1.2472112287579238,-1.5052595865525304,2.3251369615994846,-0.25052581277305946,1.031854656355909,-0.6503482360286077,1.0513748015357873,0.2290086972474662,-3.530086670153249,3.7339735366168822,2.150517563574396,2.0724151975426377,0.2590777188326672,-2.9521223857875465,-0.11230626166280597,-3.0006078587937535,-2.669221953867351,1.0751835755713623,-3.666812398148787,3.2920893469656862,0.48964876831604737,-1.0410378997482321,0.8411352767448714,1.758941533489082,-2.749234120560774,-0.171511960207177,3.3545631295845624,-1.4188806022224376,-1.6313733491619171,-2.3563674480524694,1.1985134625513052,-0.13654831343246704,-0.08134464954323098,-0.9204509920141586,-1.212749548792242,1.0833863375083108,0.7790032882510844,-1.8555945370614306,2.2341679004672503,0.03347125702622339,-0.7976280044812281,-3.4858957236090964,-1.0679220396202693,-0.6538335210442461,1.4887870560936798,-0.13093124514664356,-1.236862226528587,0.48648243676604,-0.6379861986986596,-2.7263476857289373,-0.4871056556817712,-1.2911783082285857,-3.1006321423419188,-0.581561556883921,1.2841700621190797,1.6528254242555682,0.3362330603742318,1.0269911320939533,3.2857301700413966
-0.8350693300350513,1.5706737693541468,-0.939144227743284,1.4127923244141116,-0.4572743577538702,0.013684477522015237,-0.7648533422467159,0.643532028021055,0.04203365262999459,-2.041883788655591,0.017936790951175785,1.549556693501124,-0.4007228038963952,-0.5075957111995226,-1.6075858627525084,0.5668672526351185,1.3431084935077204,0.15586893349995995,-1.6422209853442438,1.710368825417772,1.222897633778382,0.11935114760205862,0.01430855474269091,-0.3923584698263408,-0.11319321190125112,0.7755260796154101,-1.315536018143098,-0.9884177180506206,-1.2308107625560079,1.2207666254569052,-2.309300413484957,-0.5550394753635318,-0.16289327727779812,-2.3374064536706616,1.7137416688517402,1.5855898599130585,-1.0878971607013808,-1.2099554998288065,-2.7377768769369766,0.9638821924495964,0.6245552741081136,-4.1559961528653435,-2.012876176431552,2.149672942121336,1.8718395564842505,4.172257606803485,-3.774893519193684,1.268225962615329,1.1154254673948167,0.06353644986690288,2.4056174503173082,-0.6680094039645084,-0.7280159222543028,-0.5233335444489864,-1.3499636890429723,-0.9357765453933851,0.257256638510942,-1.2519677562488056,-3.01676002714248,-0.8275296786999752,0.7627595099691789,1.5059095786266272,2.012394229326684,0.17943613259690694,1.2306361231518395,-1.2980683418219916,-2.3573902260104127,-2.3908724767637604,1.8467098318450057,-2.092196095455645,0.7197362830322055,-1.4060241876371848,1.3834512475982534,-2.829463273309825,-3.611867853633166,-1.5603662579531072,0.555392570690824,2.7922017904470624,0.08337452359145875,-1.1362167296427352,1.8707166107203825,-4.463600360093708,-2.4000679798005806,0.6699194924572668,-0.4885421471331125,0.39712799972648755,-1.02564366974985,-3.600926466080242,1.3883971172276142,0.3189806107542205,-2.6314562357465787,-2.975158869627455,-2.153939472434325,0.9267047800916116,0.8960898372449166,-3.487977782237855,1.2883003115587253,-1.690976089493047,-2.2950423593143854,-0.46012012804502894
-0.32840968280569216,2.011271260515938,0.06777462348735586,-0.7882347290913174,0.33116874557247994,0.9960187113207758,0.6407281027892222,-0.830430195347718,1.7128045843286377,1.2671196798032696,0.9165268331339915,-1.9426911259884339,-0.6726187109835011,-0.7782871398748623,-1.7843019148928145,1.8998302541462382,-1.6351100744696487,-0.361826406047686,-1.9545643380796154,-1.4129344304762066,-0.5309873195262523,-1.3745509034774517,-0.9713243141127268,1.6811505720304458,-0.6314126372212858,-0.8891914414954039,0.361073122217604,1.672928441650939,-0.5995114889069721,-1.0490137682185785,-2.8499144940920957,0.3428812559436876,-0.5669806304810511,-1.8201933201639844,-0.040642188297419723,-0.040698897190534045,-0.022658460557922644,0.3097892703777475,-0.45829280211455925,-2.466247130042731,1.0482986404671628,0.9694309224257731,1.8655241795058337,-2.621567126705205,1.4469373204656333,-0.6215520983936905,0.7001072724447399,-1.2574928183894492,0.14827462194950328,-3.7625273373775734,-1.3466023995941137,-0.21138177978860181,-0.49300624972920476,-1.5616286666580852,-1.2796491001847654,-3.3687731617204433,-1.490500639339556,0.7197056776136731,0.6181529568031748,-3.6043831835952465,-0.19853742016255677,-2.8756397405071326,1.5381115959710334,-0.22287355238110512,1.0489186637033712,1.5655089670459124,1.5252997594766375,-0.6886825435226729,0.002594099583650644,1.897612621307608,-1.9615236981467161,1.4722876379805971,-0.2964965330683782,-0.7836588470883443,-0.792214105414365,-1.4371356530666572,2.012940483715071,-5.373963838994734,-4.18538518803698,-0.11410248207879503,0.8222794075953861,1.1687257723357278,0.6914226035965553,0.8035995123710613,-0.13782678701200363,4.530332731273703,-2.8249326368421177,-0.3728100893475331,-1.5981680783088916,-2.7590848047891217,0.32665532912635764,1.249398735810694,0.23870399540426468,-3.900155497638974,0.10173095729976045,-0.4773747684077949,1.6724261997518473,2.885996084030125,0.9922299873526067,0.31260844030436785
0.3943667830870706,-0.1641883416080071,-0.5931594988499647,0.8925586241839188,-1.143556503348354,-1.3226859749553692,-0.9329517759860241,0.04469512298678335,-0.8539078449275683,-2.107443364469238,0.04666233860893547,-0.29339086411370974,1.5020624675460497,-0.673390580627588,0.448061271757098,0.08026555755549358,-0.09226505265545845,-1.105107479662039,-0.16274422835609637,0.34742228065725794,0.4397752424184218,-1.0504895620742238,-1.225004634607235,-0.8517425154049267,-0.8346542693567408,1.8167474125237244,-0.7301554426612227,-0.5254376144163218,0.9766983665127071,-1.1120605933536816,-7.138092472717589,-2.9264584830562526,-4.150609369358846,-7.690321481037468,-4.668224866209337,-5.806953646490433,-5.420693102442884,-5.444792831065261,-6.205997529406622,-3.526483243971931,-7.490209351795722,-5.933869896597652,-6.15247848134509,-3.8218290916159194,-4.59573794712513,-3.2526136294903165,-7.485846556614376,-4.995894265657419,-5.72399128231493,-2.493505813144907,-5.726872052033757,-4.746510002225219,-7.779852849093751,-5.637680951513311,-4.744953392338367,-3.4541772567903575,-4.330064929091725,-1.5538246061370762,-6.690070020589919,-0.8339991097626659,-8.00241826133779,-5.452891434927351,-3.029351681828925,-3.861693103046541,-4.366089221093243,-3.812564345809077,-8.927679966257557,-6.854226191816598,-3.221210044024048,0.5251367771118944,-0.8738022569536814,-4.07327462629741,-2.598823502872546,-8.617632731259237,-4.749857654059317,-2.567773604180283,-1.5429882032058595,-1.8774530499650104,-5.6610957664429575,-7.534701441563666,-2.8788885956852526,-5.0833001335809165,-2.075478437381761,-5.585581250346028,-5.297235481543201,-5.51866779456577,-5.84534814016903,-6.621433601396596,-5.647462187594408,-4.4972908557593,-5.204234008996538,-3.218719835175853,-5.554359693037224,-2.9834992795838584,-5.019165658864165,-3.780226745423339,-4.181791043562737,-2.9480612366248162,-5.542362272641117,-3.54313108939346
0.6386632862578039,0.8251306603890907,1.2235457442145274,-0.5308112505800837,0.013362680813881443,-1.5761658752799006,-0.24039390916195924,-1.89975709656458,-0.4960744474204405,-0.8791182127654433,0.48097118701153596,1.6714307983995047,0.3085594248296386,-0.9453353441689885,-0.2266900822496034,-0.20397113124055483,1.2940885099097263,-0.22907571772562696,-0.017512023299100454,-1.3020959982357923,0.5152036276213168,-1.0769584637777863,0.30580935079877425,0.7209926517629985,0.2284344123987299,-0.20768375459393051,1.3573104625965597,-2.0134623115642976,-0.8150866763220842,0.33331751248883157,-2.1014437802478003,-2.4507953603762327,-1.3036106750941656,-2.2156098782075495,-4.59703993548813,-2.4369965898775168,-3.7348622766492787,-4.256179591724329,-1.6093240087924707,-3.6130745366537065,-4.214110724851775,-1.9790029519839136,-5.378506178762981,-5.487376325624635,-5.286694738214215,-1.9832207580179468,-2.297264740254628,-0.6071802066430975,-0.9360385939785516,-2.7179348499558738,-2.494024133355687,-2.1942442671787514,1.6669193962877005,2.0366628044189277,-2.489906722928958,0.35550751305011813,-0.4386988347309019,-3.752005866373628,-3.8363999557177833,-0.6312642197444748,-3.5856293906311056,0.015090531885102433,-3.269117360815355,-4.726976817096302,-4.3727340264879615,0.2045324614506695,0.16110574534213173,-0.15215812092395975,-2.1170307407257436,-4.764535502777768,-1.253941986430421,-1.5601135415435825,-3.421648033006494,1.6234276866160382,2.7459006162232336,-0.029288458531536887,-4.549864307356596,-1.1848278347697854,-3.7982982283319253,2.7652792954918404,-0.9578040422230502,-2.0758875064484714,-1.3086720070650801,0.3319883689206544,1.2075118439039678,-4.795079396420202,-3.476762472211208,-1.096522940550693,-0.4161155421139318,-2.2446187408784852,0.29689429721418287,-0.1670205133505933,2.275954589803036,-0.6468480914228953,-0.17711553045281425,-0.24947185878959016,-4.908884505858284,-0.5097555478998158,-5.758333223675168,-0.7425296150020402
-2.1370664330067513,-1.1737016739477517,-0.823118689521607,-0.6063571183116857,1.015158292760963,0.7416868669295273,0.7974499067589875,0.525113683305639,-1.1130906872092279,1.6808328280092488,0.0989278218815477,-0.551373569666155,-1.2199717857507784,0.47045837760173165,1.626455414453833,1.3280569116427126,0.38163773610377283,0.9679694831400254,-0.6069518715298619,0.528428015823597,0.09352375109492839,0.1908205481225885,-0.8691971125873257,-0.4890797262944772,-0.5877802717440972,-0.7430173199090179,-0.6466568635234273,0.9949775285378469,0.9324284007523467,0.019888841995696988,1.4135284809453201,1.0816348972029992,2.2441516175367844,2.806974908405768,1.2306475853857437,4.364133515352389,0.827861277686734,1.6374941328837616,0.6677020495780774,1.2296508676887323,1.3997331416449106,0.021833242129195463,0.5600073302790902,0.8133414824090598,0.0009447157464640421,-0.23744872943786405,1.0482451431106343,1.4898079901458399,-1.1256956540139726,2.9623152601059615,0.1194656605143245,2.676828603223911,-0.09233889564657001,1.0698215895342078,-0.1801778570746791,1.2341760118064864,-2.066837878965498,3.924541126211857,-0.07772946859666985,-0.20179306204396552,-0.4130654014057844,-1.0387006081432482,-2.94891163338227,4.0377098932213125,-0.8563015234659578,-1.0607191335926391,0.27729283751818584,2.978270529806232,-2.984041458135895,-1.7092343839488655,0.8164982217046161,0.35042623560709996,2.123325638293178,0.49054926749482775,1.704159164338666,1.6578530412588524,0.7506279439586921,0.15185742750429768,1.0336437382433696,0.5212535019179878,-3.3071258044985115,-1.2189235044710878,-3.6473882651822285,0.8260455978990171,2.2616423140629203,-0.09698102393567576,2.0777738560437697,-0.700679184691163,3.084102937084316,-0.48441076685971096,-1.672474630258352,1.3915297520603715,0.9554588983171188,1.4459183627133896,4.726615713759846,-4.188255157143465,0.2254686872472083,1.2835406650839096,0.8272034050287878,0.04180573610906785
-1.0586948311024025,2.2198433437011826,1.4446555033509212,1.497250593161754,1.6471423036649908,-2.988784735453073,-0.9396923207958219,-0.6732456769318634,0.07519975940935764,0.13785269539728967,1.8562917743644973,2.283410404246324,0.539776917914523,1.5726481099895402,0.16950266398251068,-1.6507196359702356,-1.1602616747872991,-0.19330202687309006,0.7841591411188051,0.04082139815120622,-1.1256610610236721,0.24172699023940747,-1.895414840647299,1.4015555604546535,-0.5033694314429236,-0.22552924305376304,-0.23801162864780423,-0.2816853135292995,0.7879840733126524,-2.7401783550588243,-3.0822920741982927,-3.44627115416399,-4.424507640930194,-8.568306132442581,-2.5593630379316843,-3.262236163956408,1.1454107838325178,1.542518207716585,-6.38385885322986,-3.5511220605846483,0.23726384833419717,-1.0526509250400709,-7.0152087530243055,-3.038108408722157,-0.5523578258529909,0.27162205293531216,-3.500403180274565,-3.110116866305509,2.911158463076038,-1.08661728735822,2.1166638190887714,-2.9680072260555104,-0.05192955730610327,-3.6136854949854236,-3.6599886863151494,-3.7521068488325837,3.663346571563941,-0.6411688002447766,-1.7242101153077276,-0.6746761597789492,-2.199711986661494,1.0018811746234002,-1.485080653382362,-1.488432467021902,1.2261354421420017,-0.7150560895680321,-4.06384810029918,-3.973223377443619,3.5267608162737196,3.836205931290345,-3.0738350203057205,4.064669912845173,-2.4922089425624003,-6.828596720944063,-3.2721272618219728,-4.311406373516244,-0.4469777733327811,4.260365694359918,2.8588736821206373,-0.624990528211719,-0.24744042815177097,-2.8413032964609415,1.943145035891832,-0.672174267943815,-4.1686786537928775,-0.6547584192770355,-4.163883834575279,-0.33491106810078297,-4.134381574424874,-0.1078913267947274,-2.710012151287803,-4.34601587732854,-4.3679131193281915,-5.236742038100077,-3.482741977326199,6.04886121305425,-0.30898040789297865,-4.331579619708448,-6.053935913866453,0.3560883004491242
-0.374161491908097,-0.5147428761547255,-1.285950050467717,-0.5271378216765237,-1.4495590720806508,-1.05651086941835,-0.6838694682539852,-2.7467866538934227,1.253612531811394,-1.0552132551853748,-0.3211094471457778,-0.17718958310269894,0.930332427431208,0.023428287522356678,0.43541917816536047,0.16304365297750367,0.9612603365749883,0.4059414788996762,-1.1699859166620976,0.7432344172980855,-0.256390309759758,-0.39749774638899743,-2.7413935504804554,0.32884034421258984,-0.5629709745796256,-2.321159359386601,0.14997974601570943,-0.8201219517863257,0.35794665667181136,-0.050677849623972815,-16.55070911719344,-16.325779782626544,-14.464973621075423,-15.119133781283237,-17.420163858045743,-14.502173544264588,-12.704389105856626,-14.053464204053622,-19.714980583511487,-13.91484884024896,-19.210752562253372,-14.487239177427625,-14.306945619052057,-16.045837118794196,-13.673198028107706,-14.264470612453595,-14.495166954647301,-11.35489815171528,-11.442062150395,-12.438850637131955,-15.226827702787896,-11.606479475157098,-12.314065460275417,-13.31708100010555,-11.060433876428592,-14.322607421832119,-10.126354620915025,-13.138257090210434,-13.406668247568946,-10.89113229208998,-13.594086962868545,-12.792425060164355,-10.73299385724528,-14.911001067661802,-12.423660068971362,-11.063682854619167,-13.775696522451838,-17.26986825924585,-13.96369533325031,-7.6831061151566145,-11.85655497104411,-12.102076665655563,-10.899312771531656,-12.51227280583288,-12.215275316674985,-11.934022698323185,-10.495817221015107,-10.868269220130156,-14.489710953910834,-14.631542148603152,-12.11187552155166,-12.85080372898259,-11.871168524813537,-13.565934782559346,-11.018606979679447,-12.63654412917299,-14.943179147628426,-14.856125829204995,-12.661693546386294,-10.979140120887067,-11.761997452072638,-10.170015530560486,-9.58074399237921,-10.282739435676415,-14.605790688894672,-7.180446426432134,-12.658118450843427,-9.339475247483879,-13.971376618864396,-12.282999161892025
-1.7173146429234039,-0.023779438644465634,-2.584897915849759,0.16440324064031464,-1.3402709466664309,0.36059908445490807,0.8018313399509724,0.6864397188819592,-0.4790806654877726,-0.10091649827456506,0.5770560434021859,0.37844966410163094,-0.6550550476924544,-1.011629481750795,1.1897917592447782,0.2638945529441177,-2.4155228752452134,-0.4092073556982928,-0.11495102935273999,0.479397732583155,0.12476207096346054,0.1875734668901612,-1.0845080006668342,-0.7965043657710131,1.003243774065648,-0.8775265600220524,0.40642705500117365,0.4417622218291145,-0.6458178937827667,0.02013191186610791,-5.9472594638199,-4.522061866697581,-3.21057303560852,-5.041029191643054,-4.927209626358926,-0.5994545482523999,-4.2349580765823305,-4.024403434534599,-4.30100155133889,-7.2083768266834225,-5.583602800399327,-5.248013259125071,-6.083423123666346,-3.5976879455058057,-6.6224177079181255,-7.136451684653082,-4.851327700018202,-4.102596947149107,-6.039810229012834,-0.40199856148562074,-7.422237869575647,-5.093581388728847,-5.245207208539274,-4.517435164123932,-4.113033814936341,-3.3330052839735016,-4.066909240687903,-5.321660878233238,-5.821067084093063,-3.1187620477908293,-3.9941811508631826,-1.682851784218352,-4.278767557006987,-1.2273555333796655,-8.421261936756473,-6.75386243606328,-5.514714123648094,-2.674983745275091,-1.5022351949746986,-3.8670851567637077,-4.696533634996443,-6.612916953070499,-5.443491887383065,-4.028413834374983,-7.274428659224825,-4.768287685644306,-7.505596913701471,-5.899034033259305,1.8748536833329863,-3.579825706559375,-2.4685645472154176,-6.723556724765415,-2.2137256540341674,-4.9662456986704315,-7.658389451526731,1.0013504757557792,-6.81709296019166,-4.003260164299287,-2.7627328220459746,-1.4809369488768604,-2.4644972282459774,-7.217107202176317,-6.36810764378301,-0.8282230610212502,-6.557508101741119,-6.950492896055568,-3.2228633730587064,-3.2141638689854712,-5.771304986794767,-6.709914096870037
1.5966949925174838,-1.1918322224738596,-1.2099031452551343,1.797524663051562,-0.1967297704937815,-0.4037381043093304,-2.460036252168548,2.0940977688531115,-0.6723681528720022,-0.5165060012121465,-0.1372572887114244,-0.048935119848262695,-0.4395068825866291,-0.8715328750680448,2.507883008393551,0.5976946858553687,-0.8671195089344192,0.10784964738114444,-1.1742592474014137,1.7420479160725655,-1.4246278527102452,0.34366814715332317,0.3249569178183205,-0.8477864815498786,0.2589043730377594,1.4981681349332352,-1.2539146474137448,-1.4978888765371594,1.2025347990499533,-0.25918471411713906,-2.8961953221390244,0.9887156771976664,0.8461153589935959,-1.6860741900255747,1.2792867494946225,0.04305756900179891,0.5809309535599843,2.7143718673960935,-2.3641894708917093,-2.720935037512971,-2.0741202410684787,-7.206626893073471,-3.528186715819962,2.5881709094493903,-4.252928127965813,-3.155235209873498,-4.696307347620167,1.3593632841152998,0.03925622730949968,0.5444690078593165,-1.4997415588751821,3.3736174226708378,-4.788310023693605,1.1617511264763092,-2.5074878729003234,1.9991267498416965,-4.773382175849853,-0.754936816819665,-1.9294596587915693,-2.5729402568483772,-3.2044562547315376,-1.6507739390332061,2.217170848429892,3.751983360860828,0.26715261490447706,-0.637441147809312,-8.935211148765658,1.3684690950966458,0.4734222111333015,2.0592955416483223,3.3123876113920616,-0.45207438755563145,-3.4654533466633644,-0.7217187174083366,-4.223075156599652,1.1922084476303954,1.4666366268119782,2.1000560146829335,0.7989666212734308,-3.6572053990751954,1.91755505172969,-1.54742002149807,-6.088261970395215,-1.864228552528414,-2.504836676222133,1.4607837884921229,-2.7371945858660136,-6.269770700479971,-0.4023146121910873,2.1043591031181066,-2.3478693438726372,-3.6118731188953612,-3.3317603145098382,3.9173101321401957,-4.636045154927628,-2.3733002396132403,-2.374884591702459,0.2532420451254786,0.6154889938519064,0.6117595890003876
-1.8560515716208994,0.3388904050313611,1.5449126940151783,-1.1248353649461338,-0.5479109457011532,-1.5213627977983666,-1.2416173278751075,-1.1684631331903381,-0.8444238556098697,0.19555898649396114,-0.49204441209051253,0.6691305407644149,0.3015441161692638,-1.7862882811451,-0.6404001227054706,-1.4700063470134848,0.12364124955967187,1.4791284860248726,0.7171324622736444,-0.6618213587500648,0.03443114444798756,1.3729059459223916,-1.5750699710723461,-0.3697925676293936,-0.6666740412505215,0.7049996282356227,0.6456638448241561,-0.0750751652634929,-0.5451039393685295,-2.955282335424152,-12.656160058913493,-14.826878753479837,-15.768352085015055,-10.949754685101945,-15.582003758493011,-15.241574214301805,-10.538527663243645,-10.809072912134823,-10.562100194335677,-10.084832106879457,-10.358906503354048,-10.41974771128627,-9.199987674881914,-10.200846591910333,-10.025534579243187,-11.195717636858033,-12.563487740102556,-12.590136353037593,-9.022923310964991,-9.732426808700584,-8.039649348352969,-13.810729013076593,-7.569292458485292,-12.326383022239831,-10.96172797792112,-9.849569969379989,-6.486621907155939,-8.304675328329976,-11.269742910584004,-7.770138685508793,-9.6661802753245,-12.052659980919966,-9.446971462445239,-9.293296017270212,-7.653515361009873,-8.346621790615282,-8.292268013624208,-13.572244180696789,-12.047454610929977,-8.5459844411265,-10.831263115361919,-13.518574829692476,-8.237596080748958,-8.637302077186643,-10.796527760211346,-11.952712008185841,-11.01777294916221,-7.369409015959844,-5.621356858020613,-9.690751945300491,-8.444558646760525,-11.038588407383262,-7.569099164493745,-12.940655946895278,-11.677402474023943,-10.537384071690285,-8.54824139631399,-11.696967567220147,-11.814889214136052,-8.383204779157248,-11.488804233150665,-9.09150482644967,-8.866254313975357,-7.936320548209017,-9.656694381395013,-6.265521050295715,-10.466349328815753,-9.57560528861161,-3.8109235424794954,-11.09616940481014
0.35919763138631466,0.1879292437336391,1.1986906056033624,-1.5503666914726106,0.5564074902057774,1.6517330762577052,-1.0203645888089903,1.528650961868021,-1.4756253143535287,0.6799136927678027,-1.6502041608950466,-1.1501752169566875,-0.1234946502448625,0.515270474315912,-1.3648562333295735,-0.07063461871543775,-1.002030989268037,-1.0556309496108294,-0.08328972263784029,1.20820766808936,-0.37349661237686277,-0.8735531044625989,1.014082024684031,-0.49190175982957224,-0.5114976394236208,-0.15397318870123725,-1.775899006945941,-1.6628717134534172,-0.8321085960892136,-0.7909269079370839,-7.704233677281896,-7.133262459840427,-7.325036615745366,-4.776462712866595,-3.4700874759734877,-4.954143359720495,-6.008998239626441,-6.545119476636868,-5.509389111223353,-5.183998029031149,-1.5181500553465244,-7.15994244535955,-6.474033851809236,-4.6011094332968305,-7.039683826478926,-5.0060235068999175,-6.791068190268978,-3.2094482766036188,-4.882292144125202,-9.743635178698275,-1.5202573024981292,-4.757155186361173,-7.086429156326661,-7.153212066539066,-3.1496866945358875,-0.5969152019692142,-6.08566767164748,-3.0661758053945767,-5.288456945757302,-8.96229944322095,-4.211998035277364,-5.2686809315540515,-2.2520818611334947,-2.0592215287326243,-3.6082851483135356,-4.247341016727496,-5.008519605024454,-1.8037049086408639,-1.911203822545552,-6.685650550401765,-3.4706529603316936,-8.070274993927123,-6.9845005211321824,-4.615292452698006,-7.698777129598065,-5.686492914303517,-2.1999302789429924,-4.503222474561838,-1.8373827854672065,-1.9290520990738298,-1.4507343590992101,-2.8134415531335617,-7.273196496108207,-4.910700005807653,-3.197124143900217,-4.1141600190804795,-2.379302263535235,-2.8446167852874664,-1.242948105764905,-3.646327552127445,-6.005934442019505,-6.390671787365103,-6.1739903919115795,-4.658110202107711,-2.1456884765501294,-11.027740962676424,0.517035511054856,-0.7411407561878585,-0.9890796831097631,-7.52906106969454
-0.7358224446447974,1.227427633324531,0.9294130912932821,1.2178083686990209,0.08770378663453385,-2.1385284006990055,-1.8408263528790363,-1.5206158668964909,0.2303327963935562,-1.3165930645143082,-0.7764649058028756,-1.8907302540305588,0.6068727376700995,-0.7825261587159175,-0.5029696462183795,-1.393637508066746,1.931876578680555,-0.8999431368178311,0.34771423131158813,1.3477518466772,-1.1055206164738913,-1.8301876149284086,0.3510981596767605,-0.8919207040492506,2.1127684168332626,1.8828227905513766,0.01234023952839157,-2.2182322956256417,0.5901593577603695,0.3941805872998451,-6.28816016533507,-1.1687586544177684,-3.934007137542609,-4.8426346107398155,-3.3952602791383226,-6.600630273724719,-3.165649669824698,-7.4041796024468365,-6.16275205867259,-3.947587575854142,-5.041952335165818,-7.38529933685333,-6.131368170656739,-3.2604751229627875,-5.012682192174288,-3.0416844966916066,-6.840660781956246,-1.591102492190518,-2.7218069095820927,-2.543497945180332,-5.559712407937562,-4.51550530828056,-3.1961918180926054,-4.511570451668467,0.7544693349082594,-2.1252064486355438,-3.059505354906527,-4.927682097197853,-4.909549418813777,-0.9787429355450918,-6.529941227377892,-5.196597092065085,0.40888898253145967,-5.778918533863838,-0.8634849267118743,-0.27071115989204697,-7.803857672083732,-6.649095425276396,-2.622165622358689,-0.5376037484255863,0.2951458952416999,-5.5857520491380885,-2.553098802461976,-5.613077476640186,-3.8182395364061548,-3.63974091160799,-0.8662247353168286,-0.8671445356321973,-4.1879426317468775,-5.2897964995075695,-2.073046362958023,-5.287770856089124,-4.2547893133528,-6.232001993291977,-6.344233611339136,-4.896553096540919,-7.111960389128492,-7.003053737649862,-5.933030785652938,-0.5971442613876856,-5.539331772636587,0.5696742918765819,-3.8769563704994736,-2.38495576996045,-7.444512508902084,0.1537296528327794,-3.8610931554444807,-3.4586427076672486,-4.377699441088224,-2.7800535984086316
0.993711632682016,0.19522634024732965,-2.487962443118942,-0.9250750772965375,1.2055475594916554,-0.29766198395761945,-1.5233597469841178,-2.2177607030841604,1.1792484339113507,0.9946877181000207,-0.5520074757514244,1.3947449026111238,-1.6068671871713256,0.8112240155742768,-1.2417898601351236,0.3065203731463463,-0.1441935298853531,-2.810012139119059,0.7931412639812879,-0.3744304833950155,-0.0588931181049088,-0.3497950277314793,0.021574056687651916,-0.2875767508956076,-1.789144302982955,0.2534179226455515,-0.4807163566578567,0.6642795201055343,0.8144189305414237,-0.16862617166180874,-3.7818718266530493,-3.4205521318813688,-2.0447271002479046,-4.596132011116294,-1.8294028309361023,-5.257358576994954,-4.051662283507502,-3.6494775119524068,-4.420753172936555,-0.20960417333922443,-4.6943666133856095,0.4867760763293742,-5.697860224810442,-3.8230953872994045,0.19032360855356112,-2.155291313452657,-3.4202718530637295,-3.1918103748132793,-0.49759559931455627,-6.949949647077181,-1.7401172534664062,-1.9538728036402966,-0.4373704029962354,-1.4972822897858131,-4.090477777260175,-3.1630079629804744,-1.5595107919400402,-4.901562175071378,-1.5138046072909095,-2.382271648155721,-0.001492637858997961,-2.2968081225008428,-1.3109445566500522,-6.50906527356143,-3.5809589870152165,-6.001628937855033,-1.9202954441047786,-1.6548722083020078,-5.153293374921053,-1.8522327868055974,-5.6522845955451375,-2.05845323098051,-0.7893062441865935,-2.0484192160836825,-4.078921459468462,-3.711113191843454,-1.6309450074655467,-3.63323613186291,-4.8466496216390285,-2.6379406377592733,-2.3770106147924888,-3.9649884184124042,0.25983118205373135,-3.813233866133061,-1.6470797655473284,-2.826706410167565,-4.967823492773507,-1.0394337589382787,-5.112500776498319,-4.384142555481721,-3.5240476912493826,-3.2867859687444887,-0.08597097388588631,-3.9653754876841574,-2.3417298312635357,2.1260293448908936,-3.733318560045898,-4.605566339770138,-1.4541081402653762,-0.41893737444727935
0.9201156030237729,0.13306047273462995,0.44160926030203174,1.446640601478082,0.794378816157387,-0.37384665656636407,0.9036928486634439,0.4446928153472802,0.06658177425098585,1.1387106410822778,-1.4590882486833407,-0.5215471590577866,-0.9601839125328904,1.2813675343294728,0.775160822579136,1.514478253165746,0.6533423604429731,-1.6514928356040746,0.18821032217508651,2.0530529472250993,0.8123416698401976,0.5760259484304322,0.20658351404999797,-1.7300005410201265,0.6497617710548819,-0.4636040348527378,-3.545670650732882,0.14575466177236415,-0.711795167110465,-3.21432921932428,-0.9428794846128221,3.9198831801961997,2.0929298078198992,0.8442980791808655,6.938890621503455,4.385293597005039,2.10079822764132,-0.40628947949198535,0.10243803971080878,3.1319369778554504,7.839012199774992,-0.8716629365552365,-3.1490529226148833,3.52073016451272,2.502507914471667,2.259498148636396,-0.0802956723895798,3.88654556564106,5.512370642008016,-1.1543208997925796,5.721847918259294,4.9289427806529735,-3.1439526168726606,1.117511604446126,2.6905145279410068,6.532836713130686,2.4987630040235516,3.1555745978239145,3.9755449899991135,-0.6792459755169109,-2.0544786305521456,3.136558838732707,6.0125604358422935,4.955891637419571,3.386754813671353,-4.555792255806938,-4.9761278835040565,1.292482061307985,3.8824164492668545,1.7603566094222325,1.3439369052889827,2.727758637227898,2.0328599959676437,-2.528248044098813,-1.0964734754758432,-0.8822167313233182,6.022467973178329,5.95689586081395,3.7089561389297097,2.6145236715577793,-0.6398716562068381,2.0894946169530333,-4.236382566720602,1.2100486834660933,-0.03875521324014386,3.327406845058644,1.800983765185973,1.2239978328774561,2.153135829474635,2.4003440263438107,2.20974393883851,0.7273105449905382,-1.432073960497339,-3.0421729051288398,2.7672680004244836,1.120632475263833,5.923389514085061,3.408160233988307,0.022568295506816046,-0.5237274882681578
0.43029028977977196,-1.852811788706644,-0.5628445052653139,-1.074373246781618,-0.34095226575918186,0.43579446656951293,-0.16225079701404777,0.0014064516572410701,-0.760702957612222,0.41409382656105387,0.05786557183130858,-0.30968419404794867,-0.2879460064809595,-0.8688480368932003,1.7965292237278465,-0.19155872914626426,0.39397055008490844,-0.7363436044008551,-0.6777314789130467,0.8565022089177725,-1.0419068534837441,2.762368554765051,0.38989437111943037,-0.27796317721825375,-1.0344604077560782,-0.29589700481705783,0.6183554730158156,1.875574879155109,0.36000789400484845,0.8840878467740048,-2.9981922986662024,-2.204989775963632,-3.6319684191756485,-0.31267439446837286,-3.349435181715761,-3.0422723100663327,-2.3145516296131237,-2.6435023846978405,-3.5614160632586227,-2.5900933507793975,-2.457384774004723,-0.8838223023951031,-1.4173099960436517,-2.515839353041508,-3.023561709835757,-5.295213905550096,-2.615072643931603,-2.733849039864844,-8.288695617061864,-1.727564324278625,-2.7294703843110266,-1.14959131544288,-2.342807959643495,-2.177220272343387,-3.1179367479487716,1.0784412023057872,-4.886001874742002,-1.8958094152225473,-2.8433688446584187,-2.396214591099741,-3.3183151156174127,-3.1966592084839425,-6.975014319763496,-1.3955103943581064,-3.8615133309550926,-3.2418814319766147,-1.6484544164719406,-0.6084308029564649,-8.435633522183945,-2.71790675221591,-0.23785302457412233,-2.037641264737642,-3.713541867434967,-1.5506926293211079,-0.6751966814612891,-0.1965021249128484,-3.3572469693666296,-5.6007828463547265,-2.740030816553558,-1.1460345131286869,-5.371100948540163,-1.4432301021028628,-3.13893761636714,-1.6963493231021562,0.7595621653094252,-4.418858425657431,0.5564099305741497,0.21471013253572052,-0.4260046993993215,-0.9687897291658031,-1.806855143844286,-1.818355198418185,-3.477799790561825,-2.1635627366709103,0.9825634259759948,-4.229023893651152,-3.117608385700688,-2.469795070520804,-3.465497488094107,-0.9444682333646608
-2.4834079461754794,-1.4358304153392991,-0.15302346178538648,0.8337970119254992,-0.8961955380366035,-0.9653479697076838,-1.2024068534450334,0.9809221607025401,-0.41574566055314466,-1.2306562346522454,-0.013472491611356108,-0.5144016543408841,1.1401060666454148,-0.246171023710204,-1.436096458097533,-0.14305765089987485,-0.43196745937248654,0.03225697253764803,-0.3221151733407903,0.23319094905134458,-1.6372459176645706,1.6345728762712313,-0.3836890043303521,-0.6292246949383726,-0.2354582769289053,1.8308486850316648,0.031349898282009125,1.4162896591956782,-0.6248059584169734,0.11641798891387725,-3.3926395053611866,-3.693477687597246,-5.670802605975927,-2.784954095349595,-2.986104317993292,-6.3820340880737465,-3.084963981062439,-6.128633082934254,-2.7820542798764203,-1.6683989526844996,-2.2735356459908163,-4.419581071396903,-3.6016647850510863,-2.3824872589649946,-6.025620541728332,-8.305268146381392,-4.154631835616808,-4.233527038745159,-9.229435231492873,-3.4747321018990833,-1.3182642638743707,-4.270204870369935,-1.5449745477152623,-5.33869858960862,-2.624712197033524,-3.781020442401398,-5.811496930393896,-3.4440442705410064,-1.8545099121790587,-4.5130678526022425,-4.604789335799486,-5.8856790715598235,-4.120452021252142,-2.4448329624083978,-5.341849966048074,-3.2215731735295807,-3.8918196563033174,-4.86496051462083,-4.532073281448275,-4.169404262235501,-3.825872859040147,-6.302628762901692,-3.703458783927553,-6.208896672776966,-4.39973395867787,-2.5998568760556795,-3.4073423378536414,-4.50067173691778,-6.397451202552751,-5.754746202028491,-6.307602554712943,-4.954271691935013,-3.040705498585942,-5.3017016794609635,-7.038270766229059,-4.970568769039482,-3.9281998574397274,-4.700191654588602,-5.43518958664417,-0.8876654575728979,-7.696803506499803,-0.4684946699150834,-6.124728988260009,-4.6157144594190305,-3.9173750828577982,-2.244574914077184,-2.4736358603236783,-5.205987385175944,-3.4878999240583206,-2.916421663633207
0.20650022924017694,2.45748024192697,-2.661928678511474,-0.8926626721852449,-0.35167133990077637,-1.3352438922174061,-0.3870803529666169,0.9574491857863676,0.9128184792375014,-1.1649584028636448,-1.4782560005523098,-1.3805695295230533,-0.5718951963708281,1.3555760670312376,-2.189930892455747,-0.2779379648007923,-0.07927008497664542,-0.029919743046141423,1.5848869925403914,1.0989299508544894,0.3250382922136693,-1.4867797599691683,-1.0002906130892366,1.3887692717904465,0.8286129758059642,-1.4016858254504654,-1.2085328739645307,-0.05630930278283003,0.1222751646289777,-0.9521834235918937,0.45529624791382783,0.49017833200961786,-0.24558964931127522,2.193727419192604,0.45067123789953134,3.045466593070887,2.8997892713117226,-0.08722149311783217,-1.0401028418846527,0.04065612092280735,0.7758572063823064,-1.9528166953412067,3.982688191748101,2.2302476639499806,5.312179751171298,-0.20807177865145698,3.1443172801790187,4.035616337172491,1.736727949415016,-0.5749734544753002,-0.7099460390965132,3.6884077716676154,1.9605997845988294,-1.5605592822362888,-1.0037615953166674,-3.609230604165028,-0.4411079464645937,2.5287913819939507,2.265612550051297,0.717503880911521,5.3525318266240385,-1.6719344304366537,-1.3657240544741782,1.399656399950125,3.206902312725982,-2.057896624495217,0.895889141758091,0.28384340463694946,-1.958963694338593,-0.09017660447791953,-3.131286836791871,-1.87833112438144,3.4109417635090913,1.562426676236341,-0.1927050941894628,-2.5826420040930427,2.4751268659542154,-2.6919685451483564,-3.420489105886118,-0.650172633357144,-3.600385616019171,1.8573794793430776,-0.00916586581446821,1.4106883237480112,2.1971868327667385,0.485154548889773,0.6546239068763177,-2.1518320771341966,0.72006584814502,1.065247517566255,-2.2581890878955697,2.17527828225023,0.14735066346861425,0.3434171740047077,0.29869414157196306,1.0738029956328807,-1.3695724478300808,-0.10775421955521791,-0.7114364480855321,2.7916068954870177
1.1270624932740119,1.000287485078968,-0.5708874173199185,-0.6077387383366848,-0.6819805525791964,0.2254947826701006,1.0275761619081056,0.4949936676921194,2.807020583061839,0.8427943433584849,-1.6027245482143913,1.3370398005643547,0.42383673793176435,-0.7094154195947897,0.7099614995826637,0.8853174488873377,1.2401351493412522,0.2163615266536526,0.05475887485368906,-0.32389857898857616,-1.257497319281347,-0.8629863809623946,-1.413724091343386,1.498362763634671,-1.531532325489136,2.270493426771993,2.4405693541391402,0.38776701577736106,-1.6255736778993093,-1.060605998566202,7.385384606085134,5.285548828739046,5.294432436653471,3.0747036937578205,3.5051727826301207,2.1598175384239737,8.620069346288817,4.573271927176886,7.341024390719879,2.609989051598699,3.950779652802495,7.904825034085521,7.108195910671037,4.812259040138333,6.482571233501786,4.081252419098017,8.896418337434794,5.810215690304758,8.010980570742984,2.5137944497567744,5.200111874510221,6.180956144603636,1.220732931655745,4.576369483953096,4.304041335814505,3.4830121264392098,7.641426790846145,5.421933243796397,7.032967602173221,5.891184113094563,2.805836738529497,-0.3075587895639026,7.384152076708048,1.904082806660747,4.039592761515877,3.998670835545903,3.3730636289620985,-0.6329660300531296,7.544470953560565,4.1200590278682245,5.716173174906545,4.552336524061248,4.218445155618431,6.534200441386343,7.608319909276319,6.173927582532577,4.409143189182991,4.855779141545381,1.6522926770071167,4.062547345218279,3.5050210027915583,6.919168112394505,7.618475560724459,8.797837184303926,6.426814062812363,10.75209599765404,1.4727196340864903,5.968230064327414,3.121238842902989,6.056991221924827,2.633279289063966,5.334766024415929,5.107853630591798,3.0732271247287155,2.622257608226872,5.041604462220721,-1.3374462203072617,6.229087400509887,2.211843306463445,4.463363162181043
1.2246602105188091,-0.8044358300587932,0.18197557968331574,0.18248294367348533,-0.4603399994509568,-0.18665092800689292,-1.392271553464206,0.1341057645331915,-0.06403220422276179,-0.6984062640913362,2.001579172482269,-1.0916965021908793,-0.6468716146412634,0.2506225091574458,-0.6114817315949749,-1.592461223354918,1.8759150677554568,-2.339439132430181,-1.038250940011293,1.3907866381309284,-0.9635682974012203,-2.102545871576124,0.707684545728962,1.3284320498563198,0.3343723547005352,1.8324598244284753,0.14361322955535583,-1.4506338388905267,-0.692318136180103,0.2553175733239976,-2.384573140619861,0.6461968991951991,0.4839350917983131,-3.649225814251327,-2.114694269298714,-1.4612849440144002,0.517588032455913,-3.9753909712562114,-2.6396435680981862,-2.2725097341409963,-0.2815776858060015,-1.703126129566194,-0.2924218680794063,-3.736223425442593,-1.093665929271499,-0.23827337490631928,-4.4525689751202355,-1.4034566443269116,1.630437017611181,-3.2193148286138813,-0.005985175448540991,-1.8791057201974803,-0.6677471849229375,-2.743463003867112,-0.05326524074404204,-2.0871086292117615,-3.026335802147829,-1.508146233784271,-3.1832694490145856,0.8342314406104355,-0.6669350205172433,-2.164587536961299,2.5078931375614015,-5.850337359636613,0.9356685642364091,0.7079534067651986,-6.217111516775491,-6.179758209393156,-0.4392608466308146,-0.641581804541008,2.8471108878928892,-4.0882985364161835,-0.5999937409777848,-1.6525393109885242,-4.068082639558859,-3.4780913756403176,1.8570275299786096,0.40873749097772905,-2.4762830677296677,-2.998477642562962,0.5768307730496594,-2.944186176499027,-2.316569763729336,-3.9193822537058103,-1.9907948876750683,1.9395967786584567,-6.634480564381071,-3.9487730397417677,-1.0994315765115643,2.7138820827186243,-7.452017134293355,-1.6804428718365494,-3.4287328775819814,-1.3927582326185912,-5.6125071993512705,-0.7842556605978528,-2.3037658319229046,-1.3372955483198479,1.5365973597170974,-1.3930197405562366
-0.7391457160725277,-1.5491483476072816,2.0708763373916614,-1.5011789136570834,-1.329621199163769,-0.5144436066624297,0.10798048291852853,0.15036048296835858,-0.1140434296156031,1.0575722275829473,-0.7657270297816052,-0.6226404705436325,-2.836144540037896,-0.6529741082778817,0.20325225726314403,-1.0845626025638362,-1.7772588165393883,0.1917630307336149,0.4830213165760191,-0.3098172317455964,-1.8355589441015179,0.16811892776129456,0.5228144647613113,0.4989648596534026,-0.2235245935072585,0.47148918410055335,0.4366271516808382,-0.7941075579462391,-1.1273738610226436,-0.5642603828140728,-10.22404429281719,-12.199948533770462,-13.406436416650616,-8.575514351963443,-11.551860246582457,-11.176203854701294,-6.812925544460448,-7.179623271430471,-8.79769587191448,-8.82615835743132,-6.507975044092261,-7.465164606904125,-7.317058100010725,-8.646575739396635,-10.163076208716655,-10.694244201600156,-10.164761113518596,-10.679803311024381,-9.146522523847178,-6.352270455140017,-7.389126667338849,-11.572859845330024,-7.322354970130123,-9.902786529057325,-7.720965034089299,-9.407575843093095,-8.36959879018601,-8.1993419212174,-9.886597451320954,-9.846113474061951,-5.408447661769676,-9.068812077486724,-9.118018713191361,-5.331272308362363,-7.914207131290248,-5.851316634130339,-6.212767923228282,-8.978316631829372,-9.272379695489086,-7.493025792931617,-5.361524174942575,-11.313310736704421,-10.54422590475961,-2.7752612804058105,-11.06492346931853,-9.732662196628933,-8.908485551023574,-8.723314900467285,-4.5047450525118595,-6.489503982071746,-7.214711848041485,-8.228202277907632,-10.555673707460402,-8.715942680524016,-6.499980166214106,-6.7764356084151505,-6.084617735341832,-6.250764492985183,-5.696606557628565,-4.776048549974311,-10.743908074515438,-9.823049734084638,-10.484599433756332,-4.940846240966603,-8.903246318672213,-9.088619386458788,-8.116757329184626,-6.602493742568608,-0.5619443150379598,-7.686743929411891
2.4305717382089624,-0.827881799152225,0.2654526543761058,-0.47231302828170496,-0.6132149673807108,-2.640934011319063,2.5719436997692613,-1.6690839909553734,-2.0445260329970303,-0.8062337283184877,-0.9529440833283027,1.7244109167180128,1.3906103418752704,1.5334748360242623,-0.6820135315748901,-2.839711561587718,0.12051006183877089,1.4854409944715825,-0.9621975476307034,-0.5533743356633398,-1.6066119423296599,1.3520615875547322,-0.03945473439114777,-1.2725407960117194,-0.9747972227837514,1.1747486232588722,-0.08047884609546452,0.342643649835326,0.14672205994355325,-0.3381761498446813,0.1309523604522051,-1.306918538457654,-2.461481961367218,-6.156321694659142,-1.8703332398799264,-4.70588269214879,1.2918562273710537,2.36863772295667,-1.1779237298983873,2.034506184869754,0.8505706900445998,0.11395530997893316,-3.468726557644284,1.1347266945001164,2.0395914276611444,0.4517203843350953,-6.620929094049082,-5.128379430500604,-1.3917633184629603,1.7751154042980875,1.2518994772109582,-2.5407719620554454,-0.5085496229362101,-4.337489074260933,-6.176036655203148,-1.1787705725726474,-3.365149586926993,2.2993387878592197,-6.20617439592519,4.727468981648098,2.361263641052997,-5.232078326990297,-2.951318493211157,2.2062544266005997,0.11551865892955249,-5.195705073333793,-3.6463020400294166,-3.0539731385460755,-4.059028868678638,0.36179021285959734,3.0252685705817965,-0.9617251174716939,3.3062558044529435,-3.2746902367504704,-2.819017564077996,-2.7497463645307785,-0.7206083257296683,2.645022405723898,1.6033987803167085,0.8022344851076615,-1.6652418537808007,-6.97060811254497,-0.5638724349629662,-3.2968770727909162,-1.9851302508526412,-2.287078178028414,-1.5611591963719342,0.07464767126693692,-4.703318489699557,2.6622890532307113,-5.3506992597084455,-2.725064929212233,-4.770400423125527,-1.159007485042398,-3.099693810126018,-4.093034342726554,-6.94599000769585,-6.807504020196767,-0.5023703949456141,0.47838636394263284
-1.7972274544363143,0.03198955446684233,1.7827048694648104,1.3415498565298378,-1.1109750084256411,0.2400825535943504,0.5551049103740574,-0.17440176440019903,-1.894100875636568,1.9771223812172425,-0.9362154735273005,-1.0621930207448202,0.772571583758559,-1.6522056303064392,1.1306577049712643,2.9416049414580625,1.6952251536350909,0.37036520397028094,1.7666405622414507,0.48145567821305674,0.2945451514632154,2.614340369116486,1.6079804745778716,-1.7654019698902057,-1.7887920063352838,0.1686503352732371,-0.04225139042698062,1.0594568838758605,-0.9577872058240147,-0.6062574746341474,8.38756008781817,4.783743779298739,5.209193619095521,10.59021284821586,8.277245916574012,3.483892235254389,5.04822986133938,4.205209543146594,9.027609224313277,8.874794241370587,11.180665997717309,4.353310386619916,8.223262951848682,7.327892613803565,3.2886354623651854,2.83734559702195,6.967575824082233,6.7868701833492535,3.8814514716551916,2.245083749476581,8.526247799874058,6.95629001611615,3.5640314802789694,3.960576160865546,8.847329236969848,12.184177466590015,4.979072675537013,6.234593297311172,7.8814904609640095,3.568808754778029,-0.5717418447206999,4.6742459212360705,5.8298641665406565,8.822490821309087,5.714686226043121,2.9580023758336615,3.9413705703237816,5.938358195081318,3.6165173495883596,0.02459003463364845,3.7411411857682175,5.893544724398693,2.6516342299649596,4.944386396454916,4.416027383939991,7.025594438371506,5.19138068468547,6.511941338613697,5.14611199077002,4.787462010538109,0.6680753264797754,7.912981692298123,0.26587765427478677,4.4682259276554674,4.371837523505808,2.371113741080182,11.090510792132468,7.282220476456435,8.663929737163297,2.961018860362134,6.469339999568683,4.755432503915755,-0.028582597070004656,5.583317869215503,9.856826880335381,3.594198509248891,7.77018312555769,6.679893063845031,4.632194349758457,2.4700507329323833
-0.8771137774110276,0.31835780373485145,-0.13797143207213125,0.3141875529446414,-0.6720411696590632,-1.8094740308968023,1.5886676539617666,0.15149291755187738,0.2819782178135102,-1.001732596627115,0.6664799329246033,-1.108532397091142,-1.3936230668734984,-0.10850739007117449,1.8534847053985457,0.5230724634534551,-2.101472158984894,0.3559931547606801,0.43953351064500856,1.0303305763569692,0.8912653093821026,-0.6099526537072508,1.2081045981005145,-0.3180487452868761,0.040604189693992654,0.8720634562751612,-0.4396791070650051,0.606850922008616,0.7758406838349237,-1.8591447905522895,0.3353877455613671,-1.2990950690303422,-1.7385276656054607,-2.3973075864443127,-3.7431185127734405,-1.8299771393579223,-2.049461342511729,-0.16844374094820946,-1.9259496337228355,-0.7638627850920794,-2.0728935527555916,-3.5626451919167508,-0.2635454858195515,-2.9146205200091466,-2.242118425871616,-4.497809641340696,-2.9092267461893595,-2.417492624452071,-1.2376216810276868,-3.4707650387284015,-2.4555863182361564,0.06008027747996042,-4.59637435701486,-3.7587612206788914,-3.068246156596606,-2.259407460923974,-1.9070961142206242,1.1595611911164627,-2.1095464899583525,0.7515764167212028,0.4930383770496976,-3.9659676261851624,-0.5619071193465024,0.030343617258599964,-2.006866935995174,-4.297864286489868,-3.0376747441452308,-2.8389907021361447,-2.555643127013341,1.4661867296616014,-1.6005929181580312,-1.5103755594935109,0.6173681977867453,-2.195631594344402,-3.0894152110767887,-2.963854327584492,-2.5135164301982873,0.45230511032588705,2.6766211239868714,-6.305557891078222,-1.3732995828925325,-2.2437250574073144,0.062428772658092546,-6.366676970717771,-7.370681183588168,-1.3750886979365382,-4.013008961947229,-5.829596856925065,-5.8543813924562995,0.861325767421326,-2.1375315235580157,-3.431381269399637,-2.849052117389132,-0.6766695778639801,-5.817774325425016,-2.2283162336052387,-2.925355383340985,-1.5666342919649836,0.14784196114956977,-5.398065069037578
-0.5605092665770263,-0.9628569762172423,-0.569928869169493,-0.0475546880494377,0.19314294702362605,-1.8296850364606838,-1.1544804767717867,-0.11978973460691122,0.5634194984387133,0.573973254988607,1.0152821065690227,-0.40388120484790724,2.5985679667063364,-0.39000462170765093,-1.2978280066516892,2.071335659604822,1.172501364877212,2.0453898998310063,-0.09041046347646181,1.0256735582829095,0.9126666589110054,0.05637841678696215,2.7460913046317534,0.14569607483280905,0.7274663515619546,-1.0716293680469064,-0.018343157804784738,-0.5714808696038672,-0.25977808365025506,1.35929303633018,9.360739588167204,6.38426153830325,7.978371875100196,10.53541610873078,7.747453200654099,8.310981882981956,3.5115816677683105,5.28612864412068,8.344352432924433,12.939554159319776,9.606932478851487,4.776402962326712,8.969584493372844,8.412973689470274,10.362839318531908,10.34673816149101,4.812475637225568,5.997537344780523,7.7198381751928515,4.793214216126968,11.119180156248996,5.968225582355767,12.004749951946437,5.7006434569619255,7.015860508563491,8.572895466977256,5.462611093689939,3.604852792486185,5.350449824734095,6.757981824390132,6.245308520534574,6.95292710695518,5.9672922684649405,4.919520683220381,11.175571856140987,6.324941007636693,6.197338029650274,4.241443917186768,2.795211351588893,2.8576949783542656,5.084702595242679,5.060460769912577,12.377078991188133,4.2776322117718655,8.530884523322978,5.4041022577890185,7.065793256580168,9.686073819951945,2.035467658020469,7.871717118022347,5.927217619883702,4.469637560811668,3.8611774460086585,3.2460951711881076,4.810564305098177,2.7617820303946434,8.625658762492218,4.257220881691365,5.160406455809504,1.5925352038646883,3.8971534786084905,8.657623284886757,5.443181038971044,3.321728670613416,5.273856478163884,8.647983880122949,5.269911941551368,3.2694800050018173,4.174677535842745,7.212158103227244
0.03686331742267728,-0.7170827457647099,-3.9116791165113356,0.6244966569434809,1.4778283234011522,0.5136361564849081,-0.27427701873181054,-1.235179584234068,0.9978921396156164,-0.6353021086213861,0.7013506340606221,-0.448191371528594,1.5618433445778326,0.3569411534188385,1.3335672910182923,-0.01412588680562371,0.4518348924145077,0.5731794909868965,-1.11988883707181,0.606810050595485,-0.7225232550654637,-0.941210263104697,-0.2717681175492257,-0.5010354695053175,-1.4251796553418,0.017907519084584433,1.0234454918044114,0.14076005809082606,0.27718585356464653,-2.0718938254013524,-9.979778652057195,-5.688460643530988,-6.873999691807228,-9.103100922975587,-8.542026806691135,-4.397730184390834,-4.369355130726502,-6.0443198477376825,-8.844061348790758,-6.680833590687232,-8.816900678448173,-6.686032570612704,-9.686764675896931,-10.290639377569917,-3.8750729398916683,-7.615687281089368,-6.571360494629542,-8.13186659596409,-3.7583105079944676,-6.053122104079665,-8.215855116942496,-6.443550576655083,-9.02346060411536,-8.703608408757699,-4.52632397178406,-6.365513565022045,-0.4282016349866703,-5.1564145873747735,-6.038723934786147,-3.0543831410362206,-8.173133984401625,-4.114389868732509,-1.9016516825145815,-7.826860451300353,-9.945376012045955,-4.552541297814503,-8.830363567264769,-8.79190655355322,-7.605830492214672,-1.0135303444192671,-4.237777863393141,-6.945216662468084,-4.665686155388674,-9.422603144297248,-9.700328804948523,-5.302873427580892,-5.683320679716278,-6.361393534980505,-5.730848455751302,-8.626908762367432,-4.950429823400927,-4.673566321052706,-2.7973041679667565,-9.374962641845972,-6.8532192249702195,-6.864545485639363,-9.397093826505637,-5.231106197334348,-9.771160237036723,-4.9498078555053056,-5.9881836815912335,-8.275738785943798,-4.946903333963253,-8.705793518624043,-9.37482577309893,-5.106776164516697,-8.6089940376177,-3.2360210031159427,-9.598098270179248,-10.21787199392671
1.7430350468660314,0.28104702638154233,1.0578436546144392,-0.7501467865055057,-0.567282683294443,-2.260549918309011,0.9886509818405527,-0.3461994155784315,-0.7706067810555894,0.4138865183984727,-0.7363602900822721,-0.31653546236679486,-0.9273006949859368,-1.947998591121633,-0.5594668794752061,0.4012896264847925,-0.7155287531888492,0.46489766998676574,-0.8267302256300137,-1.906089239872117,1.2142341148619098,1.7406195108112938,-0.8873399204494179,1.1296422288254064,-0.3558620252026736,0.8393129329171007,-0.35858043065028766,-0.42559282331045006,-0.7797329337526351,-0.7931541469080403,-1.8473753459728164,-1.901371499840435,-2.0626632546340935,-3.4924086930425933,-1.2279674824082878,-2.171302513563353,-2.3014291241664364,0.9806572698408749,1.8092381672434232,-2.2795683682744867,1.54932717894294,-0.9438542396061719,2.153316189523961,1.1938352875353768,0.892194855833629,0.7893415162604441,-1.0750811727983334,-0.30868226340547267,0.07813564333269792,1.9340755039894,0.19194268131509512,-2.2788610234458275,-3.817374667460952,0.4223136165435436,-2.5123718400645947,1.3867341706247767,-0.3975525797115387,2.144191738492804,-0.4499512767586718,-1.8542129519344928,-1.7723017910579226,-1.3597224366513285,-3.138129788357189,0.06056203429461715,3.36446353646175,-0.13927670664722858,0.017330649907515983,0.8060782426684784,1.857661136068037,0.9553151306036478,-0.9881313881495917,0.20234709064229822,-3.2239541454879603,0.5144789109692308,0.5524386480787339,-2.768087146883895,0.3118099480459714,-3.9839317849565328,1.3949064492458312,3.290080980926429,-3.5453542620859726,3.1326099183580927,0.6581469222596257,0.9285332221714304,1.101648455472492,1.4360525669112056,2.853651846243569,-0.8998585540557722,2.424225992945523,-1.9409513043788027,1.998030140062472,0.7227737762384054,-2.0184754928469637,-4.307887334488386,2.28639160839875,1.9037658587321065,2.2243405074951084,3.0227509410335363,0.5287135542302629,2.136981883740107
0.7548167020838583,0.6242543547172426,-0.48510496669671677,-1.2523701430268346,-0.6353644674014396,-0.9393561608832195,1.1777275290073832,-0.1284248764695596,-0.4711979733173344,-0.10622958354873324,-0.6322912795775654,0.7010513413572402,1.0269264525556423,0.13547464175520219,-0.5770437163580063,-0.40215110833133616,-1.9218642060742395,-0.25680324587567027,1.0748951391160129,0.5004989695769271,-0.2481003492404776,0.21866368522023427,1.66140991502455,-0.2851751600255962,-0.2663653299883412,0.8075020933771099,0.8673650436982266,-2.116335818304628,0.7877570680949476,-0.28951023527584135,-0.6125124280623266,-2.2624510684968886,-1.913194685239514,-1.3814550684348101,-0.28782253739617947,-1.7446863171654805,-1.0017105001772455,0.5267041019576462,1.2185684751164003,0.9192976866388572,1.6443779909667986,0.8565038086458154,-1.9533712263637473,0.712789560690073,0.3876793280964681,1.967901361916939,-1.483180169889011,-3.3477831680992414,-1.2604595847049591,-0.4883559250585515,1.7681982238157499,-3.1042455327202165,2.9550988172131616,-2.2430391857876337,-2.1199067789576844,1.6472730666728514,-0.8182808779927944,-0.4491585345517914,-0.972341434838114,1.1106691363802623,4.851231225562185,1.0190855367094964,-0.5241672113440603,2.8990226490477227,0.9459623180027223,-1.019798548270168,1.7720071727560178,1.9692185364096078,0.30992321598226535,-1.43109173795966,-0.5648200715797114,-3.3932028797308362,1.247289764797508,-0.8943920274985798,-2.9292997617558902,-2.3705122368229787,-0.015274304020450769,0.05599141398946836,3.5605872876370137,3.4581593335195544,2.8799355894547602,-0.8481430497535893,1.8013001391760375,-3.046303446282929,-1.95927559254197,-3.7146084432930477,0.5997794626344445,3.0402979553096365,-0.5850432707646587,0.4098708322803765,0.4619026352759777,-2.9652689516578943,-2.544426309179056,-0.5005609909785125,-1.6081088703406352,-2.623383453196407,1.356376736663098,-1.6780285505369608,-0.7287749846724576,-1.3521127969966888
-0.8732119160781071,-0.3308574339401636,2.5184300882945756,-1.6884769933286154,0.34052925323731775,-0.6018469272279408,0.5704810427642784,0.08972433874953514,-1.6889772092820396,-1.4425648546173517,-0.39862035586276634,0.2573478853066075,0.859227172498491,-0.057040589963948896,1.032796953396711,-1.5757637404342573,1.257626265042881,0.09188224176643686,-2.4839975700762653,0.9749160545132187,0.2753483207698031,-1.3689152335145902,0.6404974223348032,-0.7520894269005493,-1.6704123234536459,0.1699522448304523,1.330567651246956,-1.1708798656138946,-1.0415890803326355,1.4623019917188698,-9.447029788861261,-8.303123912064862,-7.16814203475578,-9.669277967648922,-8.878776590297628,-9.767248400723606,-7.5999961224555905,-8.651467939906691,-9.877810856201625,-8.581545993437246,-9.445036333924149,-7.397408222369992,-9.398761648627644,-8.106344955464936,-10.697215042668178,-5.707196285241695,-10.997586948945138,-6.668487323375817,-9.52526665101161,-8.14766740951082,-7.379081939915044,-8.552853350694091,-7.736565127786395,-7.704571967085092,-5.36283022265483,-3.456423499092128,-6.749751930630628,-6.654450436185384,-12.217585434823423,-4.270093165307685,-7.546576009306788,-7.999983390860822,-4.872276116266243,-7.327808067011256,-6.8266577671205155,-5.009184122130565,-7.143361199553168,-9.243889241953429,-7.618922237044048,-6.532151144777761,-0.33939692914359404,-5.386008881430964,-7.582761175229522,-6.298505319759235,-4.43610136001488,-4.7783615030034605,-7.919400550642386,-4.464769248683236,-3.517106043002118,-5.961865757009289,-1.1508529360745356,-7.784718932505864,-6.890555849369465,-5.705602204176774,-4.9956478500506805,-7.255151444752436,-8.002496273427731,-4.133096831281529,-5.430375712020613,-4.0132230475220085,-6.545935511845082,-7.276594393630551,-6.271592204967033,-1.9112423169242563,-6.336056888053674,-10.301559292577688,-3.1333070914553853,-4.485773341208391,-6.001246666877583,-7.660051934681196
-0.6841486119066815,0.0797104595600299,-0.5492861338517733,0.48086989826729143,-0.08959538478817289,-2.2707286135646867,-0.1793542033586238,0.17484035538332682,0.04413082689744792,0.12163575351876788,-1.4838109133586985,-0.46720747260115714,1.0329703965324661,-1.0468664927853508,-0.18017141612157794,1.0198835882571196,2.875601530300007,0.5787489012142564,-0.2491952014108719,0.8249363581540512,0.3585611199010522,-0.27063250279806667,0.4627921927313229,-1.9729687570768903,-0.5636725438205573,0.49846941541214496,0.7540606682244454,0.1582886473316245,0.1260880048670069,0.48652449011001897,-0.7635476773083127,-1.3192446756649758,-0.9080602008638105,-0.15045084118854962,-0.042259486135393015,-2.924715170742294,-1.8458908577469566,-2.9032153090365336,-0.7045694208421585,1.7845993937600881,-0.1909448163713343,-2.7219005951161845,-0.3348383594511099,-0.26151193468577794,-1.4973707904093094,-0.37008714139823795,-2.2260271522197783,0.18807881591167908,-1.6219302610839366,-1.8671106960759603,1.0748740513751236,1.139033744274167,-3.734181358931228,-2.187473695768126,1.028665887797193,0.782570171013811,0.17357605983472008,-2.3926015307443835,1.8422568199705156,-1.675557565449497,-4.625884681670029,-1.2997312835177852,0.17165506000523134,-0.5416337276300113,0.8927049626564021,0.1491711838004502,-3.4817684553330395,-2.1449904854718205,-1.6565866630031152,-1.815538582815803,0.19019996739729328,-0.7148397798334316,1.3435458007659256,-1.079990074620542,-0.4557584797411778,1.9160647119116019,0.9128805494753722,0.6629262599728415,-3.47882382810423,-1.4210055480572017,-2.191596278248466,1.7110872368330305,-2.8093480198538803,-2.6199668638702294,-1.1304817720230718,-4.28458707382518,2.162280534793728,-1.6618576579308564,-1.1563617810914222,-0.9300977716255726,-0.624448538893262,3.214913269555902,-1.7951089997508778,-1.3254983996983443,1.329191943526066,0.18720582588560075,-0.7439770427990763,1.1439920781995363,-3.0696538116534153,0.27221420304824856
0.05604874143615102,0.36452129024038205,0.597890017737434,1.0930688635981773,0.22593144259429573,0.5845343624071693,-2.17057758684669,-0.25844803269968364,-0.8025541216883734,-0.31650483479706437,0.6861701809185401,-1.5513781756497056,-0.9925760911542533,-1.08024621729183,-1.358684612063804,-0.9443697610085755,0.09016735930795702,1.166032030267764,-0.24055053477179306,2.8710357140246914,0.03992890485038275,-0.8261296215919178,1.1806280372528246,1.759520605505525,0.04107445905393031,2.23929966831598,0.5164270558765439,0.7480518575643818,-0.4616031611317595,0.7429403865387265,-1.784636048757172,-1.4980550971191622,-1.705630682337633,-1.8015448027784715,-2.4487444024230602,-3.1094790379532173,-0.4540898568995915,-3.9112316226980903,-2.224353075360722,-1.7405942153717158,0.6064380269071532,-4.1625129394333635,0.9400105701205353,-3.1034619341753227,-1.7720185795903391,-2.759919932593965,-6.695937838055296,-2.5199046078717076,-3.2947507942439147,-6.224352797329245,0.6821694050073277,-3.1781214000013787,1.271871191365807,-6.043440376591588,1.4918338579923391,-2.8994904581006895,-5.509241110805473,-2.197921202012099,-5.544427417137718,0.02454687554847662,1.1772266739743307,-7.040564227873736,0.3507000247604294,-2.368252256039713,1.8744804373016444,0.6497161447130236,-2.6892637578344525,-5.215449220743959,-5.192869793948727,-1.86084263877713,0.10499311111039439,-7.287655149140855,0.17559539573522132,-3.0810343963732283,-5.105935185026864,-5.1748595465650915,0.20749625049822512,-1.3199204375626548,-3.331582916237373,-5.692171430677781,1.3721745250694182,-6.038860085115294,-2.2031496377279174,-6.471926331975319,-5.33005124934089,-1.2090098867813976,-5.631445918693556,-5.530426172056288,-3.5990996459618922,0.37455913988629735,-8.414673801496331,-4.439086998765294,-3.5019431476417915,0.45156004857390886,-5.296821215306763,-5.2267735558921835,0.3606531293964466,-3.5314109994432945,3.673959142206475,-5.3817936338546595
-1.0686595214050338,-2.4738727862787044,-0.7921678087883466,1.4898581656041716,1.8912350914359146,-0.8878190630077388,0.2956409727191879,0.3749915621278258,1.540622984230295,-1.2882423130264962,0.5657186913151757,-1.9120995476012257,-0.4476003597045615,0.5867573739027836,-0.15613541817778318,0.7511070895875909,0.5919330875728459,1.526742309984704,-1.1687171971350807,0.4222889225579212,-0.051338853729220646,0.7986193999786156,0.8005320989997606,1.447597550123944,-0.053824718533063504,0.20029486475723435,-1.0642797702172384,-0.06258049684451503,0.22309358749566116,1.4351019573424417,-1.6205592011523353,0.769841745287575,-0.9683684582961951,-1.3871721118037303,-4.3538310573912264,-0.7263493912926664,-5.035085247697241,-3.1561220927058873,-6.015231762611734,-2.745072886595246,-4.702221734552278,-3.795232014548027,-2.2756738335819837,-0.6271825647261716,-3.3346683692441097,-1.2458854211922092,-3.8483811826033643,-2.9306078290402358,-4.0532333739501265,-1.3290523477425327,-3.45760709011752,-2.735550427040413,-2.7224114707797886,-1.513754019713296,-2.01620950495034,-4.7200581430385355,-5.803767754626886,-3.895295499411571,-4.177085344956745,-4.132239001543709,1.0984635388953072,0.21350002713443728,-4.812066332082614,-4.924403724297852,-0.23548020913581147,-1.7200084109200593,-4.000116074167621,-3.103298256239713,-5.409180492877272,-0.8801140463329241,0.21337165062208985,-2.97204156681941,-0.46648880412856253,-1.2063951603353313,-1.2872342492333688,-1.393328476768306,0.12507358264228718,-4.516623786526429,-5.898517142195717,-3.401326883389389,-3.6599655075530615,-3.857461081870648,-3.107421873015809,-3.284098936935279,-2.802901473228637,-2.2796487796450795,-5.779884731773551,-6.661507239679136,-0.9778711203580104,-0.3788258241957233,-6.94033222755794,-0.001954266780405861,-3.1089280677068865,-4.188027210314767,-4.548357790907525,-3.21710991427455,-1.6578939775333659,-0.9361481806158803,0.4685666136320524,1.3479987337150445
0.23604343820943052,0.22587262598280017,-1.8923430923487898,-0.11199436496851528,0.34948831043769674,0.3066946024973024,-0.2383763516580476,0.05522639361408255,-1.6617768815582459,0.94466854770551,0.5255631252830452,-1.309171656780115,-0.6685147569256156,0.7644726284132337,1.4410571295566368,0.963638476591774,-0.1822704129905614,-1.064320433989347,0.5581800190250207,-1.5725303186785393,-0.5180973862324366,-1.7618425144888212,-0.3060771567581355,1.487150334637261,-3.5064190984166057,0.6953905523663293,1.161672692598734,1.7460369500653494,-0.5091000749238952,-0.4572361904748707,-2.4701474093164446,-0.46021768878347613,-0.47941615254152575,-4.574997745488227,-0.5967495425607304,-3.719524149541452,-1.7598275774000387,-0.8024509512154033,-0.274331128230459,-0.6928681481184275,-2.2002376439097855,2.334745783230005,-1.5398813330492938,-7.850213132672679,-1.341400532133499,-4.362895103410266,-1.853014326311424,-2.099782960993221,-3.007930219181865,-5.59552815353494,-1.2275147879119241,-2.617469535133013,-5.34287727305277,-1.9368509003031018,-2.1343513821358684,-0.2582957412930953,-1.1704885247676184,1.5186203534983713,-3.6900373386915044,0.550034804952278,-1.341419112091817,-1.3737863301708553,-0.7147684818595881,-5.839152236134803,-2.724520113450031,-1.3945913085486137,-4.165102675900374,-0.7706865128828247,-1.6211759659859672,-2.98833657135579,0.49858953597375155,2.3531995641795915,0.2032659902983333,-3.044317996354395,-2.647741863697946,-1.2466170556749883,-1.2870067693432197,-2.275770867478528,-1.7584214799602136,-3.138807966653398,-0.5324677034009044,2.582748394591996,1.7138606261592424,-1.552581255855268,0.7877276507995254,-2.6054871290393704,-2.4832574244456938,1.2194451480252586,-1.630080363389287,-3.7688565732534407,-4.25677394008618,-3.286623490805851,-0.39770573528049336,-2.0279150846133627,-0.7773748384022419,-3.747425416119518,-1.5148260448431525,0.39589624218967434,-0.6079695808639214,-4.88964312409617
-0.20678369284776132,-1.2768003566047241,-1.4899635692109645,0.9577932636521024,0.18869617912893555,0.42460159287726584,-0.470164402524143,1.323454146650197,1.5489877099250378,-2.915908312596166,1.661838136186769,-1.9803744924176445,-1.7391523737118426,-0.5571417530392485,-1.7160128691222005,0.4641235661314991,-0.6177595015011144,-0.8964561989277462,-0.4548474660905117,-0.8483560713711026,-1.2687777604456614,-0.2813439076982177,-1.6221964109892333,0.12270242051407271,-1.4687458006775427,-0.8798690426801554,-0.34641999400944945,1.1129204278761198,0.8795429558474283,-0.6753911822717757,-7.7870351286518265,-4.81287039144986,-5.476439574994517,-6.873562359139947,-7.813132573905834,-4.808576278417579,-3.651195333670262,-5.639423708495108,-8.706398077547101,-4.349530172939165,-6.471482626323267,-4.9936046264538865,-1.2195902152390006,-6.62889346563621,-5.565686521288756,-5.717265409383205,-3.4111188164427633,-5.352323452484651,-7.596563865560437,-5.525751640280976,-6.151385360921356,-2.47858169093738,-6.866180712922709,-5.72493825807753,-8.3257381218191,-10.665295960885768,-8.623789321215687,-1.7856304439068293,-1.8011829484041972,-4.8733637219784915,-4.184309439084905,-6.62615036810513,-7.39951826793855,-7.365180058042707,-5.016209959946334,-4.278871146407867,-6.789063058031123,-5.904077936382356,-5.187868805029774,-1.8846845411171855,-3.686406683290749,-0.3085335682869377,-4.483351491234339,-6.911991039660488,-6.1998408937549545,-1.9852954054400165,-2.7763339218474217,-8.324580237759767,-10.190185501251264,-8.989289687825156,-9.223208095542612,-3.5075362970884494,-1.5660043454713102,-3.2218244630505426,-5.211429286640317,-0.6553023018226718,-5.967629089831253,-4.530403803135533,-6.310171558000049,-3.580388508206084,-9.416009581675757,-0.254985121706707,-5.882895533776358,-8.144501281922823,-3.847179756717011,0.8407296320575255,-5.319718506215687,-2.2094885978891488,-3.4490539048495674,-0.30406772162814844
0.6229175453712519,-0.6649740434273945,-0.6670465668642855,0.594853689960136,0.08283983114523583,1.554829433763179,0.9947130555953594,-2.294708271982932,-0.861193131837355,1.6570129418338446,1.332328180634836,1.1638241716442381,-2.305386474790492,1.0478016963680876,-1.1071274593870768,1.2050331880756304,-0.2605582541257239,-0.2144971857725957,-0.9755369661811204,-0.6093436512685206,-1.5298390656065148,1.018782883529422,-1.345935035228198,1.497828466224514,-0.048537121707444175,0.6755166528948622,-0.9118989212598709,0.053888956130245996,0.5150563978352152,0.5734174740742704,-1.8987014310349954,-0.06555105958717125,1.7588861541129135,-3.893174103884586,0.9937508967664903,-1.4101615204741231,0.3820113203641997,-1.375730889174193,-1.7483927213027037,-1.548656865584254,0.45430552104659816,1.4213599671982717,-2.183488634694068,-0.5120572443424132,0.7963350277057755,1.515098807728791,-3.8027250202265974,-3.0238224784410836,-1.0616738643099675,0.13956864652960232,-1.4888478989340437,-4.149895330374483,-0.2552433092066906,-1.3742419745368126,-2.0154947364893743,-1.6329607165607194,-0.9451347485022701,-1.0492450095194858,-1.8859220361978628,-1.0944298198189941,0.4564617343395578,-1.861942558190413,-1.6368247185232643,-3.423924390450532,-2.0928112606128764,-2.5070267309292,-2.310352250927667,-1.3255399914786201,-2.423159425429357,-0.4561574711061696,-1.7247544485671575,-1.6428362300440857,-3.2520413581769843,-0.891190896739401,-4.733856463006022,-3.3976742711989276,-1.3250864080423268,-4.492519554366225,1.5558396896033257,0.756909766055427,-2.2670996341273195,-7.0725719499573145,-1.508408009850277,-0.6223670124028868,-1.913486603060825,3.707476716625544,-1.4567965831305802,0.17128257077600423,-0.24535777359298794,1.4388026609281286,-1.2609844637255967,-3.1046725521087764,-3.322229439331247,-3.841104104397436,-1.1031709958848046,-0.026563874955246383,-0.6902087100469292,-4.845187839234234,0.3541535914243504,0.11568159760675584
-0.1945822275381982,-0.7481866786258974,0.6510880865030837,0.7211778077545055,1.2389435792130332,-0.5889070585881947,1.3041730382275725,-0.8430232977929186,0.9446955263924431,-0.5398666586225498,0.11416074923775132,0.8192077019074703,1.1748164817341917,-0.7572559418642422,-1.4141587960506714,-2.8985548768183773,-0.5059339408066346,0.1821292082798406,0.1369113842288293,-0.6052655141712483,-1.4652314741484063,1.4156664854595793,-1.4582768187409259,0.3854895078861136,0.6610688621566823,-0.19865564002959263,-1.948222173347026,-0.9693319510868701,-0.6557420892803771,-1.0226111526246047,-3.3318081834701903,-4.204518449089569,-5.469298151475822,-3.765086316301416,-5.952593764209236,-2.4903176405066394,0.6271086523229444,-0.8321270310347793,-3.6213228636130843,-3.037167127320119,0.20609728757039558,-3.355106088889866,-1.4605317830703273,-1.2001797071649534,-2.686566332900979,-1.0078634393197945,-1.0411233543183323,-4.390079030054692,0.14093154505637273,0.07655327409299395,-1.200859482289506,-4.881531294805205,-0.46940452668316546,-4.404973670323715,-2.1577873391827684,-3.7725443646119516,-1.3237222744354018,-1.8399789210455417,-0.873615539676525,0.20727122690497374,-2.6348132191998377,-1.3701233824707277,-2.947785085956227,-0.33692156546575625,0.7986065903621404,-1.4198398122369151,-1.079098241340278,-2.8397495234028254,-1.0827578400786388,0.619775634031849,-3.951909646445891,-4.949350013627764,-5.235460914266539,-4.694791197594072,-3.445873735514372,-4.415230462926909,-0.14184470590265374,-2.069681199966179,0.22250307211927187,-1.8531398491037188,-4.642921984361767,-3.014946384861483,-1.592807446865389,-2.8215432941758225,-3.353020546155312,-2.4631709610179193,-0.8171178795147298,-0.8841692620365135,-2.583884201019246,-1.4526741821404587,-3.1489426934226676,-1.3384787138935785,-4.712683946234792,-5.184637080237822,-2.7001703540528563,0.8988577580191923,-0.1573995560758225,-4.104448502438206,0.8970862981760395,-0.3014298352299245
1.6949425578488477,0.5183229041443965,0.4072118643376322,0.5657179601181793,-0.02899615640146644,1.0425467223176585,0.8007096461573625,0.7898912163472895,-0.5181557791991758,1.2697885633815735,1.5927943833900025,1.5730454018490683,-1.6509886812991972,-1.3400374801758754,-0.54163271014762,-1.484318322645894,-0.6263970263320942,-1.0143912839033553,-1.547989571538558,1.0499288215336873,-0.5656972030435734,-0.8340966364679829,-0.26234530083233004,0.4006573729234817,-0.7201978115081002,1.8578768538718429,0.4313203855726147,-0.42674320837576296,2.411567261084667,-0.43155688066920916,3.082354975770473,5.203556835906376,6.837087121705304,0.5345169069830702,4.21401557443341,-0.06345376185736407,4.09504949987615,4.957572769120638,2.6182059594310587,2.2813118841120765,1.4061383392973106,4.43701256108316,5.4720337464430635,5.063383273113366,6.109993039491263,5.753879680218414,-0.49126320339056967,2.8828204338973165,4.183695516133604,1.9638956802177685,0.7862395433662708,3.983545054761372,0.14776319890643275,1.976158686720858,-1.8218910068496967,-1.4585176483068814,-1.657693647992329,4.477454416734702,0.9255236784651619,4.744370292440248,3.210424921622106,-4.677902376565594,2.655080369022351,2.2979703634032913,2.331354457320163,-0.18717772915420314,0.8826261082665923,0.9599865874239879,1.8095095952647817,3.5607734475500927,1.831486049612771,3.0927320871691455,3.010330907090055,3.0129709184680786,-0.3068374564632096,1.0019595627201583,6.362211540007116,-2.308930327100627,3.287495123562215,-0.4713552779950164,3.152133217124056,0.7954757091165056,2.6918950379817024,2.0717247264026604,2.4904734057130624,7.069248639169317,1.3724142759186646,0.1826432537181923,-0.2147519076664297,2.79028797129665,0.9680061892633142,0.22730678017212863,0.7785697143704049,7.062964903488143,3.7764133321287643,0.5607943041349173,2.064543129529586,0.11253575809198016,8.01271651981871,3.1452178767485583
-0.02957456356545285,-0.5847954050407924,-1.5461507529433818,-0.4623665266377871,-0.8753883337435546,2.677462904129286,1.730026560702092,0.4621249832699852,-0.8410102728723379,-0.4606136668459781,-1.6373231898038807,-0.5365053036657358,0.44845474609515323,1.3777681299379414,-0.35100128199834135,0.588733629737981,-0.3927270971462419,0.7584316569689433,0.4689335190446865,0.8271780695727725,0.8577535785489325,0.18622722164226868,-1.7484282701247842,-0.7244689572354823,-1.0490875710692906,0.4757049967323158,0.12074392174107998,-2.9728820140170495,1.2785829460624685,0.3433658152787218,-2.3189787578039995,-3.027686695654158,-2.2765393577846496,-2.77445005192345,-2.232049937760218,-2.9708417893441696,-4.582245816531595,-0.7138170077932313,-4.792586198854102,-0.7049053985882855,-2.7979928230913513,-2.3383650124488122,-0.8156070330448265,-0.9855296942804977,2.27715380159349,1.689649038182485,-2.8647179573534403,-4.508869871854408,-2.590125235845356,-2.478401320431624,-4.907910092543006,-6.203691598212505,-6.698852933213061,-6.133746360258108,-0.7257548059182013,0.9129352961198642,0.6751227199075907,3.75511155361258,-3.2235012485330263,1.1534836460362492,2.431926291759529,-4.0642515293646175,-3.099343027756684,-4.0706316055668,-0.6185334284858228,-5.71831367588786,-3.220759602460747,-3.466086036859443,-3.8322058255154463,1.6271931286062602,-0.004433536688522727,-7.594007739156064,-1.5666153905655145,-3.225582167548893,-7.057912556758672,-4.129244082579537,1.1141999201875983,-7.107073800174122,2.48864335036311,-2.4729823089661336,-4.816680106078675,0.23379777734381868,1.681168364484155,-8.113327309491895,-3.3418760179509652,-4.419457201211874,0.698448685305024,-1.945108916453362,0.4340745991338814,-4.093880156923553,-3.627341228715601,-5.407457955366349,-5.856901505205503,-4.743871559446946,-2.3622735358410383,-5.943094207948146,3.058141587837309,-1.4634591159925465,1.5647008683879327,-4.840029567223869
1.738221293505,-1.293259556225228,-0.7826680432696798,-1.296852682466829,-0.12852867147901675,1.4069228867026742,0.8295922769355071,-0.007348072381211934,-2.1351889368999717,-0.8964022871605343,0.2841649009044788,-0.5563643829539368,-0.8987844273081407,-0.4333654323180933,-0.8131916584918907,1.8547270653373675,-0.16327499315176475,-0.2073125763138482,1.6548885027200773,1.3972438390210495,-0.1761240470655208,-2.0441479920869545,-0.03637451890216897,-0.28845905618464435,-0.6503349714434088,0.8235077183046056,0.7182003287212009,0.18610862843383535,0.7921343984360604,0.272456480518901,-2.1265200319072486,-1.4793435330535651,0.5539610182690816,-0.126674003826071,-0.02907451921775986,-2.727965126830844,-4.226414079836406,-2.9117179010923957,1.589687187024778,0.37228146324612665,-0.6556136023373452,2.581053997955495,1.5470347986662327,-2.2023895058623486,-0.28760354021651996,-2.976968247083226,-1.4903070787319124,-4.244801596500022,-4.200339889835062,-6.664394451726979,-1.8468820080226565,-3.8311718657514873,-2.8885400625467432,-2.871931032214166,-3.221334514532523,1.8919511880180986,-4.6303371975979895,2.543903845493313,-3.26661613284056,-0.2061552979573384,1.2310600721399587,-5.471266741965648,-2.5424108602544018,-3.3960868997121874,-3.297486046980356,-6.198210946792781,-1.2659005054472057,-0.8499546044029607,-4.439714475423377,-5.964632820494345,-1.9991307932815408,-4.424821524849706,-0.2013657707701973,-1.12545326704535,-2.0369007770562764,0.20636446605175351,-3.4295320548268613,-3.9815109481932582,-0.044123842989394424,-0.62316703919608,0.37964531489929415,-2.9184215924219816,1.2210666516410125,-3.1255853206337516,-1.5002338605323735,-0.045032111618628634,0.42136504669286867,0.010257193267461134,-1.6939243356292708,-2.48369112784454,-3.6248824226847294,-3.977011217637368,-1.0022736979565188,-2.244894828055963,-0.5427456661149026,-5.194629140748387,0.28960572856888994,-1.5110964858992035,2.4617207278312394,-3.6865436249026975
-0.768252530384997,0.8488727170536634,0.6500762361119303,-0.702273857547778,-1.1185160936940068,0.44463278938189676,-0.8409407535972058,0.04613077714898145,-0.560346408487338,0.5955750918996132,-1.7721291814001314,0.7463241824681861,-0.266169981000095,-0.015935348051287157,0.007223226812741956,-0.34643013494218844,-0.8697145796545187,-0.7716527531200887,-1.7253180820807887,1.1337312603828344,2.033382525098826,0.4657428656881948,-1.8596557821755095,-0.9108643277494788,0.1335879339290318,-2.7018180143450907,-0.1734814789518483,-0.20691563122853127,-0.8203675350543097,-2.1380663687016797,-10.112015161794274,-9.770330437922222,-7.494576488363407,-7.2683248501004565,-6.541980563964816,-5.889228782216157,-8.821788240936714,-9.719666384701991,-11.618427055240346,-8.493514499486142,-9.278958046954806,-8.759875057475206,-8.550912813926423,-5.433671254477492,-9.285037205919588,-8.36785116050397,-7.739905918649162,-4.0137993103106515,-9.74953420401598,-5.500043973340175,-6.264672619565941,-5.239347419424615,-8.288746724906199,-7.98157323570751,-8.751360192051589,-3.8626709265119477,-6.42880537840511,-5.536470945483665,-6.120886297046931,-11.363427837431448,-10.641741100094746,-6.306115958621757,-9.068487604246265,-3.921970579759086,-10.837922824258008,-7.7608295935596985,-5.126570436322146,-6.887050800223571,-8.107658339011103,-6.937551505393355,-7.563328339511866,-7.393807276532783,-8.047671466994831,-6.006516612213341,-5.780672524751777,-6.637526587730016,-7.990480196178677,-8.692504699998018,-4.605495609864033,-3.635922070684215,-6.951101187032262,-4.324677743485931,-9.075380359370412,-4.89225046568845,-4.039828195870629,-5.107519473454184,-5.3758620753533775,-5.114346401579287,-2.6490459815121605,-4.370842972200721,-3.2724610984843285,-7.055252657779828,-4.517585139480183,-3.792892011939232,-2.352923046028827,-8.795174374628148,-4.341233582252736,-4.830344563868039,-9.526222426433378,-7.819086254469662
-1.0303294852512899,0.7676123759212522,-0.7947125271239233,2.2753330645731555,-0.9879123701303213,0.822733687431725,-0.3639152555782538,-0.976068298838666,0.8854063380142428,-0.2904877994288663,2.084054117610285,-0.44291266613175,-2.0894061547385756,-1.4163977470018978,0.8527001849377174,1.9771158914794484,0.14264781376681407,1.333308693233219,-0.47608540984599396,0.3195132214263281,0.6566491846135014,-0.02635789199977706,1.292266443071094,-0.5763648734830945,-0.25322349020708534,-2.2747003305957043,-1.726981473724868,0.8008643826803812,1.2736132596176823,2.1058697989953483,3.9745223713102735,2.622710390187409,3.346177056405525,5.274225110607108,4.7081333697296275,6.949998242253259,0.5213352538297445,2.391198251649748,2.9856982552007088,3.2338956481436854,1.0938350262694996,-0.66598039131195,3.639507457069673,3.7746181943645096,4.20266344972478,3.7270639766168543,2.1207560748631575,4.168214455856783,3.974369916150543,3.4051180132748677,1.77459223949529,3.631635537701052,5.446566533337178,4.112808245417324,4.894825379205246,-1.212137463963872,0.10882165532734728,-0.0009108646794436792,2.3226133170064034,0.4290711481429793,5.46957384798922,6.924742808076141,1.0770399837574074,1.4779227797752164,4.689109652120818,2.6886127585464688,3.642524360789949,4.012730958263742,1.641807620564537,0.8338254318016877,0.9548960121125076,3.5902095067914512,3.8347034939679157,4.570410262739433,0.9655345675292805,2.034992384882582,1.1572786604233936,2.722521325329851,-1.73613390236299,-1.6373912399902166,0.7029359018092564,-0.015048880255181807,-0.9729131471950998,3.3068563174538586,1.9046034925788737,2.3616634352816974,4.3074094474083715,-1.68607705293571,4.02540859741184,0.9280746726047611,1.5374114398055443,1.7339709913277783,2.2270322241072784,5.066656956408574,1.8679645785670196,3.3177774577721793,3.2127248701299913,-0.18508144155150313,2.5547805922506313,4.5078887710379
0.6389610475541994,-1.374448726029704,0.6338102511363677,1.8517810362994427,-0.9544350572311192,2.9987945518395325,2.252946967924907,1.819009055573925,-1.6664092742827576,-1.1088019868459273,-0.8081876788741369,-0.006973730160145908,-0.7987381235710328,-0.31685778628795186,0.9826790102212826,-2.2979949316038133,-1.127055101627517,-0.3858212471260242,0.7545188828780625,0.4003503701237956,-0.8810554557789443,-1.1734716261120723,-0.031777011928785126,0.6280648330303686,-1.087911691634925,-0.16097718193963428,-0.3105994461334152,-1.3460198179273517,-1.5642549258639857,0.48880536996157065,-0.02900266319034106,-1.0245837994818912,-2.9690873516298106,-2.6943304591917716,-2.344573523876951,-1.5243649068983625,2.7860305995588157,-1.627260691729679,1.017959159175887,-3.946062827759075,1.0772035739563242,-2.617968227689097,3.830177590410784,-0.7220782456009258,-3.9124465848592727,-2.7301228287732426,1.0503552939881982,-1.2617088903969034,-0.7567125038622773,2.0553827294029436,-4.310617994257483,-2.5126391574248528,-7.1590532294600555,0.10153362179101333,-1.012035255100319,0.10307063760574647,-2.4935041159448,3.5893833940663624,-1.9470982481372767,4.735373444385598,1.2408730197055917,-1.0882106841636365,-1.2573803063325706,0.2432831249821369,-2.207371244891064,-2.0910770616793384,-1.598803326540564,0.0348874325772259,0.5995363700765527,-3.648314289293557,3.2712610418884736,-6.122007027893304,-5.223245505198044,3.2168812548757817,-6.1857277250337175,-1.7671985525096732,-2.0006587150105597,-3.8025321545358857,4.985579142877996,-0.15083057617325668,-3.7774517214668846,-0.6702116841319348,-0.29610290075168627,-0.08461288504524755,-1.3229610999963237,3.2486203350849707,0.5172095529456049,1.9989657627484292,4.667656582094954,4.73138857241241,-2.9158338107289103,-4.607046796821489,-3.5488675204781712,2.6655976350560397,-0.74381234224404,-8.530783241017184,-1.3672855855690549,0.8229246332708255,4.673659941084564,-4.16719129060158
0.8899918891882511,-0.455402745976104,-2.244895088924199,-0.47600937063828286,-0.3653366100912502,2.210216111485186,-1.0836751061981298,-1.758142855866247,-2.111300807544686,0.4360838342677025,2.22547357683463,-0.962215403335068,-1.6835651784601136,0.14321964064367335,1.5027831996750776,1.152009327466242,-1.5483634649425033,-0.5597169612014653,0.4343951215979759,1.748274567449407,-0.43122756918533467,-0.6760664722821368,0.6681296052903101,-2.094052426588635,0.3448334040788986,-0.801582393668856,-0.34239161709100785,-0.4792104313762812,1.8930630749985635,1.6622607152501827,-5.462076545909028,-3.431889054098039,-0.5980254956930687,-3.4176480289152122,0.2860790484526862,-0.761469992555021,-5.028190090685113,-3.1898490940235527,-2.9513437246444814,-2.021868659453388,-3.9493433173565378,-4.805730854872634,-3.433595654650294,-7.926226863414991,-2.1661943807595607,-5.2146156884656145,-6.111060036337827,-5.060428041576469,-1.5127120700897168,-4.854934234887164,-6.328158531663904,-5.021962648621477,0.3499509006498258,-5.716690658772918,2.456205374764029,-1.3880875624646953,-2.767739877777717,-0.6800085001575344,-7.111445632521723,0.26832733091808453,-0.6840165047032541,0.3208352243101319,2.8147252202550925,-3.568166003507655,-2.4870589681667887,-4.938538184987213,-4.622896469403212,-1.0148379756004264,-2.3441902293996377,-0.04858834241936405,-1.612513680550515,-3.9993575296102186,-1.7903685017569466,-3.852510949435675,-10.184640362666062,-5.564560625017585,-4.846153226033008,-1.1698443782996681,1.4743736457939116,-5.81516531250286,0.5423778425826552,-6.699552669241995,-2.7505386824858244,-5.237478318952444,-3.9038436067452595,-4.775990465353318,-3.2907262752822324,-3.967349687305237,-4.299067893316533,-4.426034558835961,-3.071925513501215,-8.709726508418123,-4.144452786980589,-1.8802212248155503,-7.499417387255944,-6.36983128847343,-0.7893352130155518,-4.313954496680604,-1.7239095633467154,-7.033189482216247
-0.0188169674733141,-0.03916935339513633,-0.3230906569191614,-0.0013342777661630723,1.997369227914858,-0.6631521803254198,0.5689519324802151,0.5082439805551641,0.14705690301082033,-1.9073308879556876,1.6353294743975528,1.0262631833930433,0.06473378216023162,0.5811047105614459,-1.9329371688024937,-1.3469001119376127,-1.0609509026359163,-1.6446809068696902,0.26427104582840333,0.18355855346490046,-1.6341477322776499,1.2420013103249001,-2.87333806527997,0.7288062292659907,-0.3468131447592314,-0.6251528161382266,-0.2599446277508336,-1.4354285832843856,-0.25400296720399324,0.9510804876214731,-10.683394294654846,-7.164263178800699,-6.938385119885585,-9.663037173891734,-8.78106926218264,-8.093584467630802,-5.779408435585028,-6.095582340185765,-12.308459693523789,-8.454625351677512,-7.292065116581251,-6.4195805759766635,-10.347555501682969,-6.779564968924879,-6.452597117597075,-5.254341670356045,-9.716205890845657,-7.70450637472018,-6.988391902286156,-7.595817230293015,-7.100353446012876,-6.2318000777784555,-5.945075738061694,-7.0980007196631005,-8.52351251895367,-6.10658363281945,-6.055313507080665,-6.423166972864991,-9.60189702433267,-4.419122456501545,-4.494415654680808,-6.1089602667248615,-7.090982631099233,-8.803352125227425,-5.346306922822091,-7.279016608729501,-8.852819218116968,-8.59984246705615,-5.079515625540949,-3.5634175592547592,-4.873202540192254,-5.474861334734913,-8.305117875446406,-8.291286464529351,-8.008719836741589,-5.956733804077148,-5.795958480483421,-6.616342198646298,-3.570761270629528,-6.68655022418926,-4.767434950553417,-6.479574208184642,-4.966465253974733,-5.464833704508502,-7.2841421920032685,-3.606765978395101,-8.173107429507777,-5.965295519186217,-5.316287710630875,-3.0554209998791872,-8.713986627727715,-8.117450111822228,-9.270001343415004,-8.967570300068648,-7.615332438935827,-4.021623534042353,-3.5046225769391217,-6.642287415773721,-6.764997548563122,-3.6095997411809004
-0.7282046240405042,0.6440035277196967,0.6086529963655116,0.4562029826294324,0.02796615370984068,0.6017378361444004,2.0950348629656954,0.08538905961080683,-0.20151882213852476,0.08678865487052569,-1.0424534380121462,0.6056827696525193,1.4313150297979376,-0.5622436469898631,-0.6395025922757707,-2.3105349590144373,-0.8973702411177675,-0.9515060139139475,-0.9995541119739908,-1.726286388604327,0.7741143420680479,-1.8457721226715458,0.11574134862209357,-0.9871321580942836,-0.17850463881599635,-0.08029099154932468,0.9159691094331801,-0.148678947012947,-0.21830998260330048,1.082355790220256,1.094885681784147,0.15417600907586876,1.88448373548243,0.45227352609120786,-0.05271416545316765,0.49755043281076,-1.3103695196799177,-0.9836753057553006,3.240226233845055,-2.326548550100168,-1.324192774403112,2.0391879173502,3.1606869946029565,1.6430497688962447,-2.8711540338165285,1.1225700268671084,5.478056281058253,2.4874938464708163,-0.06153377516716185,1.5687077838509522,-2.9625175532663492,0.58138500233632,-1.7338761289219486,4.899061633265951,-0.36030786384908187,1.9098864362713621,-0.5251420067296946,-1.2789015432949746,4.278655519529018,2.598588891304323,-1.4238668158912198,0.5641876877850351,-0.07391535232343788,-0.6035343919149544,-1.6435981740432972,-1.088025285529923,4.457685696500353,2.8155488120646215,0.8846881712676823,-2.5661134214360413,-1.756128914919831,-1.2118784028776615,-0.5976971108823443,3.1410675621480273,2.73536458395672,2.3219811220048228,-0.7999438637879643,-4.3656272771676194,0.865434016774662,2.6288233165164256,-0.2190055346587525,1.461961272903653,4.139352863384632,2.0432602427460584,2.2083436549055993,2.4511121286914346,1.2253784074840692,2.7395765976868875,4.143191527218893,-0.5328776818170409,5.81394751177321,1.5001026781331026,3.225025722403046,3.599646779043786,4.458764623675035,-2.5959649802678917,1.8953042271155138,2.4073651834124647,2.3610916711912657,1.619961538190235
-1.3083995822788073,-1.1465245971575138,-1.5556954801775098,-0.9717376974338546,0.027325400261601795,0.6281590694327273,2.2733468770626697,-1.74433751845666,-0.802196972471821,1.8449999163165862,-1.309104087244911,0.03541684971527122,-0.5404524692223471,-0.20397466035030976,0.032827876729122574,0.6118420027352511,0.7775286432348766,-0.973941157288312,0.8557447955419022,0.2419014490836869,1.6773224841541707,0.2587731001881413,0.9665147284204858,-1.3607997840182513,0.548610948320559,-0.4423315032937838,0.5325910864499968,1.88791113438769,1.3941088128013446,-2.0072575257773297,3.882319241710563,2.0567044310197096,2.6883033808247356,5.403569117076014,3.195020135775627,2.5935388514892583,2.4685301377844366,-0.6867510102310642,4.708028302868166,3.54465795861825,2.5103304614328783,4.376638095901409,1.443296393298037,2.9385810298998862,1.6694422915047453,-0.8081478737641563,5.820903821409704,3.7775711510714802,0.5111203972357248,0.1892043454538288,-0.3204819792355915,5.664668824738647,2.8052159446739062,3.074315614990823,-1.133998712544888,2.973928251012096,-0.39918673943751515,0.5195003773094261,8.467653402282973,0.381505899045006,0.06602952379791069,-0.51206654110215,-0.1433146322513347,5.075680114886008,-2.993839997471966,-6.71027100855655,5.352317680824748,6.972612737532765,-4.462788868749905,-1.6528483947812398,-6.209592143996167,0.5837356593437306,3.4080905506606736,0.14742896661226146,3.8652452437972356,4.417741998071932,1.7385037685217763,-2.783513650544911,-1.6372221738837396,1.3129776297409648,-3.75534748895801,2.3129658699092213,3.108339031610336,-0.5819309862276465,2.0900664676247285,-0.7437969203084649,3.6177677804007304,3.8007736227088573,-0.2586633216889181,-2.20072693120366,5.226329059966096,4.318498673684299,4.430931376161513,0.7075236161527036,5.456828273446,0.9603661738776637,1.0195034318758671,0.36803981077221953,1.1516720184815197,-0.3979231209835692
-0.7338404579110106,0.29723870012355125,-0.9419144117053745,-0.7590663729159364,-0.3354361813596651,0.5730551660372175,-0.728095110318742,-0.8668696881308751,-1.050604360504416,2.303947059680658,-1.4590065211397167,1.4232608883298181,-0.17569260503690345,0.1911785943924281,-1.0013446990295731,-0.1883945145915224,-0.02521198155511284,0.2625190167279481,-0.8398220890875627,1.5985761198779131,0.0888810277718427,0.887985665145812,-0.4352186270372162,-1.496672534533104,-0.305257158285941,1.242741759264057,0.4421330056431617,-0.08321081394381208,1.4867062833477345,-0.22072685283548896,-0.9152897529123645,-2.485474236696722,-0.7630307289866971,-1.9841982417781758,0.858052653438897,-1.3139493310265125,-3.141834011033772,0.08053105687130535,-2.4918639891569216,0.990354665714156,-2.156546135336623,-0.4057566415657252,-3.992475801925583,0.3245265504332896,1.1653271382573853,0.9957972529571772,-3.3652519022617886,-0.33307714399734656,-2.694206853858165,-1.3175102222922346,0.19629695712681072,-0.3813585702745317,0.6535311453256889,-4.214538447550566,-1.8928488392404519,-0.6362658443146154,-1.9273064470805328,-1.7582683319438286,-3.5241355531513063,-2.4467709771606425,-0.3565378575040788,-4.298986244304477,-2.3156509221801307,1.0965621532370262,-4.278896589516682,-3.689166426166806,0.2124271980633694,-2.332321913507761,-2.739005694971481,-1.3870149875875728,-3.5337932112631223,-1.0335087583704674,0.6505875541325986,-3.4987896804920164,-1.987450765574537,-0.2126737866917257,0.44378106508751924,-1.4480918700814114,-1.1529797278840694,-2.25760474727854,-0.02280710757381965,-4.080593724092184,-0.32156293021778404,-2.2207886265264736,-0.48504272833696493,-2.8592540666550716,0.9277279480692633,-0.6071699730003557,-2.8221156764875563,-2.418994589703602,-0.13083566728745344,-2.2680170289565154,-1.202016173803739,1.8308995346401873,1.2259487528094144,-3.225809454476885,0.6694689718976001,-4.823625464189427,-1.915629496533866,-2.2882503136879175
0.6864163093416512,0.9696446417992068,0.8303064647966804,0.8188841024093978,-0.7905582768019809,0.26858675874673243,-0.3798028066293636,1.4461745989230663,-1.063817528034608,-0.14334100953936035,1.595632133224357,1.3309301135106189,-0.9446656890931584,1.1537550271723787,0.4935208338011753,-1.1225731463481412,1.300806718838265,-0.8626316360606672,-0.29478932734690144,1.5696502142640694,1.4559796411625474,-1.2939640705598223,0.880368890138126,0.06079985574016633,-0.6422756208286868,0.6102888944324973,0.502090661820518,2.337931530341836,0.8875603411921071,-0.10309450849610707,12.44466331412658,10.363988898261315,12.226833477195575,7.324714063491844,14.403367743606772,11.126887317928905,9.261871722858825,9.087953284416221,10.36500521295409,10.87263409088608,11.904279481533248,9.515527988124445,10.622343088215816,7.841366562740372,9.064872821948027,9.548193148602817,7.250769227011436,8.241369114065941,8.537245336720922,8.877642223712435,11.734494069994364,9.068920606766103,6.904727153879733,7.396361290690772,5.255589281661922,7.717286815696342,5.611181057838179,11.688219687611731,7.6859288882688315,12.069757139775946,10.163137229999773,8.475684754546519,7.3786830341397875,7.707041920562675,8.496406104994469,1.9080004546667084,6.14885133362668,7.4593580620451725,6.9882349746255645,3.289611799569366,7.700388221947798,10.575502911418253,10.664001977715468,5.579856505915796,5.960632161832933,5.061161986192467,8.810941311134487,10.15100799382973,13.229786422746674,6.37511514355497,6.963744327391401,5.4557284569038025,10.048593803444698,5.368635102565417,6.477378479316339,12.324790002426658,8.408372865852833,8.714110059719264,8.70202666288235,10.082837691876652,5.856789087393379,3.346521881364185,7.14534275517569,11.861379573181553,9.000874059931606,4.152127012688132,7.805030828598672,3.1328788361156272,9.3208683285598,4.1858508743215825
1.4422262222517783,0.6081391388209972,-0.2610753344780309,0.6319712135587047,1.3788830156218104,-0.09302160577978447,-1.3446231795147525,-0.6688379245985103,-0.03610059851654279,-0.21571724054171826,0.04708264609915469,1.5941855769012507,-1.9216379341520429,0.6343263305848772,0.43027895823605206,1.1259479547254383,-1.8665800490923574,0.5131105353491109,1.967655135817164,0.7827359429939149,-0.2326890344811925,-0.5571632113387568,-0.20592119834077072,-0.3626798831906233,1.4115169546295183,1.7476918460768447,-2.219558095118476,0.06368679075711037,0.07283818705175321,1.1133749281414753,1.4608827373006625,0.7878660609267977,3.2637434780903307,3.7050361607825444,4.261640739412267,2.1184078164212172,0.4390284450537003,4.436621828458638,4.328931443501311,2.7871664763867523,4.509277883516333,0.4078826499996748,-1.558817140998448,1.6332853198913952,3.5460212837569425,3.1216781651946253,0.18848277720660583,-0.7098032827458802,4.871410863275695,2.0667652709665383,3.5945048848021064,-1.2178530905967264,2.8307095215020204,2.8677074739294337,3.6693566491960032,3.7847010956180336,6.048755736540381,2.854735951887757,-0.3762778478102063,3.0030256121370864,4.64271555177142,2.763095326976535,4.653288219665992,3.36410827249114,1.2388108222369139,2.0546985922140646,0.7019931471330656,3.743078523740705,4.065347517881913,4.937957963910775,2.5927980068083003,0.24774677931945144,0.24296973572799424,-0.4920598158481167,-2.1764537939365844,-1.5866113273456905,-1.993632362061384,6.909469003203596,7.962716441176451,1.4439469599647454,6.063696451726989,-3.377813826293752,3.1734180788756956,1.9349851975753949,-1.6967483603337967,1.8136880128001207,3.547047782457542,0.13953019742293754,-1.3701892618260993,1.3963123706427436,2.799104233893459,-4.613985437894081,1.1263343734959754,2.5567304702741174,-1.8895547584326091,1.2584722367849295,1.8595908112186137,-0.9222584750606689,3.2629044490630226,1.5801491153924712
-0.6921408441281611,-0.16168318845710128,-1.8215624266482031,-2.8657742163045326,0.7039650708772658,0.4637403657377704,-0.8093568345836354,-1.229139963096046,-0.13745089782256337,0.44728801614222286,-1.7653935930018492,0.7164782171341544,-1.173145681516461,2.2036772167175656,-0.5254941509649952,-1.6550760889779954,1.4376788486993042,0.56466844913277,-0.9098956281566797,0.43168421852505706,0.4148375371100846,0.3703555778728843,-0.7623503935853871,0.5101473881324777,-0.48305222263743014,-1.7518855144700058,-1.3808593940231526,0.5624734424382222,-1.2511200978054575,-1.3212198689380654,-10.867135460445203,-9.457890325172192,-10.99256056613225,-9.97501039646128,-9.581270407837481,-7.570499361635352,-5.927557300118159,-9.876966484569737,-12.266223602818888,-8.5004678334838,-7.370563506973992,-7.567580481179321,-10.865122891300183,-9.08199821320473,-3.807123004002631,-8.324628090864856,-8.911186674332185,-7.154820128174787,-6.302653566044304,-10.044690422273696,-4.931989928308637,-6.853318694356937,-5.448485436103297,-11.271826439560519,-8.531000851845365,-8.2535133435572,-5.885779030393949,-6.8353432724637315,-9.175700974898064,-8.167000434528584,-4.349813178387938,-7.69414862802404,-8.351831980130735,-6.946581621776972,-8.289135426458932,-9.16184234023149,-6.424278178011929,-9.53733331573235,-9.92854009782126,-7.914523727514282,-7.747388467118206,-11.04160011594467,-3.9325201239641085,-8.359668180767068,-9.172284402684799,-10.359964450843242,-5.977922514213209,-7.814361383931832,-9.12375758799792,-7.607272178162902,-6.382426163685027,-8.593170174567096,-8.289011134181237,-7.183125044452952,-3.381127110868507,-8.7700159960868,-9.484559605950514,-7.328877473717183,-7.405397735494283,-5.463623601228885,-10.388984676817218,-8.484163019799517,-4.6336488425357105,-7.134708610408348,-6.051462824612876,-10.568151339865853,-8.850582283693383,-7.175506208762132,-7.925476195118324,-9.604351030479293
-1.5650747349527583,-3.8449691233349452,-0.5693335643305466,-0.29466393680682956,-2.1910986131315004,-0.5609647881843289,-1.576966546714563,0.2569631090272477,0.07286148135680282,-0.8944844462657571,-0.15863670393015525,-1.145334230734341,-0.3009313594894214,0.7177308823639054,1.550335444465536,-0.183587713529608,-0.4274774452440679,-0.39823300474562584,-0.4406794661382806,-1.9420201083440967,0.3830226480294773,0.5830767489011565,2.5204988467354768,0.7446172315888319,-1.605382520143443,1.7207356631456245,0.2796170476153245,2.0612983398278732,0.07814849138760815,0.7801329007691885,1.6592735785538975,0.13387333828183656,-2.3068730203728287,-2.518193619423347,-0.3630762556685777,-2.8946893969643774,-3.017100838409247,0.450272094849592,0.6637569793929394,1.1223359399924708,-3.005995039500317,2.208500654616419,-0.6787111993395444,-1.100562370676044,-1.308519493197554,-2.7550876976638596,-0.5648092291787163,-4.415451156080215,-5.019432850730527,-0.5021000394881091,0.2856921086917087,-3.054322202310443,-3.5957973067708595,-0.9243403424974365,-3.277978070161692,-3.900637654096455,-5.20137527917185,-2.8450695955777867,-1.764667527063918,-3.7622892702869173,3.77699581735179,0.7444076794430217,-3.55324125165806,-3.1168018009210163,-3.787924606890155,-2.586320730786405,0.45154163733929653,0.7527855755575282,-3.738511857982017,-2.4890317379937854,0.00763329175552363,-3.2332094892175753,1.7006536164452226,2.041624990531179,-1.9970275432245266,-1.404858042170216,-1.149582489867036,-4.055294426541093,-3.6792764089688617,-2.9843989892796032,-2.9333890334879613,-1.2093078482331974,1.22853023504842,-4.340508490840432,0.06170356328899912,-3.481440582827441,-3.812416025625046,-2.885504597177216,-1.3520208203243764,-1.2716474302610905,-4.165857998561686,-1.371856266272831,0.8956445727394775,0.6280788158780923,-4.065321225120805,-4.324365876637138,-4.840025175848179,-2.1106147037351515,2.79821884953064,-1.5065889508718295
1.4962783671397184,0.3615299217983588,1.1808905104101013,0.8032143398407583,1.288673745983141,0.47471267741778883,0.10276150307373769,-0.7918620934685144,0.04108608341567116,0.15108418837864715,1.8321706880220598,-0.4733309899225019,0.8983209064902077,-0.9871809084762401,-0.4207699444163807,-1.4567348433353702,0.12423948164987397,-0.6296397525439041,0.03389578590216363,-0.643786732329233,-0.1412512267247999,-2.7131563334837043,1.0860478453290858,-0.2329440652343695,-1.928005721576276,-0.4292835222987245,0.23588835084691684,1.877917094454581,-0.08677422234235235,-0.5808645808431436,2.6164966864422996,1.4143029536211933,2.4000322295529615,0.6842734286165447,1.8558872631872159,1.1471038576899435,2.430292340314395,2.438137038439955,1.557083820942463,3.0926742303983423,1.5776831136935128,5.270775700188299,4.0057552297028325,-1.1202439251282164,1.8533050766322097,2.799121719730498,2.9553982681575195,2.112345181887823,3.6250729449992587,-0.7195035401441217,1.6894704796870768,3.593502807944483,2.3108451939751142,1.4799117817441318,1.368920209386159,1.0603533731570947,2.2344168217570948,2.5753895534989795,2.949176287837025,6.050112735557516,-0.24445953661864772,0.5582582625328378,3.787204008469832,1.0958478447976643,1.4768635932043241,2.411041358352824,3.072110376760085,0.6468469476297012,2.7430266855203413,4.335466366228721,1.098415981619985,5.645696534971127,3.0472351640031845,-0.7964339727535195,3.5953702489135915,2.829570593769158,2.354400159904541,1.9194774327335558,-0.5203281583178445,-0.6265133396992891,3.5484978375549288,5.30453639611253,5.370500820302269,2.801109524648123,1.9192612205117716,1.1239593939450432,0.6972500796519419,4.665210540031652,-0.7933594575363672,-0.5958044975456064,5.371787169330614,2.3206848328008736,5.403154216102818,5.027423264537503,3.4558336939190237,2.6650086241816484,3.39375259018736,1.6915968090013844,3.683172185543493,0.45643917685626567
-1.0528839451146914,-0.03134075349997646,0.14450457659322488,1.1075569930971676,-1.5627926403747003,1.9169094989898765,-0.7260502986227897,-1.4747793762865216,0.3496364200866028,0.615062652664889,0.9606270662832916,0.8409462781574966,-0.13893783069333288,0.2874801569171452,0.2737037347019819,-0.9547598510462733,0.6537898291471225,0.008451331287426922,-0.8212342876753101,0.12980414926961242,-1.12541708880785,-1.2749003022128667,1.6849719885704924,0.6890181763665345,-0.8434794017851042,0.5793249052003626,-0.5122435403174936,-1.9930231089707098,-0.28443901999363597,0.3883631523448371,-1.161348629518176,-1.329145929939264,0.10815678887369995,-5.521797385819607,-1.6021270977049125,-1.782878596441567,-1.074310095611647,-1.3908500409953524,-1.6665376445312408,-2.542489928511932,-3.3672625292063643,-1.557643907475372,-2.2028548787612996,-3.238827701628984,-1.7709244746030075,0.9780780990001716,-2.264837550054133,-2.153229825300956,0.7609262655579936,-2.509738700775534,-0.7676973269100318,-2.047534248570944,0.44191984717725397,-1.518617872401402,1.6607795555926825,-2.8476335915067827,-0.018417333211942555,-2.9661245283415227,-2.2879650630146307,-2.436469546947554,-0.4004974644788522,0.14123014921643565,3.7809329863281,-2.912044241822154,-0.9242418815078897,1.6145476498831142,-1.178835933876519,-4.50332409097118,3.1193406198456604,-0.10070547526396023,-0.35925764931020887,-1.2819240039123032,-2.003861721812916,1.6513217987891415,-4.253072760820153,-2.8484917449399987,1.8357254476883194,-2.0572118825593195,-1.0444654497528538,-1.5426959699446177,2.223632845535679,-2.1570408154006726,-1.0596833779126038,-2.8573586231818013,-1.6910145664770324,0.30430823240944266,-4.961929134456443,-2.19593566761426,-0.5381351579190761,0.09107982483789695,-1.4240305437785623,-3.0157974987947704,-0.8834881160445505,-0.6640528060042447,-2.611567270314045,-1.1030304978084364,1.7199361526973902,-0.022449933589749893,-1.9346028091452008,-2.4974032556895627
-0.5622036526199741,-0.7375560608067858,-0.12770299303208502,0.08321790695592403,0.1346049687010766,0.005615869453750366,0.6333585430390656,-0.3421476140097605,0.6993334480868436,0.03877266668051277,0.4585498177569769,-1.5868070098643323,-0.1615837897101372,0.792181543259874,-0.6221544042503151,-1.5699586906793948,0.8141120260517685,-0.09823014319672446,0.47697817268739506,-0.7602101945018482,-1.1091058146648525,0.6719895499494067,-0.5450460545957299,-1.4535596509180235,0.3581430095375175,1.5805847653655012,-1.2285056866178516,0.18530617750639938,-2.0640096708137112,0.1293918091224172,-3.853322691338363,-3.158151966947742,-4.355521355156479,-5.274920711946902,-0.9523913963166885,-4.523089244936151,-1.6531011958854724,-2.6953647089256605,-5.2445352939073535,-1.7763704922396852,-0.2504927363720784,-2.3638075091647353,-2.0882896898395122,-2.331257318514719,-1.3135579460590545,-1.4783869243308496,-3.4650896101350543,-5.201630905216711,-3.75324036996761,-0.24160559302967916,-0.5859187141859626,-6.819901638472996,-3.81991819988513,-6.697734697529345,-0.6015425909402047,-3.188493689369261,-0.03415993791154133,-2.775838252813202,-3.246029122901439,-2.670642480334129,-1.3246770144225088,0.6633015003140326,-0.6044280080176292,-4.327438823482543,0.8936385337127293,0.5197315970074253,-3.355588046068708,-6.485977560663876,-0.6393404062525188,-1.6590496064499185,2.626479942674439,-5.059953621414811,-1.9912026970374803,-5.418164996517568,-6.043144390975206,-4.699398880105415,-1.6402051335959835,-2.409488031847144,0.27729484396662596,-2.844253838201078,-3.1599130533441997,-1.7116649117241551,-2.2689915149845477,-2.653555416262644,-3.2370770215330333,-2.7844036835840225,-3.0145543032046835,0.6495588137401096,-2.228145512645712,1.4987620087992939,-5.458637625734206,-3.3714299378911443,-6.865275578453089,-2.7622783660764254,-4.845878856614208,-3.9046005564408373,0.42304200084453464,-3.5409614197751664,0.5586314031237417,-3.7447366411998573
0.5213195131936484,-0.7946254151254262,-0.5449215877580732,-0.3766924433498874,1.3512827061262915,1.2784615502216052,2.578532373193812,0.17719214618537193,0.8796634447245708,0.6433303955871437,0.2737614328032096,-1.0342603873218312,-0.4818506045522465,-1.96849192963494,0.37080117900899656,-0.7331830619251536,0.0008143220025187414,-0.24852940102817073,0.12407070010341187,-0.7703117354328046,-1.5641493361571346,-2.682199092698274,-1.2057002212723944,-0.5047321811713826,-0.5357300632082806,1.1920462787922748,-0.7382350042401701,1.9855097361931788,-1.6477428591489023,-1.5201536724143252,-7.21832563718886,-3.425381122568458,-3.0552321605874844,-6.252261961497372,-4.58679065124795,-4.384058531998678,-0.7122014267932222,-2.067760237207521,-5.398729805825023,-5.688547805288154,-2.772516280632424,-2.4763960110273326,-1.4367750911012993,-4.033499838084473,-4.463748707368315,-4.997753332780054,-2.2988354704879987,-5.243747715088193,-0.5822641425929094,-2.456809217891945,-5.270532270214638,-3.78403220582173,-9.200337804201226,-5.997027027348962,-2.143584629792623,-4.8681048073080815,-2.3147445093774257,0.46499266454322574,-4.361163142838689,-0.8310032539076024,-4.442074972891064,-6.730804818836688,0.607318304283975,-3.7378190598915153,-1.972050592339422,-3.8135551563374044,-7.775372556491043,-8.190528009672413,0.6842730798371981,0.7611962557548164,-0.7519261782080625,-2.9635008148280906,-3.5054425085707983,-5.7056007528632895,-5.575964105374349,-4.280552594605532,-2.89261036609569,-0.2983956341666545,-0.6109534764830659,-7.303951618891507,-1.5307125342448817,-2.8630432898731053,-1.2666014405613446,-2.170136539737041,-4.000568828565979,4.78552041863475,-6.970055155244646,-3.5189677544117774,-3.671580298743595,0.8659895626713121,-4.721475877507596,-2.6093474038667988,-3.886113213575446,-1.9337773365809394,-6.7420981210150215,-5.895985204693807,-3.155068369316094,-0.8465832411147141,2.6415185011911864,-5.476567398777706
-1.465721431945196,-0.2930749390050961,1.0886820996223279,-0.2305868334615031,-0.16320603054083546,0.7340118067530016,0.6978364839830297,-0.7873119247318973,-2.36728788018985,-1.982260207466518,1.0252765127454198,0.39847331306334854,-0.634562878541229,-1.2961920977499255,1.5601900418026942,-1.6097431432211462,0.4242185678097623,-0.252499731775915,-1.5678847339976292,-1.1696226743361118,1.2757236798641876,0.5136744331603535,-0.7882330600497459,0.6505422230527607,1.5608523930453155,-0.7213628929280971,-0.5687517668882842,2.01141947374237,-1.985376082294322,1.3561518034968287,-5.215491819632101,-5.2729238962287965,-5.000180903732847,-5.542120801525914,-8.76820288529294,-2.962507378812988,-3.1927510845570497,-8.724605117231507,-3.522171308779224,-10.046158985912864,-4.429644792628493,-8.441181360561277,-7.186924529908956,-7.0302720156723035,-11.159599100912713,-11.118204500653242,-3.0662455269554423,-3.594492087395447,-8.25248195473219,-0.6169621259555478,-8.666372913025416,-7.330082566570875,-2.8565568412235054,-2.5343864811503165,-4.200308716222664,-4.302274621384854,-4.703713338473679,-2.5432969689171427,-6.805873896470922,-3.184984475741457,-8.188527908860387,-2.493492341208004,-7.896413784538674,-2.2624462958499416,-10.749317875133686,-4.279788422445734,-1.640826366389259,-2.1736109907676813,-5.815809242786068,-8.0926463138081,-7.418472492304571,-9.408066748856879,-10.447949558960602,-2.8347838187497763,-2.2530757663285352,-5.032955555945061,-11.653168370601,-6.501756955939461,-1.0237448158387805,-1.712200581103799,-8.000995373453186,-10.802915880172145,-5.089166806206499,-2.3390578460930267,-4.228003782028461,-2.608774351281454,-6.666264946856957,-4.886862940742361,-3.11030174605651,1.4403954566600206,-3.6697379946957844,-3.614144931553317,-4.0866151290720385,-6.217579196379186,-2.641402835104546,-8.129518703687586,-5.650026200316289,-3.7359241282190943,-7.283205877529487,-5.195502966165808
0.5704348792429146,-0.2183711584421812,-0.36626185513973,0.5475290627245946,1.272758139440517,0.8398949336559648,-0.26954527636982006,0.27746475130816295,-0.6196287194881944,1.3824199972826325,-0.8259112130820123,0.036993510515486216,0.3129724206352371,-0.14519115058947962,0.03731563169920207,0.9994529132543979,-2.0801900199055345,1.8652300968650841,-0.448160959800078,-2.256715796157006,1.3052940041717767,1.8361480552315004,0.49067931905236817,-0.16413888106272914,-0.9112961646676645,1.9199896832989962,0.27070582912886226,-1.1095365373670893,-0.5307709676938719,-0.9911285174437351,4.5191819693521715,3.8376288371979292,2.6672028918081527,5.564334255947433,4.65223055155168,3.8115230274606278,5.510935872314932,7.173206529360123,6.638086018920134,4.211664509344752,5.720268693967538,4.832483096189054,2.891457253327834,6.878868742690418,5.9277539147252005,4.566217312946982,4.345357815105509,3.2762006242960444,3.467239347597694,2.2000551888814197,5.43361359688745,4.314609409741974,1.8653338856069281,3.200741010687212,3.967526442932332,5.531726146288066,5.976894438825704,2.488695870123219,6.783779807523095,0.9205185618496023,3.0567642529414787,2.8003297335519814,5.367396721462841,8.899237645968826,5.1379911802273766,6.010536197807879,6.125055709007821,7.69392524236565,4.807667912408267,4.286302592036489,2.790167657520911,4.156972708278615,1.9251703883610818,3.8224532957635264,3.37091815842492,4.312695012719081,4.556333237655619,0.4971050646646994,3.9715849468114715,5.913011795688153,5.864782383925654,6.64377249518182,3.6196339611498702,3.7970472597072473,4.827219078201083,1.5690133544525415,8.221828661619323,5.929663247111,3.5414194542105575,-0.7386040345670576,8.639328137142783,2.2464983492852637,1.9092760984240644,3.0544442959656672,6.083911667786477,1.1031581960623582,6.233339187680343,6.162659777253235,2.6259311354724955,2.5704893960484005
-0.7763886155455006,-0.9388078901499142,0.026937478620430833,-0.7610010894434578,1.8968457451376324,0.9112562266493445,0.45607070379862125,-1.0397653019949322,-1.2267941773001512,0.6580783573129863,-1.0564796278590876,0.5657408076899146,-0.7738399436690193,-1.1746890504606435,-2.638567654398185,-2.404990295553979,-0.8345957790546074,-0.10530450078861239,-0.08936108673600462,0.5868685341752852,2.332058867455817,1.7308805920235584,0.8040655811124433,-0.4576488675541711,-1.0269559336843304,1.9054120934277454,-1.38810091659161,-0.5518320887759294,-0.24648423547574413,0.4004681311369193,-4.509437479705042,-3.067716284886225,-4.83668959814686,-4.4027761037124264,-1.6755817753354818,-5.153134501464145,-2.905822720867275,-3.5212204039620674,-4.1353071084221895,-2.1255291150373257,-0.4320284219719598,-2.94330613892556,-3.738947170255197,1.2405992492108109,-0.64937461450429,-1.3356131483175875,-4.9047417794341825,-3.465144629799358,-5.220657040229985,-2.6946664813242927,-0.6070156696698197,-5.131339472282694,-5.195805013358386,-5.194366588291085,-6.337571500886364,-0.39039052162966204,-6.691780753977003,-4.64557983684484,-2.4736720914642536,-3.8857152312298444,-0.7622959111338932,-4.468655439977815,-5.707992648269765,-0.553144235801514,-1.5808420417961533,-5.500286463339229,0.7506927117698889,1.238830482524079,-8.649123416498513,-6.683729071662976,-5.481763091192377,-8.73480822924331,-3.577931406618198,-2.850991629096326,-5.916052871433554,-5.831466769125518,0.014878655991879985,-9.730895952301385,-2.300196245967874,-1.8684283784248406,-5.421611765781093,-3.5093847182056077,-3.8116251993245114,-5.612420398278436,-0.4403548425803694,-8.095280245640971,0.6941364643340844,-3.8577194396631658,-0.6793014203396516,-3.6603874967596335,-3.5687184113084545,-6.2957404433131865,-4.643942981895654,-2.7534825661567455,2.501692437591471,-8.965462178422438,1.125926820095239,-5.046799620716982,1.9977785505306147,-2.978569550935769
-0.08847346904824246,-0.5029819819755813,0.23995511680414322,0.08974866895189154,-1.5084318928663898,0.5163192180167006,-1.2097255716286683,-0.3075336575178023,0.011132718246821272,-1.440414792729326,-1.0199346822202093,-1.2934298765138508,-0.04961169612395472,-0.037320322249658866,0.5065718878488772,1.4989938320236273,0.5058482612042837,-0.4732907245506025,0.6879290266232824,-0.17152110796150177,0.5746771573804351,-1.6530138907526797,0.7813691121659241,-1.237665007700259,-0.9065840798181226,-0.041584247376766914,0.3066545287921051,-0.605390042468613,-1.803675269730271,0.082712564241893,-8.031336920190526,-7.48405157985403,-7.388628912657923,-7.319428757666191,-5.689018268331304,-9.216804254665549,-9.019805417695252,-12.106070205800881,-3.3647515597236857,-4.9328340987575885,-6.794166763885872,-7.196264786498495,-5.514893415101566,-9.25747935731161,-8.339954517839375,-7.426319348560851,-6.98969082197188,-7.652786831083883,-7.0876274907040795,-8.735941224536894,-5.467444526033436,-8.814728607405948,-9.373523565409736,-7.007579075787152,-1.8952910156335938,-2.8726319525788417,-4.452690194961267,-6.913250831943452,-7.148915204184895,-6.372591096846671,-6.202650155195211,-4.4840842916382195,-1.7338274345750315,-8.478016051350869,-5.1062685413387285,-4.381968582628107,-7.185588538960216,-8.282880207012326,-2.7056844051926694,-8.465884803974536,-1.4909548649115019,-8.40775321282019,-4.7242439438336845,-4.639551631616044,-6.996013989158277,-4.286890985033035,-6.969044806325133,-3.5254077560833488,-6.916544049079659,-4.392678561445045,-1.7891756324267258,-4.8058562424192495,-5.417853941882915,-6.222961601025159,-6.3087177394536615,-5.060142185041913,-6.097678243897362,-4.647370223933895,-4.12041205231321,-5.03109333196231,-6.569487143701205,-5.151126022093242,-4.8665740842420435,-5.570543301553822,-7.168122296646982,-10.566260174063009,-4.572133704740339,-2.2217430276900174,-3.9516181389622704,-8.69975642198052
-0.21513948763346524,0.8550102552442065,-1.009654189390237,1.4547129791182989,-0.8039649381224176,0.2557638664079463,0.7370492554086376,-0.05842708796418701,0.9338564559238348,-0.7592150496550876,-0.1836005389592692,-0.008382773510993147,1.5922970821941544,-0.7829774476900423,1.3635154965155256,-0.6273836364957095,0.46974861473175716,0.6298567670674015,0.3277306589452356,-0.30682519334865355,-1.58606518919164,-0.7064552318965734,-0.7247909714463336,-0.49946974353891715,1.3910460351708767,0.9630255826118101,0.13166192224752432,-0.3816452333280992,0.1263270053274914,3.6967448087387424,8.27039113153389,8.178266764471793,8.017926572803152,8.054756570803123,8.136547179945708,7.764795663394056,6.364158123237161,7.143481658418469,9.450100560526506,5.9728330780334575,4.743597786648917,4.874937705445486,7.372683909996196,8.429836946542629,7.185594592397398,8.141161197324942,9.52933509092704,7.8344980127020145,7.677540857148423,11.46228578100284,1.7658733956470902,4.297885307400604,7.0178457374151755,9.089681180072633,9.771388629582953,5.78080018818455,6.359163174097424,4.45779993872211,5.115889610967032,9.390766255300772,3.2883745347606452,6.578490255034102,7.42906537519794,5.111103028655533,7.88761908355815,7.587727017646855,6.32520837164639,6.314517379990854,8.534347148113431,5.376281878805515,5.5402469236887075,6.21382487833004,6.143191947363759,5.7460798374629904,8.091979448237387,7.91231624465693,2.1888392338600893,5.786445139072748,3.8472628861463867,3.5909123663575513,4.692699603085261,4.889894383616272,6.525141187806232,10.398898336837581,6.735082552881675,5.211077612202994,7.230723803339261,4.9722556550015495,8.79381297932874,4.010265173185346,8.546215141091057,7.7004021600682355,4.775856616543848,9.568460438334009,4.374570828738079,4.510717247205982,4.056350868815826,4.077631590085396,4.075955802401815,7.028403110844989
0.6455071795039389,-0.08987259939678283,-0.3225564989427838,-1.3215933173473282,-0.1682352674736287,-1.2417284106235447,-1.8774669544949325,0.6697709637851299,-0.18777229392991174,-1.215383038676836,-0.13360384576747436,1.2532928588835517,-1.360358499321495,0.2638346512064308,-0.10780089308381213,0.7475372900961369,-0.24564669197069341,-0.3114728083456111,0.9384328360044141,1.0502905771864637,1.7334057824202658,-1.3657999799500025,1.441482395154126,0.06303304978251045,-1.6032887008257537,-1.4631859235765932,-1.4636233726609111,-0.41481964126305976,-0.555554293375828,-2.2220782550193694,-9.220265681775881,-9.41838198436154,-10.938336272589597,-6.160156246163094,-8.00099404517059,-6.502251624968536,-6.9798353542256155,-6.298049029566154,-9.35906813583485,-6.381122775882027,-4.519085366126327,-6.198622768338999,-7.402245007673504,-5.808395550781903,-7.015979641475861,-8.023963578065905,-7.884585028814925,-6.995025878692981,-5.234386423406284,-10.104723635643499,-2.128515123162547,-5.134312549265596,-8.058929198678909,-8.639597862072502,-10.605640340478638,-5.149460041224353,-6.386422948291444,-5.693322756805583,-5.324493499472682,-9.460190744124937,-3.498181018881375,-5.978991603371168,-7.634324836129614,-5.347246982852112,-5.172634767725691,-9.721032641523038,-8.044803463382959,-6.524162480411122,-5.199614110428598,-8.19656895326296,-6.543785536860057,-9.244481974982795,-4.804897807883192,-6.923176756478495,-7.554113168920895,-8.259980480120952,-6.199920130240819,-1.8664161789867646,-4.584015400565448,-6.015704449293385,-5.522075484023892,-4.80649332232332,-9.122515098604088,-7.346036364000411,-6.160936420761018,-5.1485037542238485,-6.539337982899796,-7.219827306793626,-6.012584041048759,-3.2445285566506215,-11.123118147365657,-8.582088934107079,-6.87913203418391,-8.60623954702463,-8.169919773511662,-6.995527910970622,-6.688246341557463,-3.6577807059035,-3.791235449262637,-6.367905746314871
1.0150892934041393,1.088571315415764,1.1451332419819384,0.23971369512700574,-0.827388633311845,-0.4232240950631731,-1.5045320981729011,0.1944932394341991,-0.432252501493848,-0.6075542521095451,-1.493687016024088,-0.9419011812410865,0.1801049526810098,1.0496616218652135,1.0637565397357875,-2.4086732087399945,0.22850160158445965,1.7265769200843373,-0.28731427956852956,-0.606633671220444,-0.13462418857171599,1.2228696386295714,-0.6864642624995838,-0.35579759083036505,0.46466633200166263,0.6195089700185464,-1.8225763883235033,2.26309747191082,-2.5312045523063675,-0.7352994339063943,-4.763018727134051,-4.553826108856312,-6.9643228999278435,-3.4385968980408275,-2.051130009330514,-1.1875286109730037,0.062061967305308274,-2.8260482890025824,-3.1319457352349542,-1.672860068596257,1.9329889051217453,-3.526631666499368,-1.8673979634091469,-2.8411843587970376,-3.433262848363203,-5.199646096625523,-3.657390781270656,-3.2973343559307624,-4.90530536924704,1.213282306698552,0.9323984149867411,-5.022051429862511,-3.4717976433254267,-4.069541293214475,-2.581507687363248,-3.251805217759185,-1.1608366630073494,1.7099146746865581,-4.357250620333763,-0.34348094006137475,-2.9604498381949598,-1.7089328806248425,-4.7114702698113975,0.7616899623840592,-1.5810157560056362,-2.154559906665984,-2.0310044541943815,-2.9798875487205536,-2.6633230626454094,-3.756334802369264,1.2974980645072183,-3.8549257306716957,-4.023192251539854,-4.133260611527805,-2.2178250262635046,-4.97534252989568,-4.9949987383739245,0.02959008178914735,2.6428313351168393,-0.6463011257277447,-5.606389204448178,-2.979083231282676,-2.9188665891627448,0.1724663656878306,-1.7461538455364674,-0.8956972761036883,0.8678508827604321,1.377313206056871,0.2939668769722784,2.293169368822242,-3.735397199030401,-3.8529803559407063,-4.61374615258448,-0.9423843447654592,1.246209059009022,-3.8564263956159865,-2.2033514584534957,-3.2385580324794154,-0.0853241765796009,-3.274654229743687
-0.48035038197534785,0.3188232581826451,-1.4181776866674858,-2.2223360588115812,-0.015463295901931101,-0.8298593270249455,-1.573438580404025,-1.78531973560208,2.4192756885878,-0.6189673288640603,0.830920703739215,-0.9583004257871248,-0.4743214933258093,1.9291987836803983,0.1279320490907051,-1.3406562612180941,2.6752438713761886,0.11730929753784014,0.06608016403796138,1.0001852489603453,2.4161042510213786,0.8538636016468375,0.08805244158265624,1.0234773963915296,-0.2262943378166251,-0.4760988869089703,-0.6683607334719859,1.8859826657223433,-0.9608340993160505,2.040782324973112,5.21898193972804,4.946852238696645,4.497326572513453,2.454265219658236,5.42017458087877,5.3751104196549475,1.0015993749611045,2.8327936227144965,-0.7396207925923252,5.365671699835165,-0.031133541819872157,2.7724701786232697,1.9467684826835439,0.5502662054037945,7.346021171963071,3.2888387152807117,1.8232067550477171,3.9348170853674795,1.61766035111615,3.5358937106520383,4.669806916601735,2.0191181207782862,8.666036022041496,1.2786547495512286,-0.12984290601704773,-1.2581083262034989,-0.5987337711121451,2.73546829443046,-0.26842764636699395,2.965868488805765,8.627413897083109,4.25311231269787,-2.606595035210191,-2.0112593519555673,2.903797029805151,0.3407671811066432,3.678804011466304,1.0635515683040129,-2.457627123810295,-0.5256240990029364,0.934688130859964,0.285021360956067,8.580373031102479,0.5332928270343849,5.28876700310663,-2.246262409062133,4.2342405738180515,3.1248904530074606,-1.354017257097958,0.6796199297179609,-0.33337923329558194,-0.7448828601480963,3.7117594267280554,2.0352557311031605,5.567344144819041,-0.252676555434886,-2.2261209107548687,-0.6789379777879179,1.8645864318359786,2.1935657942600484,-1.255702707661994,1.1708877863552853,4.925013477889419,2.3171670470632577,1.706976288798591,2.982444719254145,0.9137078615707956,-2.4653582894112933,1.2849144504412369,2.093859770953508
2.3752928677985032,-0.8264947697286066,2.670302590501732,-0.11012327189916138,0.4728917265129428,-1.317760596352608,0.18133922580056727,-0.30509687045222067,-1.3502449497493418,0.9534170864288358,-0.16265969053558182,0.05436480326635679,-1.529607527946974,0.5306636617210907,-1.3143097716735959,1.2522070216205075,-0.6530408423553977,-0.3312367954225886,-0.5563564488086536,0.9422854985344886,0.8089530388004402,0.37737419696511,-1.6454713987439302,0.8395548761069844,-1.426297928258505,-1.0439325519744298,-0.5346158553157573,0.29779651335437196,1.77647746243255,-0.00929852294445832,-1.2874696507704553,-1.3778408384966547,0.0153892217275379,-0.08447263108146241,-1.6464663866634583,0.1563385303035584,-2.6896104874289333,0.8093802824711493,-1.4571232660352325,1.1347486616512843,2.5472473109275464,-0.041436031953271224,0.9434772225338558,3.242122734190006,-1.632705736266455,3.0753134967545175,-1.9266708569089879,0.27082597893042387,-1.348269148615434,0.7656171517690181,1.3172127271346392,1.3252133324604267,-1.3112686868723786,1.3172692359773008,-5.687151929095814,0.5584071791791304,-2.3818206170275205,3.1310859196071084,2.6132930838337094,-2.0265842255429924,-0.3162994819926178,-3.8618400676129805,-6.438835067341096,2.4681575716852926,-0.39046297381741407,-4.223629864261233,0.4635149220229586,3.0936785203150112,-4.032633913874246,0.5144444232162272,-3.6646853989497057,2.6287752206541604,-3.049036946736992,-1.4897919546350586,1.6373991530246483,0.7170305497277475,1.628093228229757,-3.028866568154546,0.018716549436282925,3.924060225980236,-4.3964523332562635,1.013908353451198,-1.0190002928582977,-1.4157533404339435,0.931491753491443,-0.05289186860518652,4.613348792801895,0.2079687266325208,-0.11413548358203596,-4.396777421671269,0.4487212574893302,1.2812838068919579,0.1896563595877912,-3.528068044222351,5.992725614505706,5.146707858307821,2.58516392293153,1.0779639959980887,2.01742371503934,5.027828698714387
0.959154498044885,-0.6170259472514981,2.069333170540179,0.8173985866944947,0.7879674175890405,-0.02432665585280125,-0.09585817902577383,0.3158491000384317,0.2074809261355754,-1.5460170367711923,-1.2423743767376816,1.9552613248534152,-1.1786960574847951,-0.9441314629892463,0.1613284056778137,1.1337150597666066,-0.5598297458733179,0.3778033172366695,0.4811664128689246,-0.536206901233657,-0.15136978719721783,2.198960404785755,0.28093761220493635,0.1494868137410879,0.3736980225863851,-0.7579445001827505,-0.14657376152950868,1.5327500724983578,-1.059399952126511,0.49919608808699667,4.8262771449187065,1.2917866517471037,2.628338524927922,6.202359004324363,2.2638996097555117,2.069560241480684,2.516674785983612,3.6070951816160353,6.586788912438037,1.9214726464087866,2.6471516690368917,2.044529326780528,3.1823289748830095,3.1762874444053844,-1.0178802034746006,0.2102065626601398,5.727914148523605,2.3891840407442952,2.016718933594626,1.7233884863885347,4.270612875986455,4.437014632122261,0.9999112796849502,7.999140464789777,1.7751787832735373,3.6113630677996023,3.338793001342927,4.6199775532973995,5.700048338275769,3.0328462906157068,4.010949081875367,3.047057975014011,0.023012688398928338,3.6488618291087795,-2.0679681885204433,1.4688616165741077,5.1945140484303804,6.545173654382183,3.0006851221007795,-0.3469422001724354,3.3003483891599266,3.96925290820975,-0.5641714878301991,6.16574417539659,5.416407535837963,6.5411177565282905,-3.34383758247454,3.9632594327301423,2.919026318596875,4.687033508085532,0.7625726265715617,2.4066568160942685,3.731292072460015,7.158296495115663,3.7038639060086815,4.644385675311031,6.666794048819967,5.70160175789094,4.730921433838127,3.401095828371125,4.9063762443510655,2.5918853267982302,4.8222707007753405,3.2191705939736175,4.5431547578403295,4.30568087628914,-0.7323916993818091,4.024140985960632,0.1280162873964099,4.997007699000726
0.8893476126126945,-0.5183215932804046,-0.9062848286093292,0.6779853599460498,-1.2163557344080147,0.004372279406655924,1.4652942862238083,-0.18309177663338183,1.0302568717569032,-0.5759950229217133,-0.4440984615105288,0.8478474808598804,1.9528571851999754,0.8522296257738688,-1.0888874424810724,-0.6756274590391909,-0.06429765433493514,0.10401378642821169,-0.04683750491604499,-0.7886216950587983,1.1410937235748995,-2.4652246020468427,-0.36312550878155625,1.2745041604980492,-1.3870340352931811,-0.39813166859791577,0.3805941504766497,1.1824712179426635,0.32283937286372194,-0.8244106894257209,-4.575924483082167,-5.1500592559459175,-6.068188704899755,-6.883131533830875,-8.111744288025827,-4.576748945851895,-3.945062642534534,-4.190564769945379,-3.132571198204904,-2.706426948161246,-5.755631642908899,0.3340505815139155,-1.5622961953950691,-2.503564957555552,-0.9729922343570708,-1.4594326663591155,-1.2348298562499407,-3.4811728585630006,-2.5270110213042623,-2.64939979396236,-3.510492372788423,-3.1872993645122465,-4.602510317542784,-2.037438695150497,-9.114682243590051,-6.507744907638418,-1.6528188499755943,-3.060756856715284,-0.22708908523501375,0.8412705760330268,-2.899116813032473,-6.269284417631853,-5.1543426424516845,-4.861644934337442,-4.435904891660905,-6.356256283848331,-1.3192923754779335,-3.539348376215075,-5.917154242025898,-3.5917001970515328,-7.565166507155867,-3.312901875434548,0.5248495825689721,-2.0435648054747704,-2.7605039119783195,-2.6927187754831117,-1.1219939559211227,-8.425890229318725,-5.889081829684462,-3.6664500077934568,-6.09752945713041,-1.4625715358763471,3.2243962113212854,-4.0849678294161595,-1.3026172097758124,-1.4871508108078553,-1.7524124434611454,-1.6888599050351238,-3.286713642216841,-5.875727839027471,-3.0491166249356643,-0.8683812021141151,0.030363717063845552,-3.435162507767404,-0.6717980264448056,-1.2043624974772282,-8.023417120952,-2.349148908399734,-2.6751551956153117,-0.502198803914532
1.5163776605013788,0.9375242884939488,0.34242341467042614,1.3079683695875048,-0.39325296458483683,0.5524816860529407,0.20878861585909025,-1.8826818747604763,-0.17411482361520414,-0.9143806121991471,-0.03544600639646081,-1.840561280441379,-1.503860974578652,0.3535864473720355,0.4300683333916037,1.4353961781477542,1.109097410857115,0.3867939102642,0.2654436690505503,0.9494421158611313,-0.25180585942845835,0.5589836831968451,-0.33512148049009816,1.4523111403361277,-3.0875341870408954,-0.0565389889552943,-1.9121695894775677,0.2328280796478161,0.2008001254368229,-0.5852947132374059,-0.4841011029806098,-2.0012614829978146,-2.863045194307074,-2.6469019465727364,-0.999823775684991,-0.4079737123222239,-0.048026456164502795,2.0572689376616897,-1.6398465184354998,1.2357893021408435,2.693604030980566,-1.9171926312565246,3.856824024691557,-2.223781927788448,2.0491302731210723,1.43779672646869,-0.5695336496653618,-1.5213768283031757,2.030426353766021,-2.4284623131977234,1.2093477442677605,-1.2259197788716856,-4.495085352021387,-2.673752766784591,-0.17782167549350092,-2.3520279311452974,-1.2398175167353234,6.637860172490011,-1.3431857310947464,2.584692066606739,3.6569431492929056,-2.19783846361026,-1.5641564676524433,-1.8135567361997362,3.338868884027373,-2.035661736164061,-2.7411859303243875,-1.7472564105412447,-1.4851430898986555,0.7505611294941971,1.3314554780916987,0.8671689731645015,-0.7595427950985464,-2.1486458338322025,-3.910576903462344,-2.4134803081628924,1.3459804370614994,-1.7946484550034472,-1.9982422319736222,-2.195399111073849,-4.774844776502759,0.7959276890651548,0.056341992912719685,-0.9432729253829895,1.1522581099382365,-0.6964916242398883,2.947149477099465,-0.7658634441846452,1.717969755369104,-0.5895742828808282,-5.546679374709118,-1.6790399056385927,-4.089263544186628,-3.4687048506317564,0.6125553079817976,-0.6312863791265333,-0.4737271208684882,0.6800031512950487,1.0061023077703926,0.3161427194352394
1.0920292153814857,0.650767009472029,0.4697335660212284,0.37043187855415033,-0.8986793172378749,-0.18272358887705248,0.29390809198888934,-0.6144936163498189,-0.7199937459803376,1.174418853101657,1.0568788269988318,-2.5367221096219463,-0.6367151659746835,-0.49199892506564186,1.0634180080497064,-1.3790715643226508,-0.967076938868278,1.57272298128788,0.07071505514551468,-0.6436220409698974,-0.7661636050866711,-1.2006808035031167,1.0049491365370822,0.9950666104242358,-0.5731244883360971,-1.2760943370869593,0.4128584580229307,0.323198950969688,0.15111151026632952,2.437915596469477,-1.6881075223347133,-2.0467364727624324,-2.4297748446859155,-1.702682312851622,-4.525648075602866,-0.9764203928286752,-2.850085989961923,-2.040264594414032,1.0280468129732705,-2.8968337166379645,-3.268156074404927,-0.342731754445428,1.894013711457778,-4.774757870668669,-4.77723810293588,-3.269447584359182,-0.6340398637593134,-2.5641529872890407,-2.210375604982948,-1.3318529673488506,-5.8053467023817795,-4.501797997078537,-1.5689349073556031,-0.30785121265617965,-1.956956759350445,-4.65645870789417,-4.704024449030902,-0.5778009858599318,-4.477798260659887,1.8903946670257892,-0.1838397015799501,-3.661126666575583,-2.4347982144143563,-1.960985351104963,-0.13602069101356595,0.7935431633869171,-0.9632393275581724,-0.23092181204622114,-2.2754284864058114,-1.972819423581168,1.7028542959850672,1.0023716793277806,-1.9439188588698322,0.4268897886760553,0.4512564767641043,-1.6000668340322397,-3.246827635949711,-0.8823674849119787,-3.433156912576622,-1.5838336857639603,0.5441735396449804,-3.5146814699803843,-0.27181859862391844,0.5527001324536271,-1.1737350955509822,0.0010573306997876397,-1.637962042289529,-2.2345351022551783,-0.5009864505414471,-1.655278029507032,-2.6437594232636217,-0.4391965526040582,-1.5263622319167247,1.8524841530784117,-2.6005460635063735,-3.8752778658633513,-2.933785465633928,-0.9695307522552657,3.1191250348357045,0.26167996100481405
0.016158604726906667,-0.34686375200579234,-0.907254053616042,0.898426687489065,-1.0145582661562191,1.0366095566075204,1.1571793098972754,-0.1286276569866723,-1.0095632913342947,-0.7224768210216694,0.2556884255327828,0.24513798423181377,0.38983223095888053,1.115567284829637,-0.9265197730002568,0.7750034127525087,1.8352474950583895,0.6011317434267495,-0.38531841911938797,-1.6858977545319003,-0.7496923629015262,0.6500335278605119,-0.09717349360504751,-0.5856737069373418,0.5339048617212259,-0.6388045038537179,1.6531550793661238,1.2185603934083669,3.0019869034057587,0.29369942881766276,8.264028893462225,8.373084481694578,7.26181941882028,4.596838516876227,5.983872771390371,7.394777741593492,4.7645750635786595,3.6718620386089547,7.78576944431713,7.649632821537819,5.037728858945903,6.717756847498458,7.750572764444893,6.038601841909816,6.135688555780404,6.126613791001482,6.531382885193711,5.7566729661949285,4.024913606595213,7.469804617694936,3.1801855663010796,6.598900264569533,4.056318328658265,6.7795664827328626,4.004693315502741,2.368114659740348,5.385224932747711,4.441812102102535,7.37394370512792,5.093947150078797,4.983906941435093,5.812872530469491,3.4762313534240805,4.010384290872173,0.4713815856436132,3.2830561195279038,4.953756120957733,6.026318096812391,2.3184921589526657,3.43030290240089,4.257423942376228,6.971561966749611,6.530473540563756,8.562306580706368,5.539504936245817,8.108911972630805,5.01055738308062,1.371163060222462,2.735131945262723,7.268636797216088,1.4107977632248778,3.3749863466662564,3.715844580363113,4.73177255796235,6.510657909845308,4.5951904035001885,7.170204748032889,6.934760737694223,2.2872958958899603,3.659600731297649,7.13871916356983,8.055524433994133,5.685441479001718,3.556838607808239,7.8431190573225695,5.968682181634964,-0.36075203502890696,3.246450416471923,0.29514359141415514,6.313781522355567
-0.432669601686786,-1.9982823629804762,-0.6863430542795645,0.6820969022971837,-1.2506259384354854,1.3579671092334964,1.7276383820205756,-0.6539353730628792,1.024823258846283,-0.7909850393475224,0.8698343935124618,0.27353594416734633,-0.3777472774747156,-0.7652897571819359,0.44826978554608576,-0.5737124724318795,0.4645892026840801,-0.8197671550318764,0.9912151761301706,-1.2513093647034252,0.939665471412007,-0.13101488577168127,0.8006532154355396,-0.7338899856695628,-0.62710159583627,1.9475719574748591,-0.0902912299147024,-1.0808789861495844,-1.0421474276108866,-0.035604350741165414,-3.9660915328075284,-2.3716405079785403,-3.4657621957236797,-8.52170070642915,-2.305551439444394,-3.5729821416594416,-2.8213065810591083,-4.088988302411256,-2.226578833461673,-3.0769137109378133,-1.6874287813109397,-2.3903729084681515,-3.5252129175968463,-3.6006730306179224,-2.9373160707625,-3.8478213919045663,-2.887464384399631,-5.437093161181639,-2.4023805893542987,-0.8661403261052332,-3.047962454541596,-4.678222552846768,-7.57254765450272,-3.220944652283758,-1.988016907259531,-2.6949265200322143,-1.7550848539699686,-2.2718305705802937,-3.0158535495586514,-2.9383859977263693,-1.7340433580911996,0.3750863224925107,-0.8282285527087832,-6.104022027856349,-3.2488659578006964,-4.111151362766348,-6.031662758826696,-4.481797252848495,0.31300093956735875,-2.4625885992970957,-0.21250767725604985,-3.696312708661392,-2.4030821208546858,-2.685638866895058,-5.136263789117632,-5.004587424160405,-1.7101434158973785,-2.9721460775283104,-0.44482726156050484,-3.356545097065694,-5.037384628782502,-2.5092660840878622,-1.5897772048089924,-2.391653121997217,-3.6119729963404725,-0.20319617611337565,-3.9251810862776995,-2.1150025026713792,-1.1303179791692979,1.3997444717487317,-5.087823867340626,-3.176580707420882,-5.987110206981631,-5.435522922691744,-4.471968018190374,-3.744857094929001,-2.1157609459051194,-1.6749996694996463,-0.9693447681067574,-3.6341862900364434
-1.0401566809195546,0.5874879684253356,-0.48562726945317913,-0.6280697531065492,0.5464824753904978,1.7200421562936912,-0.0360822103460019,-1.4170508741418604,0.6630056575096387,1.8629576693299374,-1.9508705105831423,0.4846129340434081,-1.055731468787998,-0.22661220716953412,0.5300455457769665,1.4308102982408195,2.337966159648423,0.18182292314326287,0.9745276247714817,-0.5090127400409827,0.9484023257301522,-1.2469858594229393,-0.8188230431103,0.8185200531628533,-0.6681421648909897,2.112739188400918,-0.4785872723425508,-1.0155428258295103,0.7824629229720077,1.6367539067640506,5.602226399098318,1.1519836871546696,3.8752573372541583,5.834939872329626,7.036863395475995,2.833018430930137,2.888731973292093,4.462103006698881,5.438011193224517,6.564047075358029,4.321339828523636,4.385827615772226,2.940536617740525,4.686429151665154,8.331687042357347,5.668771675614978,6.747765914702495,3.8387831151894343,5.121921384699641,1.8666055541724136,3.8858855462763167,2.047081719084596,1.9364642106640555,4.3033977090774735,6.432790261994859,6.6053654518099,5.889693216221074,3.045064563420825,4.799072318187466,3.1129026196201046,3.72762594402285,3.051300437013339,4.037824539370359,0.6824531924556557,2.3928039612476386,0.8794088835813542,5.862759395755317,4.214350506447495,2.9592744681655407,-0.18302594519489307,0.08160467932023352,1.358723706296082,3.548275117344878,3.257288303433505,3.43352058881385,2.2315308442310626,3.3763905840115798,0.4876146417584928,1.6410320062092794,1.556683003276869,-0.6667970959453668,4.37677172201972,5.7179743640614875,3.226068162037534,7.050108096850849,-1.1440551895006346,6.356858586248419,4.375696972651563,7.100662421284888,-1.2876111536530668,4.013580856858393,1.6775194645326201,4.239810674580093,2.052279562732929,6.784698106923056,1.6933250089387328,4.262000124441751,2.10523888787995,3.724292627465977,1.5864960017047935
0.3023051189574735,0.8450293892052243,0.27222497993425704,1.0988227416610636,0.229117502143189,1.0733037531801721,0.6250287647145996,-1.7340040836140522,0.39779928705367196,2.0638802521559505,-1.1252627043554089,0.9736913871035253,-0.4919454985524355,-0.02360534039839242,-0.5730120747979318,-0.7558520382343185,1.507081107448467,-0.8019692828639382,0.8785517084622092,-0.9167349510372937,0.19520314851963905,0.1685596337692435,-2.3789550596300444,-0.8605030966576078,-0.636537530842064,2.4219110047994805,2.1744555304066435,0.6282981668690644,-0.24773508719433135,-0.008565159584451087,-0.7364081575882692,-2.0564426009466232,-0.9427525941258219,-2.979219158218228,0.5550752923338199,-4.5056565802147714,1.7400868055772352,-0.505443623309157,-0.5342429194932053,-1.0856253635114035,0.4124880546385679,0.6204396163109871,0.6893351635980667,-1.0701287499600092,0.2944723250876309,-0.9855426492111133,-1.7804707853222221,-1.7538133008529697,1.101478241161748,1.562714280549345,-1.5479007842223818,-3.9265133963653915,-3.1569963239310237,-2.9694361081722414,3.9936323978496358,2.382459344176025,6.621400090310272,-0.16514811786948974,-0.14395120569489703,4.607582285304454,-4.397356669362731,-1.2180871850885808,2.794348193816332,-2.072088595643698,-0.19443694036060546,1.033776103111533,0.6993511740612504,-4.30722365187919,0.8409798571881443,2.767245127887004,0.12473866306028242,-2.196796234041183,-5.40587884183476,-1.8194199673451188,-3.815535348783314,-2.377418756172668,-0.9178231986041336,-1.7857889208045015,6.1688269884993545,-0.8922798605797184,-0.3855253217000984,0.2395899488666639,4.6370831038362335,-2.747108037403812,-3.8172381677601037,2.130293304524188,-0.2250431489043514,2.6638598756107776,-0.4945138827627764,2.1479742205723715,3.369506004244438,-4.03491542027407,-1.6851756984848463,0.8281880159455555,-2.22520534907159,0.9449873297084003,2.767234607690893,0.45021571513819353,0.8268928899060595,-5.182957232227374
-0.8911691761701587,-0.100947471438825,-1.0002594427279656,0.38065803821524563,1.0057256011290017,-0.6123418270168794,-1.8986983852573511,0.31709539694446554,-0.018738474299613006,-0.6541943159811061,-0.7807716725754721,0.6685506276547,0.1298665833273447,0.5126287034436272,-0.377890266504176,0.8886514341764172,-0.7019120137253765,-0.19757577113295177,-0.13879842900876754,-0.5366697108440363,0.020673426130578203,1.4239258751268196,-1.6697818855856623,1.7848956544700874,1.4684693544458784,-1.2194774458100408,0.4151584018821717,-0.2666279238630145,-1.4353930924170888,0.4321708326589195,-4.027835147343989,-3.5455317093183316,-3.5025560857214906,-1.173541086455674,-4.781101145522432,-1.3572506024637763,-2.8086598518038377,-3.831765748270459,-4.183922263034958,-6.8220112705267635,-3.895655119523121,-4.123077652011086,-5.877226497227529,-1.626634601963687,-3.68430578951637,-5.554927377629625,-1.7268266910632852,-1.3719672753342855,-4.237574826440134,-3.2393917869646716,-1.0783724427800059,-1.811884864321733,0.21530668147575993,-0.12107273637896299,-4.295590865336666,-4.038330163965859,-2.255712623342993,-3.6302268597458727,-1.5959547709344566,-5.130538482169891,-1.0132991759212397,-2.876375282469111,-5.116312815797406,-1.6973936386997552,-6.13083762563847,-0.4475158832404027,0.0869872529371215,-2.0191195491026583,-2.713548429989019,-2.999350846831602,-5.85413240516007,-5.844627903398103,-5.400242695566108,-1.6561486071205744,-0.7142891799763327,-2.5473877888893277,-5.613132055330202,-3.9373708731839274,-3.308973379667009,0.9998605839367004,-2.2600314551764793,-3.762049011419421,-1.2782709610658987,-1.376877638612873,-0.6274214887468659,-0.431144963823061,-6.1950933068054725,-3.2869097103464346,-1.109592362042057,-1.2031849363992349,-1.8342361933222253,-2.0292268113572947,-0.1659406112086058,-4.278792184955144,-3.7827622292697427,-0.49774138063724016,-4.045060264569042,-1.5171675758180343,-5.492549503181915,0.10394150465996346
-1.6408682081342325,0.9067525874886028,1.9797608764732444,-2.3641156948765403,-0.2063730745555764,-1.5588548703634983,0.6277353068086553,-0.619940026552358,0.04724978456493624,0.5974669159441044,-0.274056556468066,-2.155302480501242,-0.01890754464684831,-0.3961238469006869,1.252782609052034,1.5339971292815022,-2.0333600843937933,0.42708203257893546,-0.9196485511688626,-0.9995805312178183,0.5005399757412465,-1.4189081321361796,0.7013089342620265,-2.0981614025099042,-0.8727296711436998,-0.02521921761054946,0.803347700673415,0.8924251620387469,0.9236189741671326,0.4125678528527634,-3.974222303361385,-6.038267310285119,-4.291137132582108,-3.5614503099290626,-3.3061662772504445,-5.068382079286431,-10.0628442833718,-3.1810359836320177,-4.454800817773281,-2.815759248312272,-8.279365044509701,-2.545790167915351,-2.328133352467512,-4.353864113214964,-6.522349447792806,-5.182993143741759,-5.156336020787164,-3.894750052952622,-8.818368689202115,-3.0594999903762456,-5.968450591232443,-4.306613681500473,-4.904755629800648,-3.7997180072011663,-2.0591915304245223,-4.720803186557764,-4.957879316417927,-3.3231612900235015,-5.4360540958051145,-7.033423091205501,-3.2634056524578643,-5.807627042432259,-4.578446655084229,-1.7657829607218516,-5.9483007076712715,-3.3867653827645974,-1.5110098400405612,-4.1054675229813515,-3.9130795952322432,-2.8310743153360254,-1.6199610560075166,0.0609263979582039,-2.0250939835500423,-1.2688949089573285,-0.3773963989341353,-0.9301015388817149,-4.275010999933257,-4.573000370478593,-5.000014144131912,-5.954020293861506,-1.0966809942824862,-3.0013702641974387,-1.5080221686962347,-1.9671373281806979,-3.580337663278065,-5.086068864585033,-3.085957983521596,-3.735645722612298,-2.97181220292039,-3.968133457742245,0.9031875837134472,-0.8445668220598239,-0.15137527869024586,2.6280169601413705,-1.0156986673091106,-6.389385029573777,-0.24344913778089083,-2.594333325687164,-2.3475371085524483,-4.390888483477555
-0.3949958905969361,-0.5180470168969825,-0.3428015245356743,1.481894338147344,0.022440439883347596,0.028537009165152862,-1.2482679998144532,2.132720568057876,-0.5546327852095265,0.05540440781353145,0.7454581038786029,-1.5231950022392664,-0.9687944622113471,1.0383189561522743,1.124422807511166,-0.25013632828185417,-0.6370458128086496,1.3043698168515485,-1.5968682613459773,-0.6128761571924318,0.3384788650224014,0.6752685091337569,-1.0207214104248532,0.9172438062481788,-0.09817597756131283,0.2653004629915532,-1.0329120539423475,-0.7357020990771233,-0.2473760548406151,1.645260418947744,-0.6935258781052996,1.0015065512291066,0.596633375496346,1.2040688556810588,-1.280082841260754,3.3891448966361657,-1.4499430809923037,0.5937303158969723,1.2020259632349948,-2.744821501308139,1.9988918291371265,-2.76689389689391,0.08162505025805859,0.21708714113121297,-1.7126321957189474,1.0265781802611886,-3.390795775938971,-2.578305602383293,-3.1338964900235493,2.8383217637795375,-1.1278420888199867,-3.0082777514697585,-2.90383054765642,0.8962234149366296,0.3437891932001722,-0.29403758291386195,-2.6212734948040923,1.4360626292264236,-4.895156500417742,-1.2364743100531936,0.10769538469380154,0.6117573252939948,-2.2415318241468127,0.8905056651240459,1.5638520521902817,3.622738063004856,-3.211541446519598,-0.09100170635793714,-0.05530262718237744,0.5820942831479051,5.306626843240108,0.8430699248985172,-2.2097526384107327,2.0299411644143137,-1.4756552479198493,0.6743884726501178,-1.8680007055429055,0.025785797095563334,2.6225083289664717,2.449510315513693,1.2125012006022362,-2.7196277106916575,-3.166240059027413,1.2731579685988639,-1.6607975997581885,2.41479440562604,2.3341314618405895,-0.8727381275205889,1.7058664106974892,-0.506603625452843,-2.379991778330119,-1.7632208202570072,-4.168406718440825,-0.29394346920937686,-0.9859499434191052,-3.101704658936879,-0.20272264480863633,1.13663952460828,0.8802412420899463,0.2726303363963163
-0.4926764711823703,-0.5629602939700646,-0.1919592597984901,1.5136780290834344,-0.5584313956228224,1.2504265425520882,-1.6848866329777823,-0.034156858987599376,-0.006307845415454538,0.3566256178072368,-0.7677433720164253,-0.9412151716385507,-0.5765958449318573,-1.3340880912141082,1.313602741159839,0.5317964830415076,-1.417117633034372,1.9461305251109897,-0.5121722203406067,-0.5795489971615949,1.8804594600988023,2.1918509950863188,0.18309626101077514,-2.1143314668021578,-0.06340060072759983,-0.48237643200970276,0.09750983518960682,-0.30095005322054114,-0.196211176168729,0.14788728599842432,-3.2858969213605818,-5.121083648912003,-6.076816767217939,0.7300011325123243,-2.4566303516172723,-1.8128469181267726,-1.7895036019714368,-1.457959168153186,0.35779030171247217,-1.435070982571878,-1.0667011119458856,-5.765370613127073,-0.7750229645045138,-0.7587717904874223,-4.811925323608893,-3.466590267972667,-3.2515818438876742,-1.287640731024892,-3.361491173964222,1.1672518550905497,-1.6993419174187379,-1.828991300855622,-3.7678871954988002,-1.6020834955692496,-1.0673352217467857,-1.4904376531104528,-0.08713543963326378,-4.279684075939121,0.14503191692787762,-3.863056314702169,-4.189099843949289,0.42668817145467675,-2.903430173322128,2.7139066478686558,-3.4881422186227997,-1.609070954019066,1.0646555285384445,1.640638191547581,-4.278289217417237,-3.1030141887546265,-2.2373131012231577,-4.123681620886707,-3.670810722038568,2.4581949840935584,-3.9581067550879054,-1.7405510538272513,-5.349072860151722,-1.5845876346149315,0.6973493827344743,-2.8544795759486092,-3.6807728883068185,-0.5332897167781869,-4.309734645230307,-2.4829885585106757,-3.4693559232416127,-5.037102237741229,4.087484971817139,-3.2940638366934163,-0.26851068623094254,-4.475460142697664,1.3850028938963026,-4.299739653409881,-2.156081980956288,2.6946303284209185,-1.8349622280250066,-3.572978304105774,-1.1955278885161849,-1.3728383698642708,0.8604777877605173,-2.7345620721373605
-0.8639516534475263,-0.05886862257174874,0.7364697778839938,-0.529834764007791,-0.8043826675858072,1.3222530207265022,-0.8755077805176734,0.36326861739897987,0.6550963178257408,2.2817376154659494,-0.264484536200177,-1.1620687231732227,1.5096698895122889,0.6406850720800981,0.8300838953904943,0.47200055371829674,-1.2930744640343956,-1.1029753066051962,0.9412005190996702,-1.1863297470737404,-1.2246403827613375,0.8216818253045257,-1.515550537811509,-0.999752060531117,0.1376188712486498,-0.8517438290639068,-1.9220293918243816,2.036227386562281,-0.5909128177247136,-1.501535028047458,-6.00362598383456,-7.660117722594915,-6.45814583018643,-3.059244680916243,-3.3965268547281067,-2.786210138118601,-5.631281525162192,-3.147201638620205,-5.256111210885953,-4.6652977884602835,-5.989318121029169,-3.904877351063411,-6.134680014531285,-2.42640438509655,-7.084419097438104,-6.3668716070006655,-1.119337171207901,-3.9980050680300576,-7.704293293725448,-2.018745073300279,-3.6229384552334007,-2.919413398182601,-2.7529563902497975,-3.9357081135242518,-3.3056972002306044,-3.8693260709321615,-3.6379001377384395,-4.403456039058394,-1.7271506589264054,-8.537201943643467,-5.982995906215181,-2.93029329521263,-6.032913460245716,0.8189204186846881,-7.91324995416673,-4.0269667608044,-2.481479610139563,-3.3195570359973128,0.6754171804913955,-2.679626132806178,-5.804661084748276,-2.194974486725989,-7.759227428931467,-5.574784657018211,-2.7090414246614025,-0.45609983339016136,-5.837461336630165,-1.5125716845286687,-2.185278505035424,-2.6024265680576892,-2.1159163879634657,-4.263720273503752,-2.731705774606682,1.3302655207589988,-3.758530223969521,-0.08306736702046963,-2.4047856944055477,-0.9061864936627548,-2.19729498383267,-2.149909284686343,0.6972729511078986,-1.9488096143369933,-2.938646757026299,-0.9525208875700599,-1.5630491804156368,-2.4173893013016845,-1.3910593967072755,-1.6791983310738328,-4.781794324927635,-2.507753575830168
-0.7067751023387538,1.3285952508107015,1.2365809925881797,-0.33072757418865945,-0.487400311194052,-1.6710546116912344,0.9404210313594286,1.2830992483423778,-3.1779551242013135,0.8856314880016487,0.9374630255136317,-1.8848210335992084,1.3757639623832498,-0.45825080034503735,-1.0902170120911363,0.7801539700854643,-1.1303474934719575,0.4392105755628418,-1.8628090981059282,1.0199518609041924,-1.1349248059520904,0.7119107850253438,-0.276654923397971,2.473632902387572,-0.9643680599549722,1.4417464881666882,0.12760151987289964,-0.7355717465105613,-0.21926476922653107,0.2062211662067574,-2.774674269295637,-2.049891959893701,-0.5398767718497184,-3.959435785612021,-3.7710734877538363,-1.9473702122716832,-2.002113359622194,-1.6247021843986804,-1.5793739411457954,-2.49551674922982,-0.8621006331946823,-3.3185390078776758,0.028489158980141482,-0.7978465400659167,-2.9761348511013352,0.1475917340084646,-5.475387655160576,-2.7808762416590995,-4.816836167017621,-1.1444823862101503,-3.702506965845531,-4.390991458583742,-1.6324917707265696,-5.039704154531023,-2.5179496991165373,-2.14934282211661,-7.057870411069294,1.224009722172963,-7.593570265049555,0.7942326449638313,-1.9374117455262616,-6.559843680340411,-3.838746973643375,0.736468537495281,0.501925822516722,-1.134572913453054,-4.496227516018634,-2.2322071089112874,-4.109987594063657,-1.8914708683486632,-0.49275566319739605,-3.187655730856987,-2.6832054881760996,-3.82426696887753,-3.1689170218692886,-2.008963466401643,1.036521757067079,-4.466854762557488,-1.7488201404927362,-0.8122973685874599,-0.5879097813357288,-5.8918179515553355,-3.615151225847801,-2.7582710773641286,-2.6790725814818375,-2.441120676036594,-2.749773445113264,-5.065012205836033,-0.9625715713102392,-1.0624208185302446,-5.534573779611937,-0.8206572253256709,-6.941826796439589,-2.637339938715031,-0.660824375658832,-5.989699544918297,0.6048138549949468,-2.3103849168163033,-0.5247841227350307,-0.6351276525280001
0.07329389150626744,-2.147570516423722,0.3066691074309197,-0.2467448308370695,-0.9127958619821439,1.891402487926264,-1.6730650467581012,0.5148607567489952,0.18193072465701787,1.5328377025013757,0.04815619732982879,0.18694049694051085,-0.20694059147082267,-1.3756659282491421,-1.1016207484480307,-0.2540211054532644,0.19616860944102416,-0.3517290262644286,0.04788257729843501,0.22328646343201025,-0.71505366391039,-0.01929916928491599,1.7230820240633675,0.7637677439780468,0.9379735020483969,0.8975522065347086,-0.8094241930904007,0.8694875639025608,-1.0657287423079236,-2.000234520133666,-3.1426378147753002,-1.9099164990745505,-4.942830713396593,-1.1619139493679822,-0.40622157061492964,-3.6946157105978172,-2.5913953726111023,-4.341116684398081,-2.1678659189024136,-2.0382517562996614,-0.11080462529265844,-3.0261675725903516,-1.4680316533894375,-0.015854947296986832,-3.6098440707158077,-5.81352098707378,-1.835287419946466,-2.787584927103102,-1.9977656545333962,-3.675923607259127,1.2650542746873186,-3.040801902568561,-0.3837052357790948,-3.7527710354867785,-4.048328993467366,-2.477009521132469,-5.577905825840021,-5.198009172354564,-0.12329551505264669,-8.84141688068591,-2.305054711381695,-3.331275057268818,-1.619302963508127,-0.6740819607093032,-3.3269134296827403,-2.9314815764203317,-1.297723989691085,-2.5275173514405695,-1.2139513825417079,-4.15159688662246,-4.584176646750734,-6.045958585279695,-2.317224379629014,-2.3830263524844586,-4.491141508325754,-3.1457157632234254,-1.761028644906463,-1.6184853416441394,-4.2680874088094365,-2.168813191542715,-1.4825209121253935,-3.8136733887656633,-5.150863282918537,-0.8636869800849601,-3.0417670387789815,-0.007482946476258023,-4.01986383155782,-2.693573737319411,-2.3846821014045316,0.6205035864917021,-4.178234146218001,-1.087216987752847,-1.4331790002622442,-0.97849375037136,-2.4604093876478594,-3.693972278438988,-2.040468475559993,-2.213694293450687,0.3037389043345551,-1.8494045057555943
0.07552763969752896,0.8118151422610939,-0.44148194219396814,-0.030901480356180677,-0.09010060880108328,-0.8572711025776721,1.6932155723786462,-0.19690329097789244,-0.04779039552431902,-0.8914478259120402,-1.186181525287617,-0.23573371997858206,1.3855719366589194,-2.360797382025318,-1.7620119250869715,0.8656640890777403,0.02457956242549275,-0.465988555905208,1.5990264430549819,1.794847581290876,1.1525750927039664,-1.0081456898640895,0.19126214852399254,0.17567677854240588,-0.036860052578978175,1.5085367888798085,-0.23908766906441792,-0.8606556532756424,1.1552675627797897,-0.5547606668269877,1.9521359741652946,3.7793952645857125,3.2500176739375504,2.7337536647232703,5.065547100675896,0.13873813772754273,0.2655927592638432,3.929307546833138,3.286368105160568,4.63381843731267,4.891893735461326,3.0932172260315096,6.2664325731638595,6.3666011055154295,7.0072585399790475,4.523056390334748,3.0335615877325686,3.3909669449470248,4.997667840097491,-1.9401067057192176,3.949582563621108,2.739130551844244,-0.7687350230155658,-0.24080715634935723,1.6424405946841643,7.687467819238031,-0.9955390268483542,4.713406175757074,2.851210528356549,4.02178337157951,5.1079102381876975,-0.5228235051549908,5.65413801756584,2.7591055490799468,6.977709114619738,-1.9574376440188506,0.48047405408036403,2.105213520389733,3.4219887345026265,0.8629923182175869,-0.048365066092817544,-2.3433323139033937,5.3973502857568585,-1.6954514213566392,0.38881648374947225,0.11076345247150499,6.508893207257958,3.0192056003371017,1.4142226281098564,-2.2702312717578987,2.075249647780026,5.005764549887276,4.525953512548707,0.13859291269880636,2.207817812672989,0.821691269639601,0.7598252811835822,-2.6813812567321857,2.8242913229057174,-0.06233664349711049,1.2561909706788095,1.271493349741023,0.4391395422934982,1.2696069944201358,2.670453368481336,-0.6195140825361777,7.796164029419105,2.4938403138375698,6.300643025505439,0.5991759948778336
1.8182870996309537,-0.41205658981235116,1.9401114069400949,-0.8731723197609075,4.052736050013058,0.43587548807025855,0.12577163068968172,-0.2909450411705795,-1.24870014965542,-0.5612579936659764,-0.5996646522998546,-0.03027648690063013,-0.7970201486792569,-1.9117782418630065,-1.1082643169659505,0.5665043841624302,2.2952247680127744,0.12575298136908014,-0.38429499965320935,0.4781439732450947,-0.6625539965789464,0.9417092888637699,-1.0196754356919908,0.5639927308937973,1.0595902352631503,-1.5514361427682506,0.3184488449174968,0.5955001007579319,-0.2549093668653285,-0.2766905106276062,5.781447419188572,6.12214376303312,7.683338364965001,10.187046679883833,5.053792438297302,4.361673718655634,4.879060665630843,1.355253047869697,7.058645595170772,4.902879684913215,9.175771548482473,4.247250488853196,4.895792971478291,5.627731784542073,3.7196561365084846,6.033486255262411,7.047631122743477,7.19096084747225,4.986384771677868,1.7270345303095582,6.993745217635578,6.004654031329381,6.958820802373007,8.733068805315575,6.463791269556038,10.814029900145396,6.077033141799966,5.776504770309931,7.005801484737027,2.4377537802132,2.0264504873118017,3.854423865557632,4.10563604347168,5.55852344754955,5.828690374958566,6.243439322447654,5.841455483048996,6.22235899670065,2.1807203978031344,1.780287502324055,4.3109747944317,4.3408570377103874,-0.6777840567872824,7.14870045888382,8.006166300204514,7.494053156735419,3.747948364455894,2.901956672446589,3.413483397706671,9.373905764897149,2.4548367404954816,5.738602667735573,0.46904034046142273,6.411810262188977,6.68584453126034,3.6072211465205113,8.000072097260226,6.318358207835522,6.519109977384455,4.266984497986508,7.046567938832275,7.417689622493163,6.444445136557909,-1.8939101831675043,10.74862415086099,6.607466181754864,4.540783045239823,7.834261376905891,3.430324438459407,7.596219484776842
-0.06975949493204084,0.9770821825388853,0.6068725658747277,-2.121689339895606,0.2055981495670366,-1.0710377144840213,0.24468625745121741,1.7357823882440933,-0.5384296746130468,2.6290005924784587,0.4339581338153892,0.6792985953058837,-1.0837033863665628,-1.8137886535153884,-1.111218472422797,-1.1339256309435926,1.0554386948671246,-1.2320092330283345,0.8588598852204123,-0.8453249946263217,-0.912099829164067,-0.20936800192836658,0.47293114103762607,0.120044637528049,1.4247486690937414,0.9627010159316771,-0.9740255858863938,0.3580324019185668,-0.525952523664499,-0.5862854142175886,-3.0159376594871574,1.3890091847261452,0.08688215506346503,-0.9152687850252588,2.2143540478711743,-3.008306742438754,-0.3611780258818292,-4.902567266526283,1.1525806506410599,-1.447136492137447,2.7125454651470204,0.6197871906482147,-2.1641909937137314,1.2765769226793142,-0.14418626349242153,-2.5164976152242735,-1.8132045692073695,-0.5775898794820942,-2.4766502831312223,-1.9084812931885637,1.1482110822321359,-2.2465476495601395,-1.0179000096479234,-1.2733906630079002,-3.3648690638288064,0.32803584071116426,-4.635799545365588,-3.4912279242894937,-0.7049287002554756,-5.767120456397777,-3.308026103515479,-1.7461813604946521,-1.437075096887111,-1.4396885975975138,-0.6469005827999925,-1.6778005016699162,-2.488587056094052,-0.7056128418878178,-0.7529662027811483,-6.452731755321583,-3.251503619479597,-1.5763722488686658,-0.9873231221812198,-1.3356266048733028,0.48783570205409943,0.448926921222179,0.7320238335148697,0.49446960283786345,-1.5829613366715019,0.9951939185358576,0.6306547135266173,-2.2539533725261998,-6.943066141291563,0.5210849902088924,-0.24861769788580096,1.3921766044524193,-1.180875910227913,0.15473457910278077,-1.6917891200115647,1.53890205551972,-4.583860431541209,0.37356035281110134,-1.559463270169959,-2.3020862986351327,1.8619363529126827,-0.9269299238146589,-0.3890694611726452,-3.1178950675045405,1.5002707681865313,0.9144102171448323
1.099129482742549,-0.33796545131455874,-0.8824913977842417,-0.4921855755739978,-1.3073008979393674,0.9870012389930181,0.009259489718894759,-0.1538180367157438,0.3830427397215912,0.5233986940086753,-0.16910536832263906,0.24397504927340874,-1.4836749530723878,0.5525595094234785,-0.2216625499985425,1.371813221270529,-0.13003491001262918,0.5911695398964856,-1.6459763890908294,1.7414714117541386,-0.05113803570178277,-0.04437428094893748,-0.5049010650234974,0.9154799395463951,1.4212748108060378,-0.8189035638811962,2.293416326165246,1.9448549821522372,-0.2272144813200065,-0.9389377487652948,3.459101166581196,2.2173158699328326,4.137960961430257,3.3888375916457396,0.817469824441263,2.3026844570607325,0.5782036415364523,-1.6355938075844114,3.2735064871422823,0.032323203239983944,1.7198533437610917,0.10543189101815587,1.3476304324354969,0.8486483387910211,-0.22662715109327547,-1.2922530508605654,0.9367655143824918,2.6605113385568275,0.21429133438600118,-0.8436066276689369,1.2840059588971164,4.22398567445674,3.203674458004824,2.265406637177261,1.1895626419672252,1.446716642435858,2.4080114184913306,1.7956795283781088,3.153581179250737,0.4670272997735955,1.0341732888781887,-2.604933156829438,2.3029224437731233,1.7914154262536501,-2.573247626769197,1.3071344985261661,2.5944694005960036,0.10425128558608515,-1.9315231027991726,1.3514573007767492,-0.48224511831520944,-1.2054514945242694,-1.223236481831863,4.096605676056245,2.9276130495170873,0.9978060368824648,-0.943628713854386,-1.1574553465288058,2.0407262183348753,3.3620184674985123,2.0592562705124138,-1.230918587811265,0.23148145474694465,0.2955092836964823,-0.9845801611104013,5.8458386831296005,-1.9224840643193104,0.19976495871639344,-2.162516556515029,4.399772728481617,3.316986898098217,2.7648250711981524,4.610331969155551,-0.33598861310631145,-1.2519678060126873,2.7294788058677057,-1.5855864234152972,3.123959352417687,-0.23463896312056423,-0.20447251526224547
0.5898202419902124,-0.32855007511228695,-1.8121514850270701,-2.0372315690121034,-0.3855258624929624,-1.0017800958924747,0.7206258039642569,0.45175818266800505,-0.7213034524166253,-1.9710370408653215,1.269728801453298,0.3031625719473227,-1.2637945534198196,-1.0172399618658328,-0.6035899893858165,0.6396733510704231,1.0886403308627435,-1.208590025579207,1.2348511884735782,1.1873482124163568,-1.4647797637623243,-1.072780138121077,-0.41405211279081766,1.2064606882345976,1.6486152517648758,-0.9570640466971039,0.4572609972518608,-0.22069314614332386,-1.452727747950029,0.38376170493854334,-7.192897391830656,-3.6714659097792524,-4.304950745522859,-4.034649214810386,-6.054660472593217,-4.928229127407759,-4.852346421026889,-7.942121165040655,-5.045756501274169,-6.439510065209637,-5.090190315945845,-4.632668024298132,-4.471857214896391,-4.507491130839121,-4.410582733087687,-8.957850202610453,-3.6857732795367064,-3.584858933746406,-4.4077573270608505,-6.018225313988995,-6.154977127891655,-3.370615341852586,-2.232983093939513,-4.7341852935433515,-4.50575198182618,-4.305561327746769,-5.536383733212946,-4.172081488039647,-5.089300019265236,-3.0617580460792633,-2.693138371615926,-3.0279087569620686,-4.262972161914942,-6.672394651446341,-4.674722485492822,-5.425291955116126,-5.9180411686798795,-6.94978513613977,-4.075734278469899,-5.934068037241754,-5.972665968479776,-6.859954689986497,-4.309815554452478,-5.622134273120848,-2.5770810092614163,-4.202703721652513,-6.273529242192156,-3.8673063979714986,-4.038424381181653,-2.7507673825170675,-4.522424731206592,-5.626014675308395,-4.322028596383563,-3.2066523982903634,-3.9679259492521197,-1.0025684509239292,-8.489360924338136,-5.20680484669198,-4.67064082948153,-0.5739222204478144,-6.982770027248229,-1.3338173937394988,-5.373733827786403,-8.864701942393589,-6.2226083581080935,-1.859698227527139,-7.294650255393797,-4.14507670783657,-5.661323607055709,-1.999870544179897
0.9126944992734459,-2.0882637255501644,1.106747865127744,-1.0941188250136458,-1.7932155829004859,0.7466691021701584,-1.3690975921309798,1.2361456079048507,-0.8390051706405739,-0.49740880040785385,0.106037147200158,-2.5543877762837717,0.03204729752717078,0.1272854823714986,0.17295833762932858,0.5750820014452831,-0.8878201484751835,0.2519315101051386,-0.9395632795940463,-1.4368277913103982,-0.33638441021547627,-0.27793762907131275,1.485047064849641,-0.07371016756020483,-0.9320083546328894,0.5321508442858129,-0.11998496945427539,-1.6180572020803263,-2.1752457976053963,-2.023503267090726,-5.836870737197807,-5.164012996642483,-6.23015593690945,-8.121499984152052,-6.197015935304822,-6.0217202730301524,-5.574003023243126,-6.499724467754876,-5.218673055609823,-4.725980796796607,-5.174699833401441,-4.076475486831405,-2.711695410601515,-6.484916985216292,-6.347476188852415,-6.425200159148446,-8.438104589258442,-5.780964770418972,-5.887555518270531,-5.04774919641795,-2.4205031659003264,-6.06770587205135,-8.766625303978902,-6.125215128612637,-5.86174004838105,-3.764583691090612,-3.9722157871073285,-2.525699440242417,-4.878879017366389,-7.76118972852424,-6.05460240449149,-3.9567361523333426,-5.120093787771128,-5.567204406577277,-2.386899305025526,0.6100715324605276,-6.374676801851083,-6.515795832582618,-3.5983511423189287,-3.5424873811272706,0.8436078537855072,-5.802965495948132,-4.197016115780322,-2.066821501445398,-5.788139704452218,-5.059591625584261,-1.7526071402174856,-5.548402282546488,-3.613959053175205,-1.9569701133277961,-0.6844119918494163,1.3624635739580757,-4.777133573059449,-6.83865824054332,-3.5901821574114097,-4.403932007136728,-5.151119944698804,-4.49736787912199,-1.7701340461744457,-2.4970773477072026,-6.5301982851586375,-4.641968405376987,-4.547944281560257,-3.9875229299339954,-5.381260040727845,-7.246609000135718,-2.078148842595626,-0.06061173825102212,-0.40819403418813116,-6.777437697742457
-1.7077660874609348,1.9126355617043385,-0.9940753960744488,-0.7880211313202725,-1.4351729228788483,-0.6646874765099866,1.6316739098070723,-1.03818687343037,1.2402969553963006,-1.415640069663901,3.413983374407965,-1.2926455887515411,0.2986349396961082,0.3881479135067042,-0.4688598033443935,0.4143586770124772,1.3271848471478682,-0.5005015864252179,-0.6516595541036544,-0.7518612157966923,0.25784436045296055,-1.7637442991231524,-0.057744040551119424,0.17250367249764403,1.9854990338209508,-0.3969423275924743,0.09341940175346641,-1.827797577902168,-0.5253365321906033,0.5561245029692482,-3.4095924516592606,0.6575004366800556,-1.2086530325145701,-5.868629795958427,-2.4720770882118,-0.45219583030449984,-4.745701275553334,-4.6080683365972925,-4.511364806944394,-5.041143144345661,-4.467374924354524,-1.4941518116335573,-4.81731536970108,-3.6561326951612156,-2.0171010593180965,-2.053724116058982,-2.514245304402782,-3.059756570393669,-2.3213647786880136,-1.8113567410530498,-7.021839192350828,-6.106684750200137,-3.001412334829526,-4.8277220000908105,1.7660959948009247,-3.6664201425529885,-0.7590801737455701,-2.604814184792766,-4.607678020407385,-4.365993533060702,0.19591354817069528,1.4766155577244569,0.2280530123680683,-6.745964395495253,-0.4070840118163128,0.7422010159858554,-2.512541098006985,-4.456925667017822,1.360463393902201,0.9465722547067915,-1.3843187450530139,-2.071946819879831,0.37834595755848427,-2.665083633603765,-1.284476775862421,-4.970836393028296,-0.5719595390658023,-4.411570906089964,-0.305319150152021,-2.3175101556999445,-0.28773843024725987,-2.164352547842502,-0.7002583036239725,-3.7918023490999064,-4.982786708140643,-2.0245653649888693,-7.943025243627043,-3.4073561867975033,-2.59024065654071,0.04538055870354202,-1.5239849989553738,-0.954967447148535,-3.610293452536646,-7.101978302874305,-6.378347205265469,-3.7389349708900372,1.9647117379771721,-0.7739013577426086,-4.6671502912630425,-4.942618300270731
1.8977046550186372,-1.714117095362633,-1.1495335786619907,-1.3352187836334972,1.3098463530888693,0.5013318353255394,-1.5189689089984475,-0.33442418954049236,1.3447051775997216,-1.8128693723960994,0.4642411383805568,1.3323064425051796,1.2357026451847797,-0.01812650632019641,1.4167834908480976,-1.3950960863095472,0.9593670269958906,0.9534265940271394,0.5459036515253826,-0.5770984332533753,1.4485922321504383,-0.8506588715777282,-0.7346448757204491,-0.12454474683099959,-1.7540519281393112,1.5882968680308518,-1.141310520025562,2.3342769500743468,-2.7652523624976553,-1.3227442597466792,-4.805956453650209,-6.100451043230194,-6.9248165151336405,-6.8240249142312885,-4.4115281507814466,-5.585549591152963,-2.542224380042979,-1.4742007611421832,-4.923030539592267,0.025809285030211015,-4.46659477026143,-2.845290398298266,-3.548395234425726,-3.8786001726093042,1.308823467210788,-5.664725326183349,-3.877224518753538,-6.612162332049674,-1.97871224604177,-3.4271704457437036,3.3660266470830043,-5.612586077189194,-6.804420125034134,-7.427141471625224,-9.265440671317595,-2.608758521426421,-0.7937651488102077,1.0612007523985176,-4.8164127772945085,3.26844144907484,-2.511256296358484,-4.154352282382912,-3.999444940839531,-4.481789544399326,-5.282080936461207,-7.793452100475387,-5.2483548625076555,-6.408423952340963,-3.7008576742987858,-4.7732538504124955,-5.604669507291506,-8.663718942461662,1.0291233168256761,-10.798036263901402,-6.105723517241629,-6.828580098436348,-6.859809601272554,0.6989734945329875,-3.790647049313426,-7.958338993273697,-5.7013055993335975,-6.7186192979192345,3.2253032513159416,-4.024932191766693,-3.6526873044097967,-2.744082483399982,-3.5953605397139454,-5.602606258525977,-5.366779219594958,-4.080679846323664,-7.6720891043552655,-7.840497876151321,-1.5068980480236216,-3.0599425012091466,-3.686442591659294,-4.300360421209431,-6.189390462014621,-6.065537679461544,-1.3256031421887933,-6.938891745941858
0.2140178012739783,-1.4129903012594223,0.974565108387989,-2.065289282047472,0.1453626282009441,-0.5059558716362699,-1.4625468439077776,0.09450401682723547,-1.4834168068171354,-0.08042285812714423,-0.7946895437998325,-1.9265315909655492,1.0963054583582994,-0.9317297074086075,1.7805005698552576,-0.1250496664491359,0.2908780971411039,1.3364858389975711,-1.1548837358224593,0.9214644209956555,0.9853554047960886,0.5601112805846316,-0.6859974573755095,0.2210253154972367,-0.15456245253659812,-2.3081115910506944,-2.0294676273893013,0.2200703017687708,2.998819607172355,0.04436011744783713,-5.279761192353332,-5.128012370536004,-5.321661950509467,-0.8585124578014116,-5.14122440720101,-1.1035220178097418,-5.949245869426165,-0.38392971574594487,-6.037822543377522,-2.3382785669141297,-7.805153983626772,-6.096272480065629,-3.7097350982077777,-1.751905470255511,-3.1895653408701046,-4.438393028258641,-3.197192512959216,-1.7590015868395674,-5.378181476266789,-2.964951702740954,-4.713580248763422,-0.6216373599723509,-3.4433387851136974,-1.8370348176315248,-8.877233127203827,-4.336856778251915,-8.68835226491716,0.6563964901999982,-3.423881429710522,-5.991462892730582,-2.410954288848942,-5.490348888400742,-10.792206688509662,0.46728005069608447,-6.502478431591671,-5.0936330849929945,-2.4102822891818754,0.6874901527252932,-9.692537169639904,-4.285539778119957,-6.2018128077366494,-5.073465244944889,-1.772478219635459,-3.3202943290298816,-0.38971138278087314,-2.2368441815940057,-1.8114298142335987,-6.97347942463089,-9.721422894766208,-6.46437868249596,-8.870814478546873,-2.52642803541492,-5.61950913563723,-3.780716550141055,1.539547977916325,-9.553498294741091,-0.05046970195109024,-8.703434611765832,-1.061131919274512,-6.979218798955672,-4.322946704952587,-1.7472767677409764,0.7020279741478809,-3.9457132271772246,1.697984561201253,-3.985562457299411,-5.560061327977872,-2.5363959957920863,-3.0410710084304178,0.5447696276650202
0.6607347484425093,0.14420899568435508,0.41041083767265885,0.9518983832922168,-1.5783894057162513,-0.43765726657681836,1.6739893493894087,1.4080681591924145,-0.69271348343241,0.35678176493462216,-1.137694435509209,1.9123384886149486,0.763219121502469,1.2772655444938945,-1.1682057754001032,-0.6997479044017814,2.175680141989391,0.3527958031062303,0.29113335444606087,0.5664564913252226,0.8087889211058518,1.2829284926514606,0.6504695050625061,-0.09340372615972253,1.3266933927808777,2.4256055484201307,-1.5656820398086697,-0.5559418278468711,1.104692114780962,2.3879493979269775,12.423376700881553,10.094974844493434,10.031807926683854,8.968889693623716,12.972642283185241,10.346346561127488,7.5799217786124276,8.49018867383751,11.221065436401684,12.166438102265035,13.183283505219107,7.955046173155414,8.07671181030455,12.671903916511617,11.271695118235186,13.473363966645872,6.8020644329017,7.741756075067865,8.252506200351611,10.824343109836615,11.193164197342641,6.797281871975426,6.7276416850971295,9.5153767476923,5.407458150480492,8.5393984690791,4.072546771705716,6.187212750195781,7.217422960265232,6.751323371938028,10.340685632854838,8.41825712616062,4.478189929984606,7.885119795143462,9.857125708191269,3.9600468159321234,8.18263412449702,10.418180363740975,5.126836697701679,2.2881220024080275,7.322926805201209,7.612178963111287,9.879127556562919,9.322038824932996,5.341428995721734,5.3132768863483095,9.183749362612586,6.089218270085554,7.590160427126508,10.846820931185638,3.9101970731166364,4.326917135302472,4.319276778960701,7.083907393287613,8.648183560836781,5.1956872051576415,12.102369294309408,8.262756604407073,11.189548172868697,7.296586152033164,5.86459283986317,6.070359761918849,4.357718461634332,6.5880220594746906,10.989063663936895,3.571124686566733,5.83304639404496,4.207960160606271,7.98907842850515,10.451786611015585
0.4059830276728291,1.461996420585331,1.1938104871230413,-0.04815096251703288,-0.04516930407495762,-1.7597986436606705,0.3540491342058969,1.4651127772687325,0.8728394700768111,-0.5483878307804131,-0.4428516433599492,-0.34159871519147317,0.02324803796696351,0.5013467496545828,-0.40375280138767455,-0.08670259775758045,0.9062963783805273,-0.8999485465698592,-0.4746231002883648,-1.288887432718312,1.4843553009953956,-0.2078296724282051,-0.7646170283901946,0.10358664500303957,-2.1865974694330315,-0.7268762682834673,-0.17073369444300052,0.9876920642194339,0.6883259402224358,-1.130123391263175,0.02976240285918963,-0.6917312615617051,-0.8676596651226071,-1.3197131544683796,-0.42944716703151375,-1.1479346576465945,-0.9106196505575083,1.3469939274486906,0.48632565441215775,1.408939457267035,0.07692271147618415,1.5653501410590673,2.2013622736299236,0.3694681017470883,-0.335188614009304,0.3623318338690922,2.56799913170361,1.7105218390041637,-1.1691230007662146,0.08642251011501256,1.5623052950361047,1.26685625537239,-2.6045621236172174,1.0878099022180996,-3.439742882254327,-1.7546171251073284,0.2122561056765247,3.598943144427793,1.512213528734457,0.5004481641756299,-0.1177364775313483,0.2945785022262016,-3.962256755262778,-0.8043631877524692,1.3138075628378696,-1.775000527646476,1.2841387326930005,0.4139524249191827,-0.26474028191435106,-1.3286052765533884,2.1560517175111467,5.829938616584685,1.1477135098528901,1.1321771023187748,3.1867719200189137,1.8932863848496748,0.11139405003925423,0.5198787277797184,-1.478950579796816,0.45178099700546226,-4.00546328130776,3.846235285770831,2.0096652250824194,3.2159487236399484,3.4270214335693066,-0.6679150300026724,4.254226741691091,2.378549451949608,0.715157088485064,-0.550556833163877,0.2110114962028527,3.5343440829962396,1.1515515495738116,-0.8420471121229594,5.456249465169062,1.0563785578351477,-0.39974802879609694,1.5626205220089977,-0.9753479291060116,3.7768031976821956
1.4232275605560039,-0.12494192013677863,0.9241867159720281,-2.1968446187272344,1.3546192208238304,1.2745449501592758,1.4401788484829852,1.0144242941486383,1.0276224078411977,-1.60733824141714,-0.0669900674270894,-2.1862766159213374,0.07079718568592774,-1.0228462727949563,-0.6605243792154686,-0.044454619753758695,-0.5419065865625128,-1.5495274438501976,0.5373841098525758,0.3400357847501344,-0.35844792111865653,-0.7050790161737726,1.3874705596115606,-1.4798286232660116,0.358927138715165,0.019813451575789287,1.277756324861689,0.27268963060100093,2.4346617196057094,0.31154204606959834,-1.550187809778548,0.6961507694906153,1.1955830354817971,-0.7040770955007283,1.24700324246819,-2.8166223415626535,-4.3169223813947095,-1.4652204198303993,-2.683276900518595,-2.172192019633513,-4.4648232473002185,1.8386983618019923,-0.36400502922268096,-1.8667365897311112,-2.6031726610718766,-2.12239426394665,0.3948620241807271,0.47456016618602775,-3.1265454798072527,-7.073480801506021,-4.516216205222159,2.2232603615664335,-2.470073159901684,-1.2185224776870696,-0.470147401755384,0.4405425089310083,-4.291964363834809,-1.811420656805687,0.6810185167304837,-3.3627637524911815,2.052562245455913,-0.790912209297989,0.037704044858700256,-3.2836235471518624,-3.4333734754449057,-2.808106128132394,0.24312799138336705,-0.7965089573832935,-1.8362018514783889,-0.9349724469972053,-0.333552248812012,0.15007540621031262,-0.14699022118106447,0.7607500714780328,1.6325038828135512,2.1956826607595126,0.6208490446322937,-5.247158857514191,-3.8596565146054944,-3.115899179119241,1.5665085591766565,3.7963136163510005,-0.8588503345642853,-1.143026638455232,-0.4398221890835308,-4.711317569393866,-3.1592349197932634,-0.022073495728222786,-2.6596770358353363,-1.5509400895645413,3.0018549674651744,3.353539217806439,2.22707853333915,-1.0736365483807613,-1.5585617640216827,-2.9195793542164408,2.406252918395996,1.042587994195726,0.6843660693572676,-0.5090737768472995
-0.9572207507970674,-0.3596174669145028,0.8433795160066733,-1.0433809634689881,2.3795508983022478,0.6737193939318524,0.7930759626406962,0.9496550139011886,-0.3616853049524068,0.008564367888397983,-0.8491007109066848,0.933001034562512,2.1386146945854057,0.4469222680980199,-0.38700575285229455,-0.9960992725879736,-1.4660241852058442,-0.7344882009133227,1.5587617610343714,0.5322809774396754,-0.4991912568939744,-0.05606483394820232,0.8436991498840618,1.3979085199053658,0.8805971961447264,-2.550338384173657,-0.8956474260311575,1.2393150693929502,-2.497971767147812,0.9628316617576972,3.8698609654967817,2.78242996595313,3.6541734500601772,7.143262917655736,4.389632463318681,6.29710517177717,3.112364933872336,4.203998563195911,4.080693157106852,2.065586327513794,5.031159350332411,5.363852334061935,2.539959981357243,4.5426340197363695,3.3995968235191905,4.557129695253729,9.021540908497473,4.467416673163652,4.289068432870614,0.5223776793399579,6.426856799024637,5.292306958494211,7.2907995580464195,4.592568317326265,3.6911205951822526,6.1982644082878355,3.3117670961077583,0.958453075756441,7.046992776810653,2.297113061558504,7.195168056319156,7.6880859072794125,2.656886223212915,3.9598870880549235,3.39445347098336,2.3238246223030585,8.744094534173922,8.048890995374016,7.008908970745787,0.2068266311643347,0.7325329096736078,3.758034084121377,1.8480348896131313,2.8985015027300163,6.935985661742229,4.568265358408076,1.4262897070043317,4.061941618335034,4.2081638607946585,8.618262367436774,4.614900946519649,5.904633840901737,4.957217370387477,9.010838727362678,5.649779342739507,3.842882902777841,5.018499431841442,9.606350912869203,6.5640343637796805,2.243873613611224,6.671189103491494,3.1702358090095695,5.6211637063889,2.0164463202696705,5.038152772116097,2.1267200441657064,6.965447083709417,4.4026598150781755,3.226796690054569,5.715284666034353
-0.396704159159767,-1.0630299421684315,-1.7420391590907132,0.16857181652208642,-0.559168786413712,-0.8467905962512806,0.49498942855056227,0.31985577720857683,-1.1127625059409434,0.30796197533220715,1.3579983190748535,0.47022415002652496,-0.6219965663096023,-0.9934854381430247,-1.2986926897537616,-0.2559456822783884,0.8542534642441352,0.5308127438913468,-0.6679336708208217,-0.5943980419938191,-0.2965374866979768,2.23887737431558,0.5731013370214337,-0.008960726640672045,0.43631489447199145,0.7702763273935478,0.39260922531877207,-0.5305038110930064,1.3473242982187663,0.5726605874202982,3.031215055853838,3.541840648860098,0.6184951878630818,2.3230218328682093,1.6886209595546073,1.67639969417322,-0.3869806419953318,0.2920860015922252,3.4899978939788583,2.807414037251729,1.8970090057663203,2.830051954819963,1.573831676036907,3.3555684268543002,2.7536794940702087,1.9910796046906867,-0.5515147084652966,-1.3008637096074442,-2.214057570682498,2.868658949302196,1.259635533692509,-0.911934733774687,3.764293651940246,1.0372080204809615,-0.4286007140593263,0.2863452416099007,-2.2701258681889978,-4.135988796284169,2.1139961821277238,-2.3778026225092685,2.7038175694128572,4.134600869229541,-1.8322763118732475,0.28049220127253827,0.9095025670017916,1.4723647809978222,1.8688172255619653,3.996216907131788,-1.202417246112179,-0.9364903105819925,0.892336147097152,-0.11776858413049165,2.3640891911479227,2.751643931451291,1.0890057538025926,1.1902394068634226,0.9191307697718698,-1.9283859616839547,0.8834375217518918,3.3519245594961093,0.5934109968509975,0.10068326965578434,-1.5157019771414237,-1.2888016444254995,0.7209813609090419,-1.2878988403723837,2.1525597519664537,1.316561454543936,0.9243791204533576,-0.4040982836334094,-0.10096556156723874,1.5243825682072725,-2.259935999258872,-1.771065611236874,1.0528856170607765,1.5218841775183,-0.07609343639303284,-1.938425832112551,-0.1412425073044692,3.3197380821490006
-3.537731612978165,-0.8187484550931539,-0.6859030046974939,-0.01633295127907053,0.05728180042961439,-0.8917044918319339,-1.0430953920386707,-0.5796974721219238,-0.21971150181455248,-0.31394244563236723,-0.06329479455363227,0.2247651201943961,0.09664081784592146,0.7229683513350162,-0.15898073014326786,0.4608561284322885,0.25281634715741286,-0.17058204291023227,0.04492756253073227,-1.247818088255482,0.49742570344805614,0.09140200410086793,-1.8894235157807595,0.8247384694441302,-0.20857614889489212,-0.20930944528856926,-0.1934988555922364,0.6448607850576965,-3.0510015627898746,0.5201597491044732,-7.2151901350204115,-9.137917246391842,-8.502909886400682,-7.924108929777762,-9.62050717253813,-7.9658573287022145,-7.810567957962624,-8.548169398623692,-7.344027025067604,-7.327957162013579,-8.465874171170489,-6.98343872063002,-7.482867543642666,-9.297694846724868,-8.076845110727227,-8.19890057118965,-5.656115674704512,-7.513102558821661,-7.975960671805665,-5.728156976394054,-4.741993192842079,-10.927136215985124,-4.734485269731235,-7.499976121719865,-3.7705176185190936,-7.515498926222023,-4.066111029550879,-7.110898474413497,-8.088068618349395,-6.797730557176339,-7.516768774546627,-4.076576832921793,-7.879654717018261,-11.022438260955825,-6.880059596399951,-3.96070078084215,-5.205131855338106,-8.934144500130357,-4.7397500148057325,-6.079792108073441,-6.02472667435311,-6.37640661882503,-6.613995079528783,-6.703119528474356,-3.0881362304639475,-6.372262814322743,-8.354673682408809,-5.1632594353573,-8.36828623210053,-5.467985116374166,-6.958630675738773,-7.423995058938269,-2.271459556831814,-5.961617590109053,-5.5131365737019795,-7.0449666256516315,-8.48243801245112,-6.409426997414068,-4.206951319219157,-5.3976717490532025,-7.972707163879307,-3.332042871939547,-5.700895916795528,-9.437995344480639,-5.871203486210447,-1.3809730366397306,-6.195993509595715,-4.697733124960793,-9.49226199363649,-5.801639291695748
0.26530644800675535,0.5206136890532416,-0.22544372606782037,-1.4089266900606963,0.6936151423939501,-0.033786551505152085,-0.3234339377682265,-0.3861492597957324,-0.824680211883027,-0.8133074874980275,-0.5674460989516642,0.4214118381556284,-0.20034462898758398,1.1652891695097343,1.3408706356991715,-0.016234211844416424,-0.9815027395793127,-0.4526001263590351,-0.031852192299693806,0.559541906521594,-0.7754553685540604,0.09706468132925217,-0.1711471672778483,0.5296010971778613,0.7968121628414437,1.8063849657931188,2.706951441977454,-2.078497051973163,0.4375847665976095,0.4185011710441643,0.36471663181527225,-0.18574246231647654,0.14771253238190485,-1.040209729565015,-2.967162902817261,-4.902927249602381,-2.158982361629941,-2.1910112828777626,-2.075157580636217,-4.533003850374422,-5.352487648337209,-0.6026925800563908,-4.983080081833902,-3.3735963372300115,-2.8130844443403764,-3.4823053188464956,-3.481013405588613,-2.9733032653874396,-3.4685088561300246,-4.55491399585083,-3.4015823281533724,-0.9418485113333468,0.20897830756084967,-0.7842223251203971,-0.43438872873483575,-0.8163771386978814,0.06855227227457683,-3.080427605676073,-3.4478211819728783,-1.5364137325444434,0.8966504189846449,-4.397763637814508,-0.6673295769501869,-3.0216017221643714,-5.10891033761876,-0.054368465649453857,-0.9669946978767218,-3.691720047676129,-1.873965581844024,0.9767996937221464,-0.6000966292108327,-2.5321366706352517,-2.857364934650965,1.0665801755636963,0.4095578541650809,-0.17833388556520224,-4.176902176313167,-1.9393877090132026,1.8362955685799225,0.027056630000438564,2.985679184533341,-2.920259071966024,1.6845512553183812,-4.435049804802217,-4.850627810199622,-0.8295537425953943,-6.959603393071563,-1.8092262968605088,-4.5730959750388225,1.5458052088691638,-0.22123028769754027,-2.110291771381206,1.06166571062181,-0.943868637363048,-6.000905052746667,-0.8790416413630555,-4.618393373978407,-1.5427366315270805,-4.3357399990212695,-2.430384576086928
-0.017503745490209832,1.37421348955199,0.9923782866392177,1.354041729662232,-2.9689096149812433,1.6185689911399208,0.8934798107609632,1.5536429806339735,0.7686340638185689,-2.8683065163345254,-0.6221739251323695,-0.6277582908527807,1.6677516133705692,-0.9501061924736546,-0.42058655046507426,0.4006629867878194,-1.5797185348484812,0.8110435064630512,-2.1753756460270663,-1.2386374773124116,-1.0426290858873346,-0.3030352744173769,1.7958800946375464,0.6240627803801484,0.13966704664236188,0.25942922222291337,-1.2858536384516301,0.6373872426633866,0.49422896569495683,1.570148078177548,1.2418321873453464,-0.23600215236320532,-1.0410648934522155,-0.6664213884702151,-0.32536050043279907,1.1581617558653254,-0.11350611297065669,1.1274630438312976,0.9999378121525055,-1.5274449756979585,-2.829250528098823,-1.8926461683598876,3.979154820507453,2.1608638262135242,-3.4357102617699544,0.6167818992665798,1.9765789383907058,1.4347243705816495,-2.1374276262943015,3.3558121888854657,-0.2410965471524043,-0.30455658820703313,0.44870388500861835,2.0359014745377557,-0.9448741112973377,-4.951672753591802,-5.227737832912341,2.2382529264794275,-2.05431515385664,-0.7359876946204281,3.6139453193273843,-0.7152733408285266,-0.9260805763089925,3.003040031978059,-0.24150737499185732,2.4018011005253403,3.08866353724025,-0.11541853807687152,2.6911107205156677,-1.9646611948686221,2.8658283928213937,-0.5162802432879456,-0.1961630697912626,4.345077825132488,1.8861784533600656,2.1723285397884426,-0.0377153751091157,-2.0987416136885755,-3.876245549559329,-0.11326114515761154,0.4760179812089915,-1.145214807319621,1.4044230374441742,4.848883634429701,2.12819020542437,2.47186318826357,0.12951800362205845,-0.3695090825901107,3.411465695172424,2.7088206649127433,0.4794134380584459,2.738977295528583,1.6303995544122842,6.401788872358163,0.8128798258406827,-3.3510467709840315,-1.806679245945324,0.4984701397197035,-0.7276604274008796,3.480942164418191
1.0264923687540302,0.7459671858031367,-0.05443303896479851,-0.056825009298339724,-1.032795305619402,-0.011001983417473493,-0.6740864194605242,0.33721275899460956,-0.42852763459983334,-0.1092205270950265,-0.39711887195638323,0.5848723527938039,-0.1918661382621186,1.1132964054682422,1.1794098295049655,0.1861047419127363,2.02578277436654,2.023055046996086,0.41889327550419,1.0803468222042754,1.722031385788796,0.5222377396069401,1.0180597695933504,0.14584221684714127,0.7899027248591975,-1.9182723018995196,-1.0294185949886963,0.5567134687278903,-1.2427546279227306,-0.01918374726677541,9.802194889091691,6.235848544445451,5.751892809315175,12.174630197308671,9.433756830698886,9.073067273194992,8.09961342011904,4.544940165650803,10.549489709323193,9.87267531183705,13.15089367318669,4.130536381884654,9.872661383218132,6.028405770101572,8.09131987374108,4.7312694354599225,7.78754917839048,6.990236234447537,7.519794019704674,4.813465539269863,12.413995472906718,6.648054183781862,6.931450553519279,6.260515480729678,7.127726751255292,7.894030757570546,6.7337401564299855,9.588111060973535,6.079243405731889,7.765417984950167,6.397058423666292,7.533260405097995,6.158203034286969,6.7694407301508726,7.7887287076913,5.323961988176284,6.400723807504204,6.361508017969962,3.614650262014848,0.8444942724825876,7.199348680236621,3.799476521697201,7.585584359391552,6.873317728784943,7.052165267267512,4.24664478434041,3.5940120244260862,10.234847799905387,5.89502653357477,7.031788081386014,3.8819864900446106,6.082855257262755,2.185800012176758,6.107535935821713,6.846070961064827,4.960820969283075,9.646665940878416,5.880443309505611,8.672148392853286,7.135567744862518,3.1962049272169484,4.692030754292834,4.741806857971584,3.1248920297833886,7.662311788996956,2.2219641338932132,2.9491004748693395,5.4985432293981935,5.4114142878221685,2.9853494542825616
-0.21219221224015858,-0.7879290061770235,0.6122216924171744,0.38017845777079795,0.20615119019107336,-0.11693572242391681,-2.836642585101036,-0.5761722145518995,0.55866190839755,1.7870384128653947,0.7166840753134711,0.949077437560704,-1.735056599371628,-3.495742137673499,-0.20976820029853205,-1.9975768905707436,0.5392479136415282,-0.8010152208730216,1.5100558113895648,1.2125141137279927,-1.198771277104147,-0.6446525413660404,-0.2448378074665863,-1.4502884138160046,0.7819184407051787,-1.053958616618075,-0.09476890309148346,-0.5329729905424785,1.546108176252181,1.911966915611859,-4.311895413748699,-4.145616546658315,-4.203057183800027,1.6218786479546383,-4.26037801747726,-5.449047235480027,-4.86076507433219,-6.560431682634767,-3.494866650612123,-5.838699028651433,-8.341571412130476,-5.781262606140957,-4.24312589004041,-2.8159039486286592,-7.708660820222744,-7.162738459113111,-2.0802258290214555,-1.5873307661890457,-5.417010960431619,-2.488447749578316,-8.006698646698908,-2.1475513887302013,0.6279717587419475,0.6470254309833363,-3.060937410295492,-1.659005739946716,-8.332489573037769,-10.59054448027885,-2.543074777805914,-6.873745545914864,-5.669757397918441,-2.2797400306497373,-5.400607635487653,-4.654004242676304,-6.044029531695321,-3.3203402820532277,-2.749665372060005,-0.8875448560062047,-5.894361409776445,-7.9109159674153,-4.9483029028741585,-4.740519273188514,-5.4408394575226025,-1.4218824699500434,-2.9017988006791877,-0.5784855528923231,-7.492901260953451,-2.2245286951948007,-5.747095382882999,-6.507680949941376,-3.910282158726032,-4.4005448419831295,-8.899773345124085,-2.3131797438267334,-3.033538183774475,-4.734795109524527,-2.9929581499864346,-5.141444263218643,-1.5339496116099092,-2.5051868829405706,-3.2727701975362744,-1.8350213959767592,-0.3739270631046676,2.4247303455079368,-4.241629846732371,-2.4554196081670088,-5.791830092637662,-5.146019225938689,-1.0780839582506558,1.4917504138201219
0.3397178693873556,1.517481865779985,-1.090253354464188,0.5126133532921322,-0.41237412836147214,1.2141575211495939,1.642212276765028,-0.22837953480634599,-1.7483241693710332,1.8391236649062057,-0.634782178184903,-0.447000890504921,-1.7368892860286609,0.8867345427025504,0.8978570621711145,1.225165680831878,0.041038811887158855,0.21258149492787937,0.1650726600939869,0.7398867971247627,0.5955733351455869,1.0698997503897958,-0.0892936707253279,2.268211836453511,1.9595146306088764,-1.2888345286068994,-0.033946742498010024,-0.02375269712487038,0.50315327621801,-0.6668344763076447,12.055794768848727,8.52094327205077,9.483983842910135,12.344536795560996,8.427195330537842,11.587170485599254,8.551656057488653,9.292902110052893,14.054899230600714,4.395951799260385,11.124419932183422,6.9222551194840065,10.928490065392007,8.75355971386202,7.8282520906394,5.543459313449096,11.673312101716524,9.04132993202175,7.445128609308596,10.110996829651612,5.17065231899934,8.573785791049756,8.057131817090264,11.31862673149168,7.398007560922778,7.610494549652301,5.560952328346477,11.932400533111124,9.732522962450352,7.526367796564722,7.835915595607344,7.289456839684799,1.9274871451080036,12.027470007919,5.420065902934868,6.254386804620905,9.905146738735864,13.911840082377932,5.381294019179025,4.82230387015893,1.86854957949254,5.485623237959888,3.3478551178185665,10.733166562662673,9.222465946264338,4.821278572315138,5.46325361525591,3.8420774281995316,8.568190281615047,11.26476008332438,1.695767192715846,8.115540468994467,6.197960789458064,8.189333114702652,8.580340345624894,8.32372006422483,10.966456223161853,5.121556232943498,10.909992578227785,6.344013980838246,9.44753029874123,5.578778329294418,6.893554507255863,4.245948061699064,9.396517728203456,6.410874919726236,5.500389557684305,7.512971130659796,6.725069035402087,7.666916009519851
-0.24947019466249454,-0.4109838373415178,0.11597109090590169,1.300965409338306,-1.3949382146816796,-1.8208325105368957,1.2491492372844646,0.39627077986883863,-0.1896711712939413,0.8925606599851555,1.975767236611422,1.0705626210470474,1.18180428654611,-3.252637706697207,-0.03945992784779891,2.566567750827533,2.221232019435013,0.1575432420433085,-1.1315749160792092,-2.2762915476480363,2.362721624799973,1.2620494863936333,-1.0563098664153674,0.9198220980425331,0.3738641153108077,-1.7523904663732592,-2.7208778068091997,-0.3987050161208178,-0.12240348835047532,-1.1858452343963073,3.613479003605082,3.5347467482666506,3.1445876748636397,0.8730021663780981,1.5534598802080941,7.438857831644751,0.4117798673531964,2.395406194281504,4.676962889201575,3.092943513957561,5.432152690517088,-0.07570190247597841,5.544283933794714,8.577447957409507,2.8109211969790406,6.409221021259272,5.714028321597565,4.785280329041412,5.960347161368929,7.290639482037218,4.293189428862457,5.25120671917462,-2.313975936397818,6.223198373376893,-0.4513026927357359,1.9429962200657502,1.0505782973849151,4.149156905537145,6.441679101267934,-3.2794996719661693,-2.404297994126248,5.6123272649460585,-1.7359300004216571,4.091798738727077,3.9872422475554288,1.7579197454758768,1.0863376677010081,4.166171603238742,7.071972671742585,-0.09628883138194017,-0.78492639634506,4.590056941327311,1.5002865977799438,4.453673251533729,5.905183550806592,2.944501976071462,6.528745166447811,0.46614657373691903,-0.7569547898235244,5.906863911358098,-5.810299988176261,7.183178375254905,-1.724589951625264,5.7327050534410136,7.1326115252392945,5.081438655193806,6.280601774186514,-1.0405881655106775,9.651462070339287,0.31383127560197954,2.0385928956970463,5.519028031803436,2.4803630299831534,-3.0484576526638234,9.74479959349598,6.199866173947663,3.77676147706954,7.116129786467609,-0.1201665728907468,7.0868048346166725
-1.5763871936564797,-0.657862300292549,0.4512695391978058,-0.9666088916212773,0.06739843360802825,-0.38595453730589857,1.2078914970172694,-0.37934387196638986,-0.15359740691199203,0.3327338267778469,-0.42452087737005295,1.6724423641783108,-0.43907927262418284,2.707061784922984,0.6901932700276702,-0.5829951320861275,-0.5668749014934571,-0.2852134779338752,-0.3304266030983767,-0.7708077235191312,-0.8845003066477639,-0.3371065030302385,-1.2066339936764399,-0.19342413231529196,0.7466195818769785,-0.272591920604474,0.04790182056276912,0.5552509921312861,0.576078610321626,2.3148652821899542,-1.2535093795547523,-0.23780229072031114,0.16401353933495338,-3.4017519137799983,-0.8533924849237677,-1.7083284908218654,-4.283288129412712,-1.5823898859640506,-3.2471268547049745,-1.9564175927679481,-4.825437965858441,2.8822225820529455,-5.342948916201976,-3.043977135427156,0.6611904417759165,-0.986649906876511,-2.0439695245921103,-4.080856798876286,-3.7711836867028317,1.6252211873119422,-4.22883396139383,-6.177400453713282,0.8482076661326541,-1.3621361730163142,-0.8108008719212393,-2.300148654727922,-1.3072202238860469,-3.481505848353634,-4.289592422699561,-1.295408472345898,2.3967895090168416,1.2851368832914791,-3.3941971704348357,-5.717992665322092,-1.915789416107644,-2.0370403585878716,-0.3899282501640897,-1.2176704075965428,-2.0655369570314503,-0.11949907890150352,-0.16213954047804885,-1.0193074515387237,-0.9774646291434792,-1.3001099216182106,-0.7265413505408762,-1.643427796976034,-2.1371458257399603,-3.011227331740896,-0.9283291077815824,2.384053495701147,-1.1119366781409639,-4.787118783522386,0.614109950255445,-0.4081794040896355,-1.2345681797434833,-2.542535335076828,-5.1969733267800375,1.8946794358413748,-0.6845280892208574,-0.16921418025221624,-1.1498537316268835,-1.4731108649758549,-1.5289663093266528,-2.969129545223435,-4.034225467523913,-2.490615443587896,-2.0560471709351495,-5.150351690019491,-2.766533546247454,-0.5724619468927546
-0.1843245038306938,1.9377583687490667,-2.163596876751991,2.241892684424087,-0.6672040167736082,0.7960467430375249,0.20466550667704286,-1.9661311051509647,0.3209583609234222,0.28615169405399365,0.010218114802154177,0.3257151008641156,-0.2542403076232645,0.6918157859857719,0.9379706677693392,3.0975187474597474,-1.496798491603236,-0.6266477592503372,1.8820847836443408,-1.866325663637776,1.407982850380019,0.03444512108349953,0.6073840118188478,-0.08712309129532314,0.0683060817384143,-0.48891262706494376,-0.24549048169483867,0.7866265685882974,0.16446988468843562,-0.44327423341443695,-1.144184773640319,-3.016019612754659,-2.1705841172904488,0.5403772395398718,1.158065507908588,1.185236240899325,-1.7342634759885431,0.27499410971596655,1.6981148596505158,1.1514070571981174,-1.3093748568430723,0.15677273568100691,-0.029238821327614517,-2.6474114278687377,-1.2015889933785655,-1.2973256871598757,3.102636951022151,-0.444139824786457,1.094037046867552,0.5667088823553389,0.7996388174690071,0.5367754479410781,-2.604805043977825,1.7202621122671942,2.4739023871384114,-0.24667937239477983,4.843727235228838,0.4629063773389013,3.452294213367828,0.1119024961656978,-1.4056398273731285,4.369149243327088,0.3970791235230819,0.18450514266405613,-1.267828236513356,-0.6428745095418976,2.119935427871854,3.6006746529786278,2.77180645997373,0.5261443337678214,-3.945803576433063,1.7487269644610537,-0.7482020574589265,0.49278345077400654,0.3382536163371218,-0.2613735831889769,-3.923558804560602,0.07848112196586926,-0.40033039854164637,-0.805690488167558,-2.444096230139011,1.8890156289580744,2.8519880328931073,1.1750295941689866,-1.081579802479668,-2.2031408860264854,4.824560410550076,0.8764839291749111,0.32985793315170164,-5.619540992051592,4.5086931560152115,-0.46905113116554137,1.2872194540627575,-1.6403788184775072,0.743765917925601,4.06879475039678,0.6553626399816077,3.179380916008836,-2.639623543594768,-1.8585351197994124
-1.3275183023902262,-0.4558862734473919,-0.2433770782171272,1.07433305784947,0.6028038747646824,0.8412603957692779,0.889716782414357,-1.1707987754820222,-1.8710280035348275,1.1306023942100385,0.6088691374637284,0.061619644734432016,-0.20763607951885318,-1.1468988775351647,0.25639795542070604,-1.8420378564390945,0.13096758668010375,-1.488366962929186,3.041269479859337,-0.9217755419136077,0.33863642735443855,0.501975429797952,-1.0644486277199796,-1.1552650310119432,0.3189636258618941,-0.4111290661403385,-0.5101114725541834,0.1643575595907859,-2.918300840696699,0.47544537270710724,-4.0597226181948285,-6.7215847497861105,-5.424063946989753,-3.5774488291558306,-4.03366892180084,-4.255720061688509,-2.063652065964084,-4.8204511827227545,-1.556552170628485,-3.294006496847463,1.3037116927488972,-2.138789779697131,-3.7966060754386284,-6.572230631750121,-4.296291371477342,-6.2737640067357905,-2.239369356251445,-4.8797332180790995,-3.1838763878482172,-1.5958056466794863,-4.2723816717023535,-7.220188518213145,-1.656685055552325,-5.390834112622052,0.4975247808491877,0.4899519055027681,0.16637434817611368,-4.690857009531295,-2.9842640903814304,0.6920808327829729,-6.936357893720581,-1.0193334632684565,-1.6911217662215439,-4.33403678633757,-3.234839475236576,-4.01203903304332,-2.598146114765617,-1.0459084710805524,-4.107113469980869,-5.145611481939917,-5.852386028664453,-3.6716932030125746,-4.513704368878391,-5.866736777940689,-5.955383667335799,-4.049826111359737,-6.8579739067823136,-1.8049440607195435,2.0123487028005083,-2.731316341309039,-6.103640029910725,-5.0684125654624665,-1.5235557306654701,-4.834923181002078,-5.717582085025367,-3.9411589094302495,0.8017611928492524,-0.32787178128218203,-2.3320218095148353,-4.4310592245053275,-3.415333790174157,-6.366807067946084,-6.365345428042716,-4.463947586648268,-2.028663442933417,-1.3866098139427174,0.07582316533395039,-4.542076416496737,-1.0564374610667107,-5.783157264596961
0.10902915072858194,0.35683181380008056,0.7594557755652835,0.07308935293285729,-1.3786191542253752,-1.1467898174642843,-3.5070089791602923,1.5021109356479139,2.0655139679435592,-1.2715166804100957,-1.2436532610589475,0.042311517308105784,-0.4407186303032032,0.7014759299691988,0.2536016304189943,-0.9671004412869357,-1.3726472201847213,-1.1934165542123005,0.10924773219395886,-1.1159057871819134,2.1780444531655063,0.19686664812802757,-0.945043042509128,2.035106755725782,-1.5428816311823872,0.07395483221883829,-0.521813711062201,-0.2678761441370541,-0.465676790406233,1.058019129268683,-2.325644836156348,-2.5611493193728605,-4.078680504698991,-4.188939512244503,-2.1726211570794045,-1.7699474811910059,-3.284895273933263,0.8479637801028707,-4.708856173448948,-3.0050460211779577,-5.299987374558143,-2.0392636892194718,-1.146905822078244,-0.9210001402652284,-2.9844393636050017,-1.9805707468306606,-2.707402290900847,-1.425037242256026,-4.5297986118233515,0.382138339093022,-0.2174764522501101,-1.8182227911814808,-4.37870948900994,-0.13894874718826472,-6.426629760708356,-5.553548912290291,-2.898903714038493,-0.10073204156664539,-1.8436045778440908,-3.908987585422383,1.0069001070434236,0.37651270090438127,-7.586374158025585,-3.934825335932509,-2.296529958790573,-1.2420117949496925,-2.0081356531410917,-0.13521876906325525,-2.1875268667557792,-2.7640039615587946,-1.7859417032194504,-2.3958516588273318,-1.9724641951187436,-0.9048556288526384,-1.5575237010089924,-2.859425984657374,-2.1462985433215076,-4.077626870965437,-2.714649321018812,-2.6501086635827615,-5.017418027278389,-0.22782872730140918,0.5868119249640408,-0.5251738325549047,0.01751507910289124,-2.1223858905582107,-2.184705216914285,-3.2550980447585878,1.6032728023574372,-2.169543985950749,-4.847999655395372,-3.099205810477282,0.34650026731376693,0.7311769029384436,-2.7976633351936173,-1.2556868562553363,-3.2532040285416177,-0.584184523817258,-1.044279532498557,0.9323783912913222
-0.43597520195396344,-0.7508123392933282,-1.3529426232196706,1.9257577053847668,0.44990683230475625,-2.545631588214371,2.0789505376501545,-0.37768603372577947,1.1629221253932014,0.03962013434517747,0.1540117964358217,-0.23201516914883202,-0.9347114094782716,-1.049512254817343,0.8916238043270744,0.11785982971806386,-2.272244925674169,0.7056781797090043,0.4112625784416537,1.3244247414117487,-0.15009725775459642,0.4655905164000871,0.13401192171356463,0.5525834019931855,1.154393705778477,-0.58352005397115,0.9869701389093801,-0.3810663284787518,1.1663460811140116,1.0148457225406777,1.9135297489894865,1.8602090391216337,0.8689114217142545,3.070769306070433,-0.4890488486697703,-0.06405320888139376,-0.9473569446350769,0.909729704794508,0.08048368914679316,-2.4488141244871393,-1.6139323540690615,-2.649050748174917,-0.4598805220292622,1.9181177204886728,-0.02679972607908876,-1.605048769561834,-0.06364934811637446,1.1419360687231732,1.5380258295661453,0.9805228414087922,-5.012780560703418,2.7701359430093655,-0.6553635121328628,2.495520189676779,2.744921919430187,1.0747591077817369,-1.6033615067024596,-4.959081050732461,-0.07690897155199827,0.7251727360573862,0.9259972020767484,-0.24528534038583852,3.0764362801383824,0.6395306339061689,3.9009176835831614,-2.0615119882205493,-2.107795065384414,0.7182446145213822,-0.9661793251531843,2.718629190868849,-1.5532729773902108,2.289202996623039,0.8595349159969922,2.953427693407629,-1.1377075711850246,-0.18142247209280216,-1.3738805275404702,0.598725799586288,1.5597382186458306,-1.5812664782341936,-0.7553448171296704,-1.657260169645499,-1.1987628735940556,1.0585471043557568,-5.099957297432944,2.8474466119558306,-1.6242724585030364,-3.0712130464610197,0.12661867910063068,1.5945005230262173,0.8953393198534472,1.6073274566411597,-3.685995500778271,1.5698621047343475,-5.7802414053554205,1.1790178178059012,-1.4366358316987342,1.1864197177955398,1.8458079950358837,3.2312364863004928
-1.635287375820696,0.9620063404816785,1.6050589547121548,0.26978388572750855,0.07688788664210308,1.9641746203729251,-1.7934443168624203,-0.20577263647993976,0.66727248292218,-1.7484209674681432,1.9455845128555784,-0.5745138039317812,-0.6334206606101866,-0.47971824876455366,1.4205339970696569,-0.08984363599891965,0.7702482019567969,0.05872859114604967,-0.5771065483940245,0.3943347461207873,1.595022733235092,1.241682826557032,1.0414418421499867,0.05249766236411468,-1.3123914147159152,0.10094046443516835,1.712756245749567,-1.0831074137837964,-0.5123867828916526,-0.5859256223916364,1.9823762241487568,2.9328756301873886,1.280139466490778,-2.8538419694745008,0.8796174301630758,1.0750392869786562,2.3843795727124477,0.8222044750373114,-0.8823737062462051,-0.03182071438732398,0.4755275272273962,-2.134117683984631,1.0768714619965152,-3.0586926904212937,-1.6577971670920837,1.479489949550815,-2.4644096345919335,1.608722137739603,-0.5294221013347802,-1.0602593180995992,2.6015790290277105,1.8175414991098395,1.1219971893644543,-0.8925020586753496,2.2281236010276704,-0.015159255049784038,0.9292657759573438,1.1702744041882158,-1.3295421950165838,0.5868862850299852,3.1145535090573637,1.9346228512758965,1.627365147452007,-0.7283328906158196,0.22610554487316997,4.964293984786392,0.467925399272215,-1.7630260178035777,-1.3853164318765396,0.9497285231280926,4.908833001603764,0.9204080973020623,-1.21575776847986,4.191413139680135,-1.0158806324337373,-1.054512011477684,3.4753532009207144,0.622453669078065,3.3645980606251467,-0.7780829423370521,1.8664277893980352,1.8526351864551143,-1.251307393489622,-3.031695749714133,0.9371994379738968,-1.2794031345981813,-1.624748180622779,-2.663214191826838,0.07712510986066995,4.739192502011127,-0.6555940024264992,-2.9467908791899995,0.5896801106017606,0.39158013636917754,0.41337706222900267,0.3684854751215592,2.42236428583925,2.288274954808836,-0.4368185012849912,-2.9849743689096955
-2.5428069526364223,0.45552319099674565,-1.3891316589472689,1.0891629225142911,0.901779509787769,-0.11601124476494706,-0.641372902584814,-0.6708376251932914,-0.33977134511151197,0.6960894689541235,0.29877274654254626,0.2701753414407337,-1.3584855327733494,0.07099265908139174,0.3114024005195981,-1.6400752972683845,-0.2302173836804976,-2.251412787132008,-0.20947370909202298,0.1251586945320396,-0.8173472211294079,-0.353607371674328,0.5014138979252232,1.1891539360243892,-1.344715618896669,1.5711594890584002,0.6282352052165492,-0.08744452856923848,2.82542640635293,-0.6194937112172314,0.16227669668444217,0.6524834722398491,0.23915087149327727,-3.6294578770504247,0.18712678313356101,-1.7530985762469535,0.3754536535662487,0.2506663943875852,-2.45633006850721,-3.612230157316637,-2.1121245118201215,1.4805505387669817,-1.1163931996307321,-2.108437210111423,-1.2569738300337423,-2.371151429922463,1.6339847223918975,0.6329335767477047,-0.4727618879057997,-1.1639489670368697,-4.243697477464147,1.3314066489789316,-2.940324866840236,-0.07038081974411026,-1.1087479493541552,-2.0633623124144718,-1.8220076531071456,-1.7024881705289,0.7166382537286851,-1.8276517693928551,-0.28904917271809455,-1.2800003745321806,0.4847556365998092,-2.4385110728647623,-2.891749528781311,-2.030256874492659,-1.1786365374792371,-0.08016250322003088,-0.832839654457005,0.9605800243974938,-1.7522088706346988,1.7864533463864405,-1.405890664495442,-0.10280092516068595,-1.648256543718003,-0.9435898688810934,1.9339369923876069,-4.920736994183072,-0.7113504164213871,-3.305054022200737,-1.0187465096069455,0.682361770605446,0.49587564062248557,-1.1140837137038635,-1.3663542180083057,0.4145005313552121,-4.727619842149215,-1.5069353570705288,-0.7816279562915239,0.733021914316198,-0.5161299768027175,-1.8221206717282483,-1.747719989548954,-0.35681126827756154,-0.6868110209523384,-0.23340109016296937,0.44618728033011135,-0.4417379438083705,-0.9733616050168123,-0.7143550419656719
0.6319793275757385,-1.4577286480417848,-0.9181403619238735,-0.5712541433425268,-2.8594456479259365,-2.0029207345575153,1.6772840358189631,1.0970460769223171,-0.3411365237387689,0.10359508982338217,0.6230443374718314,1.2089554854783393,1.781845605108663,0.8951232893934125,0.6541576550449739,0.618644750323827,0.5235779674632357,0.2854993279368281,-0.04601509616551136,-1.1185013795058842,-1.7109254057519936,-0.6865797641538955,0.014564736443415174,0.6008739283361582,-0.029898493417424732,1.3883023429624644,0.6157267772150248,-1.2763433393594945,-0.31758221132662434,-0.4308441773448344,-2.3806468734447623,-2.807692811736478,-3.704112417318973,-5.482786520279204,-6.961232241063498,-4.4096241249200325,-3.0395343818487452,-2.185465898523877,-0.3793587146934646,-3.1333338342372956,-5.442668845614881,-0.7362016844557603,-2.305052277050761,-1.649235592901786,-2.2668371945438026,-1.8904364886713796,-3.4796920259647823,-3.7758971944628588,-2.351882725482218,1.050655216513838,-4.7274355318624615,-4.526822676628961,-3.528707038135916,-2.670415041690205,-5.455680837441407,-3.340192352097031,-3.6766543982939344,-4.353966929578712,-5.557400600547506,-1.87363999378899,-5.387991614418811,-3.8273084586120687,-3.514641909452892,-2.52440666891337,-3.6548935629516937,-2.204210479695977,-5.444964989395261,-5.217180375190083,-0.42156711261179663,-3.311680609299335,-1.3302158233357582,-2.1010177843031386,-0.9582121862771307,-0.03995033267747106,-1.594054721500229,0.36406947457224914,-3.419148345626953,0.0021547051288487995,-4.313628698570453,0.8440400865616278,-0.5954710530024012,-3.7861021156774886,-3.3100585882665925,-2.2676989723262224,-1.0819024637874857,-1.8521761548273477,-3.9351680398089095,-2.6788565919432497,-1.1189619096839638,-1.742893058870142,-4.518154017680079,0.380616276335642,-4.05883027623379,-2.4182542637651294,-4.532720831212729,-2.6446729562962026,-8.670182232791952,-2.617463752306346,-5.748858288403024,-0.7225746143020608
0.283849657031022,2.3938174291313876,-0.13726608662706177,0.6987801720918405,0.004201803539565341,0.35317814110312706,1.8205958851902313,-1.1001967576812817,-0.7511098045314618,-1.455446286163702,-0.7803888558460358,-1.367549798334785,1.5809501707914237,-0.9049584166535005,-0.4957308566315778,0.022998801535738078,-0.9039066561097497,0.6289585986849366,1.3709084484672747,2.122474319146267,2.5733208326979424,-1.80458384464971,1.987044239458355,0.20272213668159011,0.0997048868623871,-1.1374335537377445,-0.6355977625592949,0.3635748865734019,-0.656994144761394,2.756792713722999,5.675425937954791,3.6122772098489246,4.4263451480395135,6.408748720754765,6.4499284020371865,5.389359391974745,1.5352208572847066,5.797235687797372,5.6615327371360795,5.225379030034223,3.3348737002572832,2.722737986225243,8.745289607443667,4.690057805665968,5.254048776054519,6.7935462725670455,8.054166990176192,6.388894331345323,5.410104973754384,3.8799448732074953,1.7121796026056868,2.9475416965635084,5.493115394237305,3.378433304902434,6.625209516632182,4.506020213125597,1.5062503153729774,3.53419351834189,3.197765238948871,8.96431087214245,8.74119939080741,4.2921738285386715,5.246188820818774,4.573634547046278,8.139354221706817,-0.09320545014564963,9.197017279764145,5.662700870268002,2.9229590548877593,0.929910568735098,1.2338917041942241,2.16084706690264,6.692125768942949,2.473970401615453,2.8134057513830637,0.5731299410707351,2.6513775133064925,1.1902688177705492,0.8405806377817064,1.1534892687676448,1.549287400002582,3.22634626369996,9.122188314409815,7.132626711148564,4.893405372400528,-0.5464560428453679,7.301212563899517,3.0037322760883187,8.14547390639351,-0.8961828201880252,6.1430675309175475,2.531766756470306,5.455400878893,9.08499999735034,5.1490119187823336,-1.2195998279112708,7.851965205963162,2.414361008539826,5.919780264945591,2.892925676562475
-0.4795907768568811,0.8161352817576076,0.11122413959015122,0.2805989682491684,0.2869155758018419,-0.7633874449468911,-0.1644350730517708,0.13679945720831177,1.8508991014462606,1.2058321031638684,-1.6626182501207627,-1.7243591283280946,0.7636729139996985,0.6952323181483082,1.0190116767817,0.8625823049550723,-0.31464114511615454,-0.9931594294816277,-0.07990920986931849,-0.5543676225300851,-1.0067819784496004,-1.0454343722873032,-0.670408863389796,-1.025858152281483,0.7476356960702191,-0.6227731545629118,-0.7101596119482616,-1.2102455783833665,0.6181758044127622,1.007895119998202,-2.1490015122773354,1.654361624014807,1.4141299757703163,0.16254270039761315,-0.2941055616357998,-0.17502311975601947,-1.0660411663157403,-1.0745753702650773,-2.0707144122073524,-4.007332502244656,-2.550437952460722,-1.423727859805131,-3.9665527295069527,1.10511869109847,-2.328346944162587,0.7014544085152085,2.235863117828988,1.4397706182324346,1.8899303303904795,1.9994221561613603,-4.938047485872519,1.557829335447943,0.23131430285520405,3.780366444742667,4.561806131950629,1.0710768423472077,2.1718681980786134,-1.9577278886183536,2.463380031291921,-3.3785187814424886,-4.17741978982939,2.423050982974083,2.4101469508280053,0.451853927972345,-0.2879759939931685,3.0892336899060644,-0.7064841747905494,-0.06406003451285835,6.0572637710008435,4.5572162574096655,0.3566348054044133,1.080198308777288,-4.174725140980281,0.6643801869758064,2.346168206257993,2.518947576630819,1.874397070541348,-1.1109912216262265,-0.42817045986502156,2.469167887671692,2.0621690684755603,2.5834476414569494,-2.303085903174303,3.570318031197388,1.6616809524790495,0.8831154565121326,-3.3913441862016076,-0.8105433782777606,1.7329949080713005,0.020072602127185535,5.1350104619716985,3.65237238527512,1.4063070140104432,-2.4080242436187724,-1.534776704146644,2.5120164377310457,1.2422948098149047,4.08903741096914,-4.06942108986496,3.6320507020399715
-0.6901355521196085,0.12964881625432662,1.9409049415778106,-0.04703823771688903,-0.723899713120815,0.7093887061986446,-1.2435245682831557,1.3453883936210405,-0.09386464619290336,-1.921591773909133,1.1508682490070696,2.1022863857056744,2.7084112233103887,-1.1291663091154829,-0.17690063962878944,-0.1107569126239932,-0.9531444864065588,-0.7886681840293812,-0.8126891440865197,-2.192051410956531,-1.402251641762909,-0.5089718715052891,-1.0418705095559144,1.622159043318459,0.5583336638081072,-1.9808166173125437,-1.1940082067518456,-0.209793440850399,0.490578731039439,0.9797888288501992,-4.912587228299732,-5.324694359966211,-4.802377399488066,-4.989774771521559,-6.0864428036246245,-2.465272746450751,-3.4366984615359515,-0.5202547272375844,-1.9340372558363417,-3.1442596921325396,-6.715448786375973,-1.9019761237769182,-3.681385908258857,-4.123626785438521,-6.534809199656222,-1.9993121654235915,-0.9274151362316705,-4.743191968695299,-3.2464909174371894,-1.019662514342928,-3.447328361131429,-3.743395839498998,0.30705867738712167,0.13753592587135943,-7.068213940848969,-6.913404383708664,-4.717677514059285,-2.892024845581175,-1.2595798903187283,-2.281963460808698,-4.375444790985898,-2.2791122598814906,-5.5368491227018275,-2.8988811120318645,-7.104779497159117,-1.804946150427268,-0.3828339590276354,1.1257564531794717,2.2165534474479327,-4.283608943720935,-5.584786014591409,-0.12612069540059231,-4.7093870573488115,-3.1318445795465175,0.899804576053318,-0.6532750830919678,-5.394083701621407,0.5878445821108109,-5.952719771512295,-1.7756815980886187,-0.3625033065027021,-4.214821612545547,1.0106257645351018,-0.07100419258468238,-1.214068093586063,-2.219399252960942,-1.1245455498308714,-1.6161301065486673,-4.580932244253503,-4.079932355365454,-1.3200120164096094,-1.0463184243369263,1.855434625116732,-1.5003808952525974,-0.06894707571086317,0.8003669735045101,-5.379975165639891,-4.096130347701987,-5.194589886374002,1.1689157683298395
1.8810293408391954,-0.7203380285247096,0.03217757755537351,1.0949395041204468,-0.7626058101510453,2.1599445361059693,0.23164266417643425,0.34094665819731573,2.4956038792765924,-1.061489269356896,-0.16165833513105782,0.6451930318965267,1.7124577884308763,-1.2971873648517729,-0.2616856759304518,-2.8669025592140804,-1.5839041362812956,-0.7515720267305528,1.2331921995858812,-0.9311339026509365,0.4193826584401202,1.1839855582456273,-0.8694031101770104,2.1311322099740373,1.6190318755890578,-0.1890349221178392,0.3606475687399896,0.3336212653396116,-0.7817254838278729,0.8325786441611693,4.843537859374933,7.067929866151168,4.451784687288823,4.9848868789874325,2.6018409141914276,5.277263609512251,7.817026177482137,5.24858348051859,4.948293054719179,0.5305945534454072,4.348258981637203,3.8772079440594576,6.410281324418224,6.032935369338059,2.0485477259660385,2.4323315984819573,9.253753341268379,5.261094666038401,4.251626576927103,8.692408483479186,2.526321037613159,7.097214815366375,3.029944041514868,9.013090567305664,2.0873135533499743,1.2667469023908566,4.002006428939376,2.456511022990729,9.208049466167308,4.045161052466594,2.707966182339983,7.40495278197556,1.4788138491699419,3.7653930781626372,3.5242424601117976,6.3108410767279395,4.196859010608888,5.259729449401718,7.2105133427780705,6.131931969580628,5.290479407280289,2.222895695242714,-1.1807486326473668,8.365535563902693,4.662629854445186,4.610096020811925,2.7941800688559573,2.0489075436099706,4.70368536116083,6.4275359209399605,1.2354294019592387,7.96997267019219,5.160655092181907,5.969056850645228,2.857364073364111,8.310868437457975,3.613303582512171,4.7152839261670225,6.814030318852938,7.501384554670838,6.51536809856307,6.389834281186533,4.34407537240836,4.660663901582064,1.5958825109520722,8.081143200292873,0.6186023621745623,5.20724435328714,3.336267060770072,7.711067202075969
0.48109924601378357,-0.6467125306409879,0.7611822213276909,-0.8380739937354751,1.3332833345755657,-0.4167051149991872,-0.743314481097421,0.9022230816764689,-0.2141051340595254,1.4100974258085706,2.1690663152441765,-0.41538659895448526,-2.6245160426858036,0.294783126656748,0.4089794204897537,0.9493189358239509,1.2413756478058229,0.8888222814090222,-0.560910603412429,-1.8863839972993581,0.1296913625742705,-0.8295301592737021,-0.6038201512764814,-0.3171450640421017,-1.3329775603656133,0.7208624627392165,1.2889979847934498,-0.1221844287010379,0.6067469554995071,0.296439425074451,2.3686769660388904,0.7548518234277908,1.9755240986390825,0.9026735303206457,-0.4238599769776571,0.4434663153995099,-0.11086778099498307,0.6125642411472909,1.2750098832334693,1.3881582484962594,0.9696652800429154,3.218028639859231,1.720271580769006,-2.8125234892078113,2.1255986067467627,3.4848674898363274,-2.687468126530452,-2.450836252665927,1.4482254621565462,-0.82032916744772,0.7007663388760001,-3.709859983991102,-0.7296316649558576,-0.20377567968519794,2.021535345346896,-1.1639685253244965,1.5751600850577776,0.3255056471777971,-1.4788428553015418,0.7586685196290612,-0.7016633257950047,0.22507517540209632,0.24752768057469665,-4.014001882306661,2.825399224537644,3.271474377313025,-1.9562290467477992,-2.157088677903921,-1.4148128137451819,0.6871052086947977,2.7998271924145466,3.779483305998833,2.9422090383646493,0.6620935432450954,0.28944566653236015,0.29449258166319503,1.0553460382899105,1.6851141302066452,-0.07147582215799525,-0.2164059255382739,0.9733999214545259,-0.9460279740486225,-0.6343162018835253,-1.7497335349328962,1.5043113993090516,1.5445909265917661,1.0020075949165999,0.3344072529931302,-1.2153459166339076,-3.374848685414497,-2.845585923960325,0.2626480598426676,-1.4875302422001409,-0.9322470959644493,1.500257918440755,2.133533557373493,-0.15678137651019816,0.1493540526167571,3.5855970996776976,-0.003480067672890677
-0.18401699050067688,0.38356518988390065,1.8899288858986714,-0.5328122991917196,0.7661335516457284,1.1754100444286442,0.18245047135437303,-0.17851362290595368,0.752021394221856,-0.6288999200481161,-0.08678766300414742,-0.35638450361867524,-1.1996720486763564,-0.4888662134559386,0.9728869566116947,0.9621775689481308,0.42027668376935795,0.023900344484372005,0.7154517749981326,1.0365118065101953,1.3556695118596576,-1.3119182244341516,-1.148180449476004,1.0716907126327944,-0.23951097469506488,-0.04688251949585959,0.15974285535175858,0.02308067824700294,-0.019586934185516824,1.3255560005610105,7.10078278033083,2.9798969680859075,5.835581475549718,7.97194895611438,4.494102629632491,4.066998265123766,2.067670118717266,3.8662004252644473,4.673652555645681,5.0899299338241,1.0811804360971466,3.9431090712635397,6.617595518645086,3.461032049039212,3.887506778995393,4.171298799642178,6.125090776889788,5.843106754542424,3.427922095000621,1.2801179703952874,2.2080169862164905,5.063479319887982,2.873245810822104,6.809628983499915,5.996732168415797,6.5598258863063315,3.1560176166534153,6.278853003035981,3.880486301515754,5.5738718095455795,7.378353812059228,3.1308628828688554,2.61979038040545,0.2707685637108635,1.9048612301347052,1.2079715883607614,6.212439865653964,4.014577692801525,3.6710025366759798,1.9450883420946217,2.788106096990545,3.2375113879181807,1.955581610993908,5.260059094471916,5.6024825521194055,5.729059389085808,1.6791008446099382,2.0862555092041597,3.711057880227232,2.1272748499396887,2.8524339520227433,4.79425027822027,6.486762364081782,4.200471516371075,5.65877971292852,2.722310511793843,4.06487626325754,3.275340623061489,5.697787773442519,2.174151121970035,5.107693972192311,2.482176020852057,6.396198958937262,4.759099266226067,5.127325410315761,2.314376287787525,3.44970373375156,3.7269149109025843,4.6171873796678655,4.3285741465468
-1.5295660932237918,-1.7091170560656748,-0.3330253791264043,-0.4571702269984105,-1.209417162732919,-0.010538618385980136,1.3738354735883882,2.2363382356087333,-1.3713020579086304,0.23274865798090005,1.4895642256508532,-0.7226350568260967,0.8479622646496945,0.4462230900628405,1.3530556084111482,-0.9402919451967693,1.2500309867082522,1.1052339150340393,-0.3999421239994819,-1.5837858717750413,-0.5152787883249144,-2.842638172413684,1.532629400646325,-1.515342863546721,0.6297474629000668,1.164829733234255,-0.6463046442137812,1.1359550389868969,-0.3874430895228307,-0.4260130010676362,1.4925383432121522,2.339995465799899,1.7867569285147002,-0.14305499102391545,0.990883004604868,4.072740333780855,2.2213863353042957,-1.4109480868745963,3.102680271996625,0.1028707536780858,1.5347284458264352,0.1357730955931718,-0.5770633231242537,-2.433526738782259,-2.992146027017521,-1.2060514161701688,0.83427847963159,-1.4979324895300572,1.3238810577628048,2.1555306719770377,-1.9226687808484926,-1.4528145260886165,-0.09473899180948242,-0.8749096497860875,3.690245174278928,-1.505420524439698,0.7317262198600192,2.602782975095761,-2.4148790436418506,3.5432265487222225,-1.7107643002768023,0.4992835677694434,3.9476876972012853,-0.6233850964578349,0.32404068444475215,3.279881163205097,-3.134691931347367,-2.2832675507222033,4.984249070439368,0.5368622029156183,4.6826186398264875,1.4256858117140814,2.9652252361915528,0.12972160796785598,0.52471745489919,1.1141214859744668,-1.0867178360736365,5.803552072258718,2.0322078492776887,-1.2489713905012159,2.2141929675764715,-2.858534487321909,-1.2011427977719213,0.14017226095450963,-1.6387182748221274,3.9599631967534257,-1.7093526404237775,0.6634496921724026,-1.2486887106197617,4.337165198621261,-1.116256627909003,0.7518646486613588,-0.7481265881441276,0.862224944767886,-2.75867287872054,-3.7048174633770654,0.43575188700359657,0.48610950468584513,2.067896403142571,-3.3069247276312836
2.0346011526402648,0.048905315341109645,1.2409612241191776,-0.8647660682220755,-0.8684301735761832,0.6345390211356332,0.9978448078574347,-1.809783572673795,0.31409591624556327,-1.2598124482492246,-0.4743972451626066,0.890070290967706,0.5514850077326657,0.4123636740043001,1.493910858256846,0.5546260946446492,0.4712795996588482,-1.3022660774817387,1.3463697378187447,0.8785251479904419,-0.09999114881716048,0.2283645915074827,1.498600871753478,0.8359356667704159,-0.8978939105356087,1.4678932099435127,0.9228336041930281,1.097654465339646,0.58471178940825,-0.77294745735739,7.319184795299092,5.137043767017603,6.499770134873855,1.2903393349660597,6.128826825123598,0.9360652449695923,4.372071443582172,7.607392758309123,4.604049021438473,4.614637887788567,2.762343897870432,5.425371671735576,4.071599139546327,2.62374776294516,4.895680896271945,4.839639484034286,3.3738604756539723,1.8528473345284997,5.69687694518179,2.8478382434150387,6.0528258401348545,4.646377148929704,4.0509920120070735,4.067598847536478,3.4784386888497196,4.620492087838469,4.590155171290602,6.306196020945997,2.8412822342519215,6.54075833335918,6.270573812695332,2.6992526950994096,5.443971740448893,2.660626385117237,1.492894596664733,1.1879173312652858,3.5375120373673994,3.7671287832131237,4.558702359535799,4.452607013239188,4.910362239146876,4.140412917474652,2.430467952516192,3.7234313816042666,1.667372564513356,1.4627155051398564,3.6664268306670245,5.019302402321874,5.285219125318989,2.660825426952722,4.050115245397796,3.021375159803848,5.476750854882041,3.419464008849929,4.151343805182754,5.264526634188948,0.9145028592544837,4.234055382328335,3.632623119541604,5.681421608987116,4.076549817873774,1.1652273181097668,4.7504108515062615,4.652572428714936,2.184442244134794,3.1457675557552625,1.2662339555881532,1.6849511171801212,3.8871457049426255,0.9275805115459801
0.6096251242753914,0.04841966167951983,-1.0615822030545736,0.14727527104923382,-1.2633558111080627,1.2421951182867512,2.016249087359648,0.6931538136116963,-1.0759707699178604,0.31643880809120195,0.026159796323529605,0.5932772355890734,0.3347404746839193,0.08081104981344711,1.153318927035975,-1.3263142195220947,-0.1776168014651463,1.4101005208297033,-0.7034513607942922,1.9532880439433846,0.8046654425680747,-0.7083470014977934,-0.7768603946862924,1.4926168836164124,-0.4610831147542508,1.7695231475314452,0.256603135913811,-0.9678044754187642,0.2226667264918083,-1.1573816137980915,8.62305678553112,9.49877780282407,9.338342569053573,4.654451919076867,6.679561339815466,8.64702578620616,10.333391310403151,9.618600966929327,8.939339661619746,4.851917488102732,8.99186083267369,5.2866867188511275,9.206458676314131,9.247876539307653,9.18009269139391,9.479435346392385,3.9966861065327546,8.406083186389877,10.30296378476035,9.317909997589936,4.501911174025699,6.833567722543819,1.531547046649726,5.746498778435652,4.76349813687578,8.163673611527665,4.886325108082762,10.13682563255985,3.4371039182629417,11.53684205719489,7.358100382566838,2.7522974048158066,7.375011267501585,8.62761943199898,7.467103523659785,5.080723448223894,4.132551842543915,6.2184635422401895,5.801337520923061,7.409159088003176,7.583897374200483,3.132733344188524,4.143636868679586,8.917123804380713,2.0681253942149853,2.693492205646246,8.199819624259183,2.338609837059039,11.86849488182405,5.943967826358348,5.511121677496758,7.450930582735681,5.601817463499563,3.2588715018007757,6.199712914768174,9.735245605280321,4.708081499970124,3.2272407000352548,8.526176985364026,8.529291062273714,5.428350160798535,1.8001726952997412,4.348132924730888,8.396628530087494,5.107405391237596,-0.5510133472216252,6.07125732322861,5.393307236511418,9.156682631336196,2.141941644902269
0.9923514107857064,0.4749553822575501,0.9905022886315655,0.7417158787605425,0.03952101693585469,0.045703266507707285,0.010861918198355358,1.2139877873120122,-0.5924398631890945,-2.0286210543162175,0.2694614208385593,0.1442458290708833,-1.1474948887406669,-1.0584275051070118,0.17716046384119633,-0.29770302482517125,0.3079843584629299,-0.03847925665665006,0.35535400455164695,-0.8564835577521565,-0.5744539405325898,0.4530551696932612,1.4855037237559776,-0.2764717865539442,0.27600743743364214,-2.4401045905042316,-0.8718523334697766,0.6855548072550435,-0.5845232542323842,-0.2854029944495112,0.4654477473058849,0.5076006701710571,-1.0305419802727311,0.8868776196121133,-0.15397648619483573,3.3523366367971517,2.5647263452099427,0.4181904012891203,3.1567158402687028,-1.7582366403137442,2.6881289189544963,-1.0052335250226698,0.2910895901981035,-0.8423555751472271,-3.2944166581931165,-2.1886266417570313,3.7072559200833974,0.9402392850188281,-0.08217599162931788,2.167963380789683,0.7518589359993578,1.9717412035358917,0.5740326878693629,3.575410874756549,-2.2865736909116814,-0.7140160195570804,-0.9434663842207631,2.2707416496985857,2.1949430295145014,1.1056376589112082,1.0064548859247537,3.4128544238163525,-1.5903568249994064,1.5649242024472096,-1.3697045890757595,1.0559900048249802,0.6232723578198545,4.250228873464769,3.5135551319515743,-2.2222343484891103,0.9555756555070842,2.4531859339310116,-2.3794108277670034,4.608341531301344,1.1141509440122563,1.9738810693268996,-3.3291350977893783,2.225026677014772,1.8947443811784506,2.971839533224684,-0.5097778320046538,0.5583515777438345,-2.4606323891815576,5.026093959113596,1.8241677793058817,3.3130641836319796,2.3121391718128863,3.067886187760712,2.267041207951158,3.588965099970223,0.161204595538744,0.984466323668897,0.484236164417126,-0.9389273235474902,2.4708984393744444,1.114645410138967,-2.6828948584750916,1.7216106844497097,-0.42143116255266816,1.3662869355222005
0.060605518674705414,-0.231184541031128,0.5986402239220988,-1.0440455304154594,-0.15050942832602998,-1.3943646584029739,-0.8552499833912843,0.017587578732615627,0.04993122838840658,-0.42527727277722893,0.34429268474039343,-0.2434738341256909,1.544526310861758,0.21354573209368105,-0.05540769630484699,-0.6573813225585746,-0.24406562617272204,-0.7789072447535073,-1.3308509971256564,-0.5980940751727766,1.6406866440326122,-0.3565981656504901,-2.1639531034114357,-0.9222445051206635,-1.3657101210336298,-0.3457540220294812,-0.5513177419741073,-1.042637355679389,0.07289691708303159,0.6177824252262073,-5.672566523553958,-4.429237404819101,-2.58003717507982,-4.82473225960818,-4.981893551822804,-1.7967581904161545,-4.931076152219249,-3.169147812523072,-5.8397908282882485,-4.105047683732998,-6.772261052148045,-3.822178593135085,-3.332141392157616,-2.551335626739667,-4.209435501231284,-0.5420613480572571,-5.68755673191437,-1.835327852383449,-3.585036014017822,0.3192593142716739,-5.621146476740969,-4.00892369303705,-4.112733939615944,-2.4794210011406883,-5.211231359602693,-3.378832158448733,-2.49938248009983,-4.526827290522583,-4.502434777596782,-2.033504444331711,-7.140101577757369,-0.8697833980846994,-4.294764984339645,-3.2854937578345824,-3.1685130938618977,-2.873051120163397,-3.6364926918026317,-3.2386950470841085,-2.6798162146532083,-2.4887023986131824,-3.3469294385997017,-2.3485915899037377,-2.556690037769266,-3.6500112396500843,-3.029177100221224,-2.784078942805315,-1.9709827964644462,-4.728571754579995,-3.4966767156078378,-2.130787768732535,-3.0207606140999834,-2.8061080688825313,-3.4753250662174224,-4.115472332430348,-0.11970533970995856,-1.7509382619187794,-2.183019550842878,-4.008609594357004,-0.4461695990919896,-5.503949338867296,-0.6531876727340732,-4.487013193074195,-1.9383139659899453,0.64628129884163,-1.7585830995280216,-3.3704548088045243,-2.533997888411097,-2.792682377612142,-3.3022561788956377,-2.517715943192075
1.1715715778838978,-0.09619071030880422,1.0344035447537847,-2.30289131961781,-1.9759839167971183,2.1301908811608428,1.8192597685797152,-0.1347643776304226,-0.7599192493310902,0.2735111638032921,1.5907704576292667,-2.3901702426625486,0.3646294194925558,-0.546052085491681,-0.5976993530409227,0.26059379602316113,1.8770904882062736,0.9233089838393143,-0.25676444142493515,2.1205417385890035,1.4176943160657869,0.8390673240100469,-0.3058392400920167,-0.12652740361616227,-0.6946151384690558,-0.004790990120772956,0.3079336292828716,-0.29164265376967646,1.3056687718273625,0.3207327760251303,4.449663931291526,3.942789859057176,5.0979823794676165,3.5841024444192566,3.810820918829979,3.203403294210272,1.9670310333923569,2.5385966582731263,1.6071162535093853,4.105851387818121,2.9633596179951693,2.1948105254009187,8.96171357783137,3.92012567426155,5.483873875595514,4.207409779523188,-0.9322256280355004,2.7383679478329412,-0.4366055878878146,3.1213323191165205,2.155436671894642,1.2200562285052836,2.476956752137456,-1.337329963809299,2.5273740534788773,3.719925319827113,-0.8652959601231385,7.375196625231992,-1.0577255227418134,3.229104224618321,6.838587485618191,-0.6031083547468872,-1.4899011148067254,1.9364762034920848,3.812257757683798,2.9484766077707887,4.165186203142607,0.8387862726104162,-3.125279734686651,0.1244462165957515,3.4186584785619556,-2.40396918218069,2.966164203927286,4.997444958838019,1.2857875245445018,-0.10852435523977505,4.809072258030292,-3.1130379668036583,3.3684256416403424,2.3520658766509337,-0.02732664856478051,2.145869595766123,0.6750062220150345,-1.6573290749113383,3.430593961838917,1.7148622413422916,3.390273471836622,0.2682324712498281,5.135859305169003,4.249230558605092,0.21668785950236358,1.0244518343598736,0.49815697459531927,2.821721706886329,4.043766745696625,-2.7449221731909934,5.979074603867162,0.5152161642913824,6.465265536248789,-1.5219468085633407
-0.6044426622971457,1.2423686627081874,-1.800399815919091,0.5780452830410894,-1.657528949643806,-1.6257273300963242,-0.7170637361234871,0.3071582089428116,-1.0610513296790873,-0.34151723413265805,-1.6417458673210719,-0.8045961328718896,0.9442449489432134,-0.4772415631043109,-1.5477159114594605,-1.3921633078619096,-0.1957741170579479,0.39048710731822445,-0.7509866468319022,-0.35875685457169204,2.3130652520012958,0.7132474481478308,-0.47422860788082755,-0.5986227616547832,0.2341987938523732,1.729853451873821,0.7990103277488367,0.29219467457362386,-0.12641094560862728,1.1728653531188615,0.007713179848484797,0.29138963779031524,-1.2328510952524803,1.365352948677986,0.02128860939618793,-1.7260866452834844,-0.20482768449211997,-1.353407236228935,2.4377508925200364,-0.6374644217736547,-1.2037102878969288,-1.4094749865124006,1.7721484411605406,2.0042964071907052,-0.988068778257519,-2.6605401182002852,-0.6274239166280451,1.6099617506500663,-3.65517966901153,4.379597041600128,-2.180740132680275,0.5473506324122218,-4.4849515925454195,-0.22941491378319284,-0.8242079238641099,2.0327240896674468,0.2077097352612216,0.3385119952838451,1.4929181810838124,1.40057474526568,-4.46455705053174,-2.8271354006130665,-2.3599956829177606,1.332185526835853,0.1689952477733262,1.7974999051361373,1.6586773444830891,0.5184111652387725,-4.790488277714436,-0.6271246816227944,-0.37734844562567527,-2.432558631062103,1.8200762886201152,0.0735514324725115,2.628408333058553,1.4362144893339666,-2.0673680457381787,-4.151494863739875,0.3515709209157909,0.361239468152309,-2.4137701627722374,2.266733107525658,1.936844965512835,-1.445404023378724,-1.630566979957592,-3.9447744230725927,3.615928467010082,-1.2987008473053596,-0.8183473205335946,-0.7292885217522105,2.3913062690191444,1.9928381696916757,0.4642125322610918,3.420317220949708,1.7411854246228466,-1.2888220510605721,-1.215165173177312,-0.40080557285872676,-0.9132925772278777,-0.13841953989163783
0.7355206156439885,-1.3803408172219422,-1.4648765266019297,0.48350079062815793,-0.2078350929326358,-0.12439361721224773,0.9774481125981831,-0.20980630852205584,1.681750328794693,0.033198061712672255,-0.10543793330811285,0.5969902165370784,1.2541633381445931,0.4860627685784856,0.35096996118980606,1.5669567251196868,1.1129265122701972,0.846116036924272,2.3266110192750737,0.19696910174884535,1.4118399657273586,2.171670400854755,2.577880813119177,0.18643877251087432,-0.17333181469571435,-0.526702528863537,0.1125733350923338,-0.096442155100264,-0.1928932841546216,1.6243430196532092,13.20369692054731,9.254100561960723,8.263034691843306,12.92014420609413,10.218262361228094,8.565929001639486,6.105725792565568,10.56547909475049,12.33770943915494,12.086063103451018,8.586131033767474,10.40975036055841,10.863013836562509,10.083080344203404,10.056283062055295,8.902675958801693,11.157756581067467,8.882335279881776,6.103347228183231,6.515722388633015,10.374158400412233,9.74087784701843,8.525126211626613,10.043942317850927,5.577975506363901,11.399689517915668,5.94849442956876,5.712078299838366,10.433730302858825,6.287608381439243,11.083042615083121,10.99518362308105,4.972839729506189,6.134473011397632,8.972647965441793,6.753058329801966,11.4777545453829,11.914109809697157,3.827791440737726,4.4676674042355,7.597273359386264,8.456631038402028,10.885706716747725,8.612515861204143,10.570675399649602,9.330886392985796,7.524983112839488,6.324388758187991,3.0414852225443445,8.117570211519208,4.956611372553404,12.569776599706671,7.487262305647565,7.710398498199712,10.198913111493557,0.5319562356223625,11.93365280729095,7.6221487706137285,9.527407873435077,2.9205911047282567,9.407865795602275,8.586361818214717,8.013160921048533,6.499419070867034,8.516533431174445,6.2206588414430195,7.344288700544485,5.890183582033253,5.704024826168264,9.077268808351464
-0.36052022256985583,-1.0395089470592256,1.2455409579852048,-2.0228987181786735,-1.044073561237741,-0.682275930255337,0.1129882037202237,-1.205606704545536,-1.3110275200533592,-0.6296621512257832,2.323294368591064,-2.171627354933793,-1.893746712696547,-0.13193866809790644,2.330000655261359,0.5344280795744069,2.768784841951589,0.33787859230750444,-0.7698921335306372,-0.6632456557306622,-0.7098628871443021,-0.7218715581406766,0.17879275425035682,1.3263071368961135,0.23837648824035096,1.131120341543017,0.35722717422973993,-1.013845773955643,0.0973691009794157,-0.9654022870459105,-1.609017973204441,0.49331107861002155,-0.046053397765473056,-5.60098169211301,-3.674189391987034,-3.1179384043474467,-1.5682972350655475,-3.294494918840488,-1.8702422968962171,-2.763488506242669,-1.2421077366553093,-4.7901732234374315,-1.3876125520632008,-6.278679178501311,-2.815938996989532,-2.067400656741461,-5.648045096932635,-4.026535926950741,-0.7378815544820445,-2.0678349177199484,-2.700351730790246,-5.479590259165662,-3.7293773869257105,-4.612436058088806,2.658207009814835,-2.6205532448788955,-2.6729951113648647,3.0035081209546695,-7.638904807410111,-0.7990454883868123,-4.020483338149548,-3.0067447221368506,-0.22553996690458628,-4.925750575172306,1.4074023651230783,3.174898520189007,-6.659392475445074,-8.160834879411635,-0.20363827776179344,0.8817330531307497,2.91664876435582,-3.118287532167761,-3.1995805116945006,-1.2774143279063845,-2.277126595517608,-5.380641325371739,2.2209286313378898,0.08626169846328592,-2.130837238766652,-3.1436006282070412,-2.9817340695707677,-4.871451812939225,-4.138987444431278,-5.951615089725384,-1.3162922641985946,-1.3939478345544192,-8.64210226153861,-7.130627328168509,-1.7415099818134885,2.030074091733493,-7.058529789594381,-0.9813618106108714,-2.683153442061169,-6.469550128268381,-4.403295638719499,-2.252052940320785,-2.414787057761236,0.21128560832538862,-0.11397829147956173,-4.62486787655674
-1.5179380271000427,1.0959499981622112,-0.510959063589047,-0.06254470684902036,-0.11973382264871144,0.056453798612941,-3.0010406479595835,-0.5817922017778397,-1.8213467848232165,1.3946338931689082,0.1628369874326913,-1.5491900716056837,-0.08299751166625846,-0.39347672994074456,0.7680407819612334,-0.4680726134618147,0.12411187021774785,0.8577379641466941,2.1838576251120716,-0.5333786336645563,-0.46546289288305154,1.1624765243848598,0.3703816397414763,2.128480311388196,0.6732746240099419,1.0391411461954319,-0.5577735023604046,-0.3057012914702299,-1.4648027567848676,1.5625393013688342,1.8083206388609705,-1.1195615241890844,-2.1631480979946707,3.908423300250641,0.8927606779912072,-0.5242186784176112,3.1415170289961614,1.4142423143475884,4.353483161484909,0.583781933673871,3.2727117126573066,-1.0745448257921055,0.46980467785963625,-1.4132762373079932,0.47627594681229424,-1.9480128154130116,1.5139433212839173,-0.181350662705278,2.2308759370391447,2.8416592067255326,2.797186525910793,-3.418714891027501,5.6057062311200125,-0.2248942342315585,5.60132005743699,1.0640919175268055,3.9531736958942636,-0.47285072093792313,1.0269975389072479,1.05776602927799,-1.0217305386020372,3.5047915126425244,1.6073266975120213,2.410652094775606,2.122860731848956,6.1006949016237595,2.901819336767915,3.6568561263902124,1.7110470713396428,0.2906741629828863,-0.5523866968931773,-3.836670405640164,-2.4785946887651717,0.4269871144783162,0.16660970115123502,-1.9329393510117774,-1.6360719470582623,3.700994877113554,0.3894676659525499,1.1491559728612946,1.0889197549312484,-1.0764295512570896,0.6253477833768499,0.7098233237945586,-0.1124362894928829,-3.158807378107298,1.07632906950069,-0.17574202724050136,1.8665493272679148,-0.8729496322974706,1.0811674455455904,-1.0430290739753227,-0.7031833992792051,0.7220572731128411,-1.4575091110459029,3.5695056620068497,1.3611792627350692,0.7674825848948965,0.3255609974476462,0.014137150194749122
1.5282159574125922,0.8340441736251284,0.4433858402039715,0.1004061820647219,-0.14266777920344406,0.5374906916883897,-1.3540426218340886,-0.404880094769031,-0.3797323547216497,-0.5718316803362609,0.8865988175921706,-1.013805170923898,1.2978411017381282,1.5225497700980042,-0.11392246417114538,0.4667113277656196,-1.4938555029020597,2.4972848049172534,0.8785074321760006,-1.3937230882129608,-1.6813239364547505,-1.0021315376017725,-0.5494430030550992,-1.8853704522265973,1.4163919094233248,-2.1681772361835074,-0.3631261331480735,-0.972164500577549,-0.06518489136412911,0.7065973562104961,1.391831681387069,2.251995220763112,3.0093276829353823,4.778791226041405,2.9177209436170677,4.850583090502762,1.7710912624600221,2.4371816436791955,3.1264715358192903,3.1004340498529106,1.9717321556517717,1.4499545629376804,2.195218796655371,1.8434463369066862,1.626880383611363,3.513941379992415,2.8699411640072165,0.7911937268890862,3.5087150636696194,4.068270693034907,-0.08286264986641478,0.5187953344068352,3.802125178389838,0.9738928454844347,7.597389318702986,2.6522411027112045,6.295868356775014,2.510142335014932,3.1661396095087087,4.411505273470851,-0.3939592982509569,4.31706416706767,6.169582895606074,2.2819077859942705,2.9447219692198714,4.664358513175104,2.1423727323575337,1.4827001507125948,6.654589585658078,7.098998568268535,5.023333356830022,4.709210398970878,2.946711050429057,0.3591541799066143,0.6431751533161265,4.682729932631199,0.9432295891814686,4.746561974673736,3.8980925466404432,2.8079837077442624,5.01218381367784,3.4652972678887544,1.6683410905417444,2.5668481556698306,-0.2513880336914771,0.9004674261958606,4.876256502551106,4.680601737317248,-1.0051727474248782,-0.6717411608053012,5.364796262497966,2.87581685818975,0.9160575573232848,2.405758706734062,0.05479643801697634,3.545120823071344,3.8743934738363017,2.440816265668157,-0.3280527135372628,0.6376992844188948
-1.660612364015936,0.2676228864803756,-0.068507231854014,-0.4439305111393982,1.6513986696337106,2.0120979852378476,0.304649787576509,-0.7225826475707438,-0.9723777408425648,-2.1203342346508114,0.503356390040188,0.32580628246392573,1.2940062674667994,0.9228671386830642,1.2613573513848688,1.2213192271894893,1.4588383672138827,-0.41419852082246233,0.6973821237050135,1.3751974715816457,0.36122771846855856,0.9743023485137287,1.1011235810438984,0.404885584708373,0.6366269740924025,-0.8767855800242107,-2.763895766278982,0.774254822631662,-2.3662153205053063,-0.7714781201598975,4.0608630108949475,3.247902625840437,3.351566553560377,3.792739666760472,6.811115297186162,7.977658583609746,4.03004010646548,3.6812973997746465,4.590767979888137,5.425656546175474,8.013426453954503,1.2535541868424984,0.9416778096439202,2.981712334907275,4.58380386881691,3.8539947219512767,7.028557534583239,4.88046510815449,4.343118645139044,2.0587638113487685,8.60792154975018,3.4820486865862956,6.65746589600483,2.1829146556006895,5.386500324283166,3.819730157032214,3.1517158859490997,6.7630647583859504,3.4229017304696616,1.7331095372384386,4.048531499279672,6.4278835842310125,4.289054854180007,5.5256183791647615,3.402372339194876,1.3610527371827827,2.7915870428673175,3.2696337528480846,7.583227317851155,-1.0665494550179109,0.8308324878449129,1.6312004924513896,5.3836508161702135,-1.7352225624469848,3.02769922279594,1.3352779234429941,2.9743613869535173,8.343253807234836,1.7187602338761074,2.7011415759211213,2.5216012812588957,-0.09225885577742339,1.9163921759363762,5.394285875412997,4.531468685837479,2.973542292204567,1.6269073227834012,3.490153118151294,4.41306375281476,3.8229123945488652,1.2426016716255006,2.475709295350719,4.259338930788985,-0.5038778610121052,5.490205314203474,0.3947582618989719,5.397076440181855,0.9078756016120046,-0.9529903124600609,1.558635020940687
0.8830633655568748,1.2671870633301419,0.23285115291926284,1.7543339896729542,1.0634862306988582,0.856597537536857,0.10621553209347176,-0.0493449511611648,-1.1677696804633277,-0.7128110165430137,-0.607584879063459,-1.6866915676609775,0.8444700451677214,0.8468396171536444,-1.1905801915298047,-1.315138483707005,-0.678837431671891,0.46050547602518815,-0.32006830843837886,1.4133573459567454,-0.1495851097974982,-1.073311918097116,0.5562671162799612,0.33373727027687383,2.3086529391536366,-0.3021964250791578,0.6742283820203754,-1.2145286271978684,1.1826461795421899,-0.7854211850835894,2.0318326494624874,4.551652014446051,4.286806341462172,4.374530259040472,1.8141047681888316,5.782572786587237,4.917468946887588,1.4341770532551688,3.2829110967089212,1.3861802127853136,6.1197642640512795,0.29068053084147594,0.6075824621192539,5.614443241406479,0.5144804868363424,4.960073130902972,3.1018104783280234,4.477922275955641,5.31512750145001,0.7863528599546609,1.429521873914219,6.809478234385073,4.204224630050842,4.051092406431117,5.056249703403456,4.510804255564866,4.13693782832495,1.8596891232233346,6.576587837364644,3.420449780990638,0.7326561580107108,1.1645285563140182,7.136453563491349,6.255612152514772,3.789311892426327,6.264023290127218,2.1096325386146,5.489160785222156,4.209411198176063,6.543865912792447,2.7828958072811645,2.6838028920042136,-0.0018607548515390815,1.9660560338638724,2.8296514209985015,3.596632989146287,4.280333499543101,3.4828053256109044,3.9410862327704463,6.684497482228364,4.808749275913295,2.793454263594347,1.8744340571090903,1.9429439163412872,-0.5401831565105725,0.9149407810939356,3.3744542013605603,2.83327496441678,0.15108874652503035,2.293818401295446,5.3084141438661305,4.103757245980465,2.0660179134000507,-0.19541728801805724,2.8558958934191163,4.495344509054844,5.039169070061286,5.471670080231927,0.07359514174154845,3.525952974053034
0.05138255268502637,-1.767096357506076,1.3263340843325304,-1.1501719483400932,0.3910688139960464,0.20026907556921514,-0.2690793931627775,2.2033219545101512,0.16367943577650962,1.1611852974290042,-2.486972933033055,0.6905508260168023,0.6046510242564396,0.15188215518481102,0.034017040093837325,-0.9438395127480054,-1.600323206290985,-1.7974758516957194,0.7610593969212938,-0.5345630354829809,-0.06655433094218643,1.3550945102031537,0.7845927634604449,-1.1500191364878132,-0.5494622651400953,-2.3122517101581863,0.9481342827907726,1.2401988615581943,1.424196977045205,-0.2226863703887069,-0.23299482963105178,-2.015558329267699,-2.941506545773602,1.1540935601544402,-0.29049686173658,-1.8301886913524128,-2.280855660456798,-0.6856614214528193,-1.8811574938231157,1.6695845926224022,-3.6559693317648887,3.7089219431434937,-4.913472682987013,0.7556719367726953,-2.8605433361721624,-0.9954758696808472,2.6841432656312385,0.27364308748251215,-6.676019491505769,-1.8260041859593508,0.2990750831961838,3.7057700499249835,1.6496394840831963,1.7754405992731803,-6.526696488635117,0.6250185792191778,-3.1016242193747026,-2.328450549169717,4.198460975293491,-5.766224222533548,-0.4266532479751892,0.791449046689664,-6.587305291670975,0.6709981040305398,-6.410706871996275,-4.49456082985714,3.9899071590118402,4.9017482224454065,-3.004370968201908,-4.261036513369959,-3.336291700698149,4.122220414206046,-0.5341277708123547,0.7855077783923226,3.5076289504526432,5.398134150856277,-1.2716109620984735,-1.2875147783521093,-1.0849055867645272,2.809285412741281,-1.7084640748816813,3.1815797268006127,-1.5426301579851671,1.5155920235143059,1.7489787658075988,-3.241031162250379,3.0791257866659976,6.148758250458755,-0.1981150032087587,-2.3111909409507874,3.4094530006049104,1.899804195559972,1.4622709834574483,0.5059973110646637,4.536776521808253,2.068735935122888,-0.8464285115986616,-0.9921325708944636,-2.620444972864456,3.759886209632091
-2.019926079927031,-1.2719295559508774,-1.8033137391139766,-1.196161054203337,-1.614277339751407,0.11397785884510425,-1.433493342720348,-0.8558337563457818,-0.9231345162338582,-0.5424575815979256,-0.6011899039084688,0.5814567782203613,0.46604374192788256,-0.33263379525118875,0.26364534908127946,-0.2894885903044188,1.6383327648820167,-0.4381290004333862,1.155125085073628,1.7252894136486567,-1.4159113037407605,0.3806173302731963,0.803198855921872,0.3631687720403664,-1.1093719834204523,-0.5881844808275742,-0.7198034394939573,-0.7234256867464924,0.4172487504341487,-0.892060832488835,-7.2815889372420095,-9.584668605499077,-10.312638234767503,-5.366109457450402,-6.3492556382250145,-10.647982438202545,-7.052250143624994,-8.64570026525003,-8.510602451567971,-4.73934889516219,-8.177747985789964,-6.767173710420647,-7.815404970853091,-8.427961582632527,-3.892265073820841,-9.550990952942767,-7.473866668300244,-5.613428873852081,-6.133858570842266,-9.50642310700826,-4.907114520157875,-7.19237375077702,-3.5424009691637806,-10.377886183301436,-5.390578197891654,-2.461511439079241,-9.020695470629416,-8.350249743262507,-8.1264132058834,-6.538380455231642,-5.934825951230908,-6.821039005681135,-6.772898171781828,-8.765686878610724,-7.206053625359816,-9.170510757491765,-7.933500167317064,-8.366671053158024,-8.31927487876895,-9.673816945284127,-7.2519926792564116,-10.884777783137679,-5.2491770739266395,-6.782958459454021,-8.936796498269887,-6.877898364805597,-5.520701173131815,-3.711883965773409,-9.98771540609703,-7.625179470873596,-8.50675937013414,-7.71477737363948,-9.104709407792924,-9.119687405007065,-3.984943395640226,-9.648157036089568,-8.213304786059355,-7.292704379415825,-2.622811099862453,-4.629298875410072,-11.688321911417164,-6.650034073304522,-7.536581964928278,-7.40777654690446,-7.9127186623716605,-5.898823070907318,-7.260326144428047,-8.511176423621858,-7.353191180548884,-7.063170857771352
0.3092088876249833,-1.4590957174623789,0.9645570603712301,-1.0395530523705963,-3.006836819116252,-0.3860930869774486,-0.3114597407584694,-0.08548385849718276,-0.6187198785680559,0.8746062557995766,1.8439910110143174,0.03940742135510383,1.4201041687475984,-0.14206650182951985,1.760856066002317,0.19877732131933595,0.4037413230056792,0.5661725339943258,0.8341897710309762,1.9690061970798614,0.349969265221431,1.1352562336306748,0.5456311144846316,0.3134609345866977,1.9931019521893965,2.759184780197489,0.3045551443154069,-0.7483801374429166,0.9864016191069515,1.660447745936675,10.620507338684067,9.456870611715864,8.509109798996548,9.223841058334676,7.646087174120981,7.67932205476398,7.163034179834509,7.901603717011539,10.032184341321976,7.408555300797103,9.318906530497982,4.501283966650121,10.433094966626532,8.94561189772273,8.272658852883188,4.420914844769067,3.6556410366678698,6.27951454119742,5.342404064801192,9.331661822457601,8.35127935819835,3.918641512051436,8.119859588076817,5.481484412145446,6.547473983978073,8.622871739877843,3.4427175305638555,5.100162743333558,3.521708810367733,4.936989523703439,7.755404094003416,8.82963232109846,4.597945176975864,6.0225106864701745,8.679664519004136,7.830897026210449,5.856267931786695,3.7490459036292747,3.792799728363975,4.086970482378793,6.215299934454189,0.12193830110104555,7.32288271860908,7.034018198152316,5.262826317262188,1.8975406998960525,5.0742964846534715,7.296716512835196,7.991580265879189,5.364413758929083,5.711970196565222,4.2246646036316795,2.4114398194476765,2.26943092515084,6.363576615832285,4.707760737410358,4.305859674534869,0.44929376056791165,8.341835963114551,9.414921924450894,2.902124896203344,3.885778755116016,2.4281726779233086,6.414134549973338,1.7230521093025322,4.100021871605414,4.538467043503768,2.4600845697684437,6.395951631621033,4.678511441226917
-0.01076014411027415,-0.0886667161077223,0.19864428272538606,0.7195682989467718,-0.15804100807640847,1.6731310104544361,1.1604538258308097,0.8443158092692815,-0.3500416844963978,1.0029026007009207,0.06566594029538085,-1.1159418608168672,0.5485864453600338,-1.3220755131359896,-0.978662088190223,0.829200764289385,-1.3041290405569117,-0.7970303771911993,0.4748556277695646,-0.4729931559746964,-1.9139931927404206,0.5508196698210415,-0.439214657946828,0.4988794423852284,1.192538801456322,0.23835637889667763,-0.27266993442360477,1.1099906893468063,-0.5964324678368337,1.9665150441097565,4.0795497744718325,5.036893307365298,4.347141090636397,4.8946574054330485,4.604836757323478,3.3977762017505273,4.605955921151099,4.136536371683829,4.249760154610732,2.2517171736141024,5.598709138852536,3.720081925462846,5.155525107330118,3.762482387368728,1.8466230972856899,2.3432846571916053,6.481225222579091,3.230979056201206,2.773947642044431,3.521877953506429,2.403908713800906,2.9504605081814503,3.645965478910725,3.571465134512377,6.162535634891385,3.1824565035203882,0.8470480642536089,3.727751584675433,5.855555394752227,3.0620586831728214,2.8030476238099356,2.9190848272101615,3.6211376510083886,4.42228321556812,4.805164921203988,5.448052805132025,3.2560331452258096,5.827831574340614,5.378972751610335,3.4323044726973757,3.11347620569048,3.774853682326234,-1.2497097963239427,3.81208185641926,3.148477616497099,4.769119626357565,3.9653498768551545,1.4257029373568288,2.5472598650547935,6.114141057700083,2.369203279663282,3.794694971882553,4.603464032674566,6.846447973581771,2.3029040347332024,5.022404050429649,4.785608076153699,5.312349503545767,4.486110495103477,3.3431020727500256,4.314324981759785,5.034477840059281,-0.1495982970690335,2.186846632856258,2.1714967186088883,2.3305183006369345,6.276960877209589,5.2349068448106575,3.067309502393328,4.947981759352956
-0.3879320066336882,-1.072470515361204,0.6438260672722885,-0.21319284390831988,0.26050797331544717,-0.7496604575891566,-0.7016102946634467,2.2779229615776337,0.6142234567844737,0.16107219334323394,-1.0183690290293868,0.5520548995996484,0.10660879733494855,1.6588031391347633,1.1585370617852062,-1.2530086314517512,0.5095004265494448,1.149021323326732,0.2510827125902193,-2.007461603195444,-0.325852030110396,0.8924098706824762,0.8739975787739979,-1.1252560757571752,-0.14629400369375042,1.4838975360677122,-0.7166187463724397,-0.5660053407783054,-0.045940721339717244,-0.09723164724348843,-1.7634438763986044,-1.6704165134198963,-2.518038013238793,-1.1549954389239632,0.18648890518142636,-2.501270595113196,-2.5840130537690253,-0.10950844158808792,-1.3471171990701811,1.0345435290676948,-0.9007677815598603,0.44812716910262723,-5.198852316733702,-0.06497056104164947,-1.1905022994628625,-0.9092787035434925,-2.4434985665644082,-3.2915195644840103,-3.507099435761686,0.5557429710258275,0.2646553256282535,-3.0799082566147313,-3.8288825897311414,-2.3287223861155004,-2.9022928558756234,-0.06131936210705047,-1.1157257034403028,-1.6991079290275473,-2.817978520349051,-4.266912896066988,-1.3419997701979862,1.0090659071678072,-1.7177060428680528,0.2810948880594767,-1.052074370639139,-0.9900042469848498,-4.578821005645232,-0.6517431961464756,1.0149441060422246,-2.122227091124119,1.6304543766606825,1.007278221051031,0.5876271538879173,-1.123874828225284,-1.7746950831114379,-0.9575004305000197,-1.512328414426916,1.7946479573945118,0.2635207593255886,1.0569539306131595,0.5189921673905645,-1.4810301016180043,-2.5151499080088557,-1.1531823393291611,-1.4978652239509018,-2.552771508155007,1.0883376027429592,1.4384449124453542,0.054669315497629434,-1.4445243117157975,-3.0436779700745316,-2.2459680532117434,-4.019580099260897,0.051968632939174086,-0.8914264875499114,-4.560763481582866,-1.903409438141849,-2.098422563375584,-1.7832732096553525,0.5571743962170485
1.1494486852864778,-1.18224964069511,-0.0617541859271209,-0.4368436770331231,-0.2383540678447431,0.7298283362509526,-0.024798296153052513,-1.3109701850733984,-0.006114436732608405,-1.334292363296292,-1.0970018046940913,2.5438585730639476,0.12268574181163866,2.0375562384536487,-2.615969346354579,0.23897625370366277,1.8145009344294933,-0.6852489829811688,0.7444920622583072,-1.4622269417516651,0.1344702866542854,0.47943440486875516,-0.9993724936466183,-1.3569152656857388,-1.3628952360345998,-0.310160913137956,1.3932524608404524,0.09018270528547792,1.7734027742889107,0.17313539070166784,-1.0335684566942664,-4.6143629552484455,-2.291294651921069,-3.8277226381450014,-3.3970120549027456,-5.767376255074702,-3.2738955726250465,-2.9237293025128497,-1.516723406105825,1.1768634968810858,-6.088637674570833,2.910831851038699,-0.6293570793467744,-3.470409692980465,1.7782196439769962,2.0123810180552106,-2.1906894590503363,-2.8282930372868953,-2.9697635006097953,-2.825633176408381,-1.2904774517879865,-3.6387149684179843,-1.1323461981904703,-1.9900279852231004,-5.155019064947767,-4.159187984273831,0.8701380056219568,-3.04127298891686,-0.12419509487432978,0.8699536754296646,1.2868581093638547,-3.2448679512205936,-5.231624617501784,-7.934508681016442,-5.22736618163289,-5.996176733031828,1.3128688981946524,-2.70177090690723,-6.140228627145027,-4.672839037007399,-3.460423885084934,-2.162720588712987,-0.1816285249176065,0.3821975997728984,-2.509647725772531,0.27931962885115824,-3.659278314407256,-7.27077833307658,-3.402617707067155,-1.1171015722781104,-4.742559304037074,-3.393063423954474,5.472093327341116,-5.556968035553782,0.216094416677443,-4.427780895784874,2.0468048677547417,1.0306561525476607,-3.2066125219193924,-6.055751318779151,-1.8169777638337128,-3.019110808521322,0.4919215608521826,-1.6685331415009734,2.006931775350811,0.9631804054913269,-6.35386318463862,-6.2872060677309545,-4.864062516824628,-0.6847409499502055
-1.4002984065490829,-0.6879353428648506,-0.9424435440361539,-0.24628347513393167,0.26193034142609317,-0.3662220332419319,-0.8311577270885357,0.8230205253751072,1.5991005489735217,-1.3151660162603789,0.18771615657300367,-1.9716894100632967,-1.0755743008068506,-0.9738300268320027,0.8507912867216249,-0.0620311941675471,-0.9617229494891837,0.9430818223581598,0.483332276531238,-0.4514302249399862,0.9355726511755607,0.7725328251702901,0.7815860310045799,1.332648851662115,0.8780513428036442,-1.0706622214026236,0.5278636880147951,-0.5688340400804118,-0.2808166130329016,-0.5442331436876258,-2.5476001445152234,-2.1579804941486755,-4.261149171882716,1.1686740061070442,-5.735654035938523,-0.9084877397336922,-3.4382094457218595,-1.9871301475318488,-1.7068297097517804,-2.4699114689334642,-4.281674775033179,-4.54449049287791,-1.0822027942707684,-3.1604162162779437,-4.81947723709573,-5.215119527433913,-1.6900564467080574,-2.949064804682258,-3.1141993177197467,-3.213540077979268,-5.279190626900516,-1.4320210990776154,-2.2411197184679437,-1.1927414185568432,-1.7343298691738744,-4.257111902076846,-4.920234473998811,-3.3220018362629893,-2.8482186974350743,-4.931104903248205,1.3086797947356366,-0.8707651495885929,-3.5572947003487956,-2.4032755576858427,-1.8536771563058667,0.4851112008945636,-0.9751247425250785,-1.6942203228103572,-4.502547907392849,-0.9595586300816218,-1.6429681244885943,-4.1789950205972435,-1.3758911492288943,0.8886740230344781,-2.1370271393846823,-2.945740403340912,-4.740197634833922,-3.5073205038367172,-4.901544798299769,-6.275367706825906,-3.011868532707152,-1.6028831124805663,-3.361580792358491,-2.7180312158399325,-3.4806099368531034,-5.711328151567616,-3.0675579578103407,-6.782596897909008,-4.3333450189372185,-2.6311846368291603,-2.66567791095658,-1.193999306790121,-0.20754519285492218,-3.6482795120960545,-6.399734389172934,-2.3528165152215745,-4.222482895010149,-1.21715390187831,-0.025861861133356978,-1.2284431556997248
1.602878147094427,0.1706046735425376,0.7737625715968577,-0.9964456370216027,-1.7277563885474976,0.2247451878900442,2.15684043607651,-0.5953726295343897,0.7345757612156375,0.21563228392146405,-1.1826301240790649,-1.2770091550860683,-1.0196081370231311,-1.5046979481801757,1.812324850490144,-0.034067813780440215,0.5158239578489642,-0.25418983955850094,-0.4683977293451249,-0.4741939931728074,-0.4794012983447775,-0.7014183004342825,0.9610211290536592,-1.4245949544610168,1.2418554829023658,-0.41224432892434526,-1.303442418208703,-1.4175590917086132,-0.13726215943293804,0.8150162782132611,-3.171943081526227,-1.8194832900802094,-2.992403254411037,0.7096988293280028,-0.29217425401113817,-2.3667750276477446,-1.9072503297612866,-2.0729502163182985,-2.0473116500340414,-3.4687021792825807,-3.1946487531330328,-2.5401237524717675,-2.1466420211233257,-0.594624305984474,-4.173100198793013,-2.8487810156014426,0.25138645824065375,-0.3738489288739488,0.4192050159735331,0.849941318910745,-5.433472056982466,0.37566099217096,-4.720480946882073,2.409284212646247,0.6324797455146556,1.0330611027334502,-3.9309330461257543,-3.68188088512097,0.024103269511857373,-4.317802392298848,-2.756499516782479,0.7967936388655111,-0.46132318124332883,-1.0652589084769215,-0.5188125970457369,-2.491190320241376,-1.468902118784205,-0.9990277808358834,-0.09065652709133247,-2.975276082526184,-0.2945937559295875,-1.7039926847774196,-1.9318008615939823,2.049936931274552,-0.698955723197101,0.3206530929127691,-1.7720701325526558,-2.387101447410676,-1.6728829334848805,-2.476655757387065,-1.8576088982064043,0.7046182958062659,-6.537500148171738,1.5897402279550765,1.564992735594912,-2.1827446538273287,-0.712770439011925,-2.429636646087944,2.289541978867009,0.10330761946810924,2.805877481210579,0.8529977073904017,6.245312202505582e-05,0.8375991960273816,-1.7397177479318715,-4.55267326821852,-0.8745359112808239,0.8107705909678846,1.0663490131292206,0.1648743418217761
0.41607559370836983,-1.166383055399156,-0.5366742260601789,-0.36215776403680994,0.32201129707154147,1.5676117230076314,-1.1645063069617672,0.42889087185639163,-0.11335556718610822,1.7146528920598598,0.04244858205583668,1.20983619600469,1.8242400950297348,1.2442175498862043,-0.4877744869814203,-0.6308916463126634,2.803894261268063,-1.807328229074183,0.7606562571366093,2.5073328138698017,0.6186408713654807,-1.8202628963910508,1.182181696231476,1.746688134711076,-0.2898298958302679,-0.7909735164967177,2.522798184900868,1.9301192775759644,0.5268105909053798,0.24645616964699055,12.557534547364675,11.37841782887693,13.391360703200768,10.95933491011692,12.283736861166279,10.716985406135725,11.922668278547667,7.580804230094296,10.32916153529801,9.759573652158563,11.419738831564779,13.13850831021893,10.351945090139969,7.49919798689218,11.77320727052421,8.814716606961188,11.854608343936631,12.071658365170594,9.242526431877577,2.8549094956698164,14.241088736406248,13.598877906135208,12.53552412822152,8.555012103257098,6.158554359250294,10.48236129851497,7.651356424784021,7.375693988986276,12.484395114302728,9.365364274639266,6.267795259585551,6.3026786566462745,7.412961906348935,5.211937210688666,5.004984806138079,5.945291633430649,8.471136305940918,9.022128275797549,6.509162465926213,2.2770877404237386,3.7105342396699834,7.697390813811036,9.618923341902192,5.491851361000745,11.514508201522956,9.784416289548462,9.342775531531869,9.103461322878465,4.832455782316731,10.83594166083612,9.365393155988002,10.574064769623682,10.226256951211782,7.458236081743635,11.407456721506758,9.793250820593906,5.878793875728965,11.54863194610021,9.481500613742663,6.199852977936885,6.274715669084729,7.658962283091462,12.325275023660692,8.247221014882594,11.092852881530842,7.987798075605809,5.631019434661519,7.329084701867435,4.808251750976325,5.682074075673662
-0.3669815728001582,0.7147573105778454,1.341367650570211,-0.5367830945815357,-0.5379191042307702,-1.3365939527897006,2.003429797916727,-0.3818182005053558,-1.1214985951452126,0.036511791958529494,-1.0706417082591517,1.152746498883588,-0.29195950597739634,1.2324974209617103,-0.12276434221410948,-0.3051283230112821,-0.19144109984852786,-0.012268548470406093,-0.0965938594549271,-1.2552707148498434,-0.22444656678634584,-0.31868557648207196,-0.5048453502408685,1.282385872349897,0.5434214711370428,2.69816504550035,0.6638493328331918,-0.62814467098857,0.023710184347910696,2.70119989551221,-0.9924251598571617,-0.07446785824719693,-1.5166075372241132,-4.341106098695907,-0.7657888770513459,-4.414495231385886,-3.2674965391437127,-2.265252835536704,0.289149340640492,-1.4853728401588042,-3.0075089111832,0.11341960623593561,-3.348279278835192,-1.478243579027512,-1.2806967655744106,0.4062949148116156,-1.969601852884042,-4.0758483365377876,-3.2787129376986366,1.8397729072687081,-2.1571327963364553,-6.019634939715555,-1.4392233586549972,-0.10571834966198979,-2.383979076058187,-3.0082913991314197,-1.4006538738187382,-1.0962325524689884,-4.639876882761557,0.2948238118241848,1.1568165043761616,-2.9505364633266127,-2.993553528382005,-3.034569749768231,-3.049950945160463,-3.069626679089876,1.1871755703974225,-0.2634467241960259,-3.569786455565657,-1.8001329197007863,-0.4876456659809812,-2.3653838183013898,-0.45665559053708044,-1.5934965197334572,-1.390476534697331,-1.994540003522947,-2.8311868955799917,-3.49546670839441,-0.6265971010684837,1.3210499185429772,-0.5738067259590306,-6.364416298744232,3.3059253115553577,-1.4223783978324653,-0.8383159239243623,-2.5211152619048485,-3.010370679887021,0.722206206994098,-2.6406022050846594,-1.211911606729005,-1.9700782773606362,-1.137439623502417,-0.5413569430207212,-1.5023211974561388,-0.6525209949939452,-3.460130331255088,-3.500614747792218,-4.407051423652899,-1.6693831973351765,-0.9860684170788963
-2.039731851331791,0.4046900960192839,-1.6548451273545,1.1939298413129016,0.8731840961057871,1.7910920483825155,-0.012275003690560046,2.3409900079924997,-0.33971951030517755,0.37959533961258085,-1.1319043187587816,-0.06723165710885673,-0.3654938452285571,-0.17020762395223005,2.586710464465459,-0.08039115795770857,-2.3683299492050893,0.5579701437632817,1.1399007638378107,-0.06226032802138394,2.5026666924502403,-1.0146455979584124,0.24923544577663276,0.13669816838430343,1.4596417600053746,-1.0331069049183175,-0.7199211122035791,2.2394298319127515,2.7735996959083544,1.4232064740885535,4.554401036720511,2.7434418520997386,3.277064650664722,7.21245341483853,5.066201790595229,6.309379764665262,1.2159888229828013,4.376257339004158,6.312702285228721,1.0432584916152765,1.0467742359352035,0.976923644798769,1.382893580961241,3.261971558919168,0.4333052823815885,-0.5803303957378267,7.157607847854549,4.4879430766314,-0.14260517145670648,5.678430855646702,-2.3515400744264827,4.262311990722011,-1.0160658851902897,5.783656425442229,1.4643564745965316,3.351708705650079,-1.1143831498555825,4.285514345409585,4.2243295261586,4.405067034747736,3.399815369190646,4.194167868236425,-1.8929326314012123,6.989325168039862,-2.5650975099231776,-2.7142849499855575,5.552295250272389,11.528750057665341,0.2392512642174386,-1.4044182575856876,-1.4134025886092858,0.4417111327905637,2.7559780951291697,2.9514403540638003,3.0134134816998697,3.664696401502497,-1.898794003753606,-0.5860924283568464,5.081456722228582,-0.9258643769425972,-1.0401311293990978,2.015317731987166,2.96789602120167,3.0421322422509327,2.963814190233159,-0.6411423999378826,6.450875416887279,-0.28150030609936266,3.723328287688499,1.164012133681494,4.657271627974653,-1.3765496149527627,4.500820096875366,7.690054085717238,3.397061885459035,-5.46091759001191,2.4643133088645,1.146417608688454,3.6820065732351415,0.5568245858283845
-1.4374943359164434,-0.203722158075831,-1.0930892597415336,1.4551812655484313,-1.8715718263804875,-0.766033417145377,1.8976264181001008,1.6562137416695677,-1.417065639165644,1.4085867231050049,1.6361155752098462,0.18119941672042328,-1.032359892154611,-0.6588405060755944,-0.18876279608618196,2.2276505351950444,0.5572447836226917,1.0962082121907086,2.2406207568806775,0.04707557013099142,1.082864816725456,-0.5603315271766465,-0.5359850354427833,2.2157893810557625,-1.1962523290176934,1.2851817336037632,0.14242596823013798,-2.7555671160241615,-1.0717018149822666,-0.09713682594581435,3.7524906141081416,-1.3470068650353981,0.10044842049609168,0.0858076350539535,0.3447985131198532,-0.2694330654608935,-1.1912307806960956,1.9793751180311945,5.479851515749901,1.5908294958996267,5.822021906893955,1.9589484685902179,5.181119406298272,0.8132494218925663,2.4841462745204246,3.4526703765994577,0.3136735473180637,-2.914159898756627,4.19131870383763,-0.4947637581574891,3.343902327730601,-6.618371124234482,-4.325938742661487,-3.171950989991945,2.455300071800942,4.883050524027797,2.2849628055049167,3.876085088735455,-1.1945254333606825,2.9156247830551503,0.9131723770474235,0.7556310320065065,1.8072377785079383,-0.6617154658895572,7.814850813393373,-0.05319828608605237,-2.4079180008080185,-0.5912879454675375,4.562834418959352,-0.7485158162666232,0.10567534422281064,-1.7762713883867036,1.777437475668861,1.6598244394808557,-2.7025238525559763,-3.5815600675302335,2.3244486858119786,3.2309264423155817,7.4209165535434565,2.995696657220761,0.554027171948495,0.6871439083096974,2.4447396786393627,-2.9516101566032225,-2.5655381862722724,3.880150728391484,2.895993280750571,-1.074571571561182,5.4195326616860235,-1.2419823003116424,-3.6450219243854978,-3.4653066880348127,-7.719208521254814,-3.8932610712654845,-0.7029296176824872,-1.304126544895515,3.5561404324366657,2.6165276568669884,3.680454757998837,-3.6633457385146873
0.36930117556560604,0.6187586693257352,0.6202187874033113,-1.4558325821234166,0.19059012605455045,-1.089321831731424,1.9026012953198226,1.1652534529612744,-2.0281341761624168,1.7136934146824585,0.40459252286137926,-0.33658121919466855,-0.30143975384971144,0.1715073726829256,1.4397684891779914,0.9610823531853343,-0.8157683219546245,0.38867615407504275,1.2326698218486547,1.1279057433911854,-0.31772024226505813,2.6571742777487555,-0.004640836791076686,1.1732482308986627,1.1474974292691653,0.025302627435270897,1.3859647399999069,0.5922752036580428,-0.6444116532855442,0.44827200975189735,12.773438852079769,9.693282453735414,10.712383796167426,13.029847156479407,9.189316074104912,8.796096360968692,8.413963511926514,10.5142929102855,12.702999209012269,6.1275101113879265,10.550556629458235,8.847999351683802,9.860985519543274,7.679302690824057,8.929823477515075,4.817062605491927,8.53056874580133,6.488446660710067,4.727688035253013,8.753082451751265,9.804068460881375,6.981201340986237,9.92224613822324,8.194693711170311,6.364505407267299,11.172140851224636,5.637917918587291,7.768019136480182,6.700698501334558,5.6697756725920385,6.587522958225256,6.183111554607519,4.451781611154899,9.871761922625359,7.939461507820351,8.780401818818914,7.425271192227938,8.826760949884386,4.604820162022024,5.721139611294793,5.397668612096528,7.360943272555142,4.132512333786258,7.2276376041285735,10.06399239214647,6.668290013563105,3.534484159993364,6.860134740033363,8.970996963303564,10.26786267929884,5.776009142290579,6.817796564809572,4.13280135793151,8.404755909484084,7.403691002552852,8.885161194418853,7.689307688299959,8.061704874026132,10.960872460232025,8.452952060828496,7.007130290650205,6.984490152113652,3.880892168570464,5.0526051386657045,6.537940470086926,6.552461625816307,4.8276766521320535,6.451139730470203,6.378577029440201,7.697250279660429
0.8518073951282058,-0.20261527417309622,-0.9546708962045569,-0.062239649692322985,-0.8629461869563465,-0.4074376760500853,0.47123033932229624,0.6421872410725152,-1.0912986836645848,0.8743871671835309,-0.6980966647616009,-0.3226674600123961,-0.29305552253852246,1.565413092624357,-0.5358266363834562,-1.2062653872256877,-0.00421645075657584,0.8922970311532195,-0.8315011496158502,-0.46359741510527486,0.13225792030894234,-0.509329555156324,1.7458568786971727,-0.38670294729770194,0.31363487257948525,-0.012163395685411471,0.32300582965264785,0.03207287445129536,-0.8856638549705098,-0.262420772008896,-3.6422446291287405,-3.6325028814557228,-5.759264316710743,-3.3510145610052735,-4.6053162577508635,-2.6981734424609765,-4.1198020416075165,-5.4384183103871315,-2.968509788713494,-2.20637678990042,-1.5582541636776845,-2.6728692379197283,-4.113135858327212,-2.8586985137087852,-4.197381297215927,-3.5467369656235523,-4.837323308430243,-3.5641562599353747,-4.436459371104084,-3.6468873847370546,-2.6857173412035578,-4.564078145918192,-2.3079028279373457,-3.940973582772724,-4.3458202357977225,-3.552548074456756,-3.4317398101609573,-5.519296601823536,-4.1759678905327515,-4.810193972816161,-3.2223517216055013,-3.168445577633491,-3.6979574708159753,-2.1101565620348586,-1.4545359108059495,-2.581471438473603,-3.222333835491797,-1.5958453511072705,-6.721575179380443,-4.044517344804074,-2.821755753981301,-3.2868968823193137,0.500632132844612,-2.5004183485607037,-3.5119347708838484,-3.399200955426159,-3.3613881683705507,-2.912187393006292,-3.9033151259977514,-0.814423842030518,-2.513201484133496,-3.446930285941471,-5.6573356418120735,-5.435561261377546,-3.973363666973786,-5.901425833523526,-2.2261787154925856,-2.41470886469342,-4.229661527593363,-4.7195668892586555,-5.41833484811262,-2.201418941599775,-4.316374484838178,-2.297768852244959,-4.359664977164804,-5.125584319563599,-3.944860603016106,-2.498505802083048,-1.245640144553928,-2.70731031798058
-0.7685140332060346,-0.0001474684736816334,-0.277864945229059,1.6743018920528157,-2.575817152380769,-1.138111806141927,-0.9128222559811932,-1.2556153227828828,0.5484971985703713,1.7512273663215627,-0.3957248877385906,-0.5799470412347677,0.29114990549277,-0.44366545369544763,-0.14827199184407713,-0.043182888595116764,2.8768457593176224,0.3635876027516555,-0.6339543634922667,-0.3685816788303728,0.5987996425344968,-0.637517833673759,0.904576689761145,-0.7039480017176005,-1.423189345097261,0.8040846263266439,-3.1654204772924537,-0.16842781468961093,0.29946939312604237,-0.745828440952758,-8.18719658564857,-7.322908772394454,-9.113200973881822,-7.719970248909369,-4.1450135659123575,-8.297602245696059,-5.364276520583986,-7.230176557197054,-7.421394829221001,0.05693604485844883,-2.9708216302713586,-7.471945850046036,-3.884417466155864,-3.355732162968796,-3.763171359913547,-3.706209927349729,-8.790329823189019,-5.046621298892646,-2.0408771115920286,-2.5526246588787886,-2.0100071040639964,-7.367198200212315,-5.684712188753977,-7.680517417743815,-3.7744156666828554,-7.118899067958061,-5.666991802900364,-4.7726872463616115,-5.968346843671814,-4.713827645652634,-6.2902262002595135,-6.077718379820979,-4.182167664994215,-4.229375756207844,-1.2854168387905296,-5.372487648651598,-6.55224062196329,-7.315248063021162,-4.363822116233201,-6.630539413986351,-4.96527841901974,-6.016374003017368,-2.525116746472375,-7.936572918192409,-9.002275861591892,-7.592267508532205,-1.1222221747693486,-1.6169839565321584,-8.218423908566056,-7.7012564146283,-7.865587852891043,-7.583326469885349,-5.740922890794558,-6.0281190356666645,-3.102655230475144,-7.020711024364922,-2.822619811556204,-6.120164147453943,-4.524093906253116,-6.367977929221221,-8.141682935219428,-4.111818731001646,-6.267897757847777,-2.722313196286775,-1.370694240503455,-3.3330546090860764,-3.0242973397297144,-7.298414070703979,-3.6310008188785563,-4.121184153160495
2.1420574306721663,0.14085082843190624,0.5172604644037859,-2.180655603849975,2.156426869594375,0.8094213869102402,1.384121300600953,1.0988007492238632,-2.4407194018660126,1.3373880974369348,0.5506623774267971,0.1789514333538692,0.10769298589772111,0.6304747818051837,-0.5722151305120908,1.307248854233955,0.5788066897164384,-2.4501404553545116,0.42396542678717186,0.6501160459908458,0.47797861762422167,0.589437564344072,-0.5757152825016105,0.03773731545128134,-0.40903178877107926,0.2578928450585366,-0.054932352854481614,1.3892027018238706,0.9978381197767769,0.10520346464039987,8.617477617106111,9.67145673618665,10.231213665026917,6.267813571572948,9.244067731645242,5.92381036012842,6.210859841273432,8.246212558367791,10.222903057666116,9.05113366541503,11.623958879261066,13.0409414412006,7.590004138556122,7.261009089546696,11.455575051702164,9.778700612632313,8.901937542609263,5.515134334989797,5.878023621855441,4.125703117056428,9.553570858288351,5.634128062592863,8.635595675374418,5.933855163398511,2.8381538038829013,9.914736434177795,4.878532996293814,10.186060236055967,8.332481666211997,8.02738841490771,7.740236510396916,6.4314265645357445,2.9909822888556983,6.4094323005136316,7.053085948942259,3.713755433174552,8.999907588099557,10.315918136514513,4.297474336183912,3.7232038420794065,2.872828412620037,6.578880353404291,6.770161120890784,2.9537176432430914,8.390307472298856,7.356902692273048,7.699397119909419,3.4049936048440324,7.116609211299302,10.592266319256606,3.9532617806797377,7.719625672232973,10.326486653288505,7.597902733690986,8.382168254458081,6.555758681188987,8.963660958450072,10.416076256323198,6.063357059047983,3.173209736836476,7.294375066082465,5.658824062051561,5.6807513924370205,-1.0009254714645373,11.810333217468301,7.615881198587396,9.288579500931917,3.9107463266558926,5.469448000280877,7.1177680663261
-1.389329392606431,1.413950533459092,-1.7233707165693122,0.14260178933018997,0.06451925387329649,1.3544961561148487,0.6990016292258988,-2.2543450697256806,0.2775905517597157,-1.2830291353388334,0.6065426344219923,-0.49678142335602005,0.9113678277891513,0.1251402380220051,1.6239361253567097,1.2815522697123098,0.9215124771539385,-0.8413314787291992,0.18769994433180504,-0.6844725383702092,1.875718312622722,0.5043146810625667,0.5491529154895738,2.2566872401803764,-0.7811128936424119,0.25488373088095845,-0.4001665118725519,1.414209916170194,2.225865456924621,0.284815656304738,11.308505339075035,10.152583983111956,10.677826856063952,5.432672260719494,8.083372783338483,9.224380155296048,7.631852699031465,12.326418766652962,9.162903788606803,7.392016799999376,4.745990798439773,7.730775765405415,9.495941068220528,9.428020419764252,11.886106537338089,10.098267714014296,12.04640114010296,9.749708513904748,8.98114467442813,9.899258975986772,5.78238783870753,9.92502167878294,7.144702111146048,9.812487561126748,5.570409150409369,2.3522364704492924,5.573880075372434,8.989218036732753,9.02201801130354,7.404841412130209,10.389020978801419,6.288352829190375,4.792808686289048,7.850843882828574,5.514787006696466,4.644334541709567,10.230575020866324,10.338670868074278,7.1490421633098835,7.952748226547034,2.3027392332143974,7.295723179092519,7.1011558947560625,8.962922150981202,10.636809568867124,5.772989628241625,9.494692688399876,0.4571670584840496,0.7759328576201182,4.378696634429516,1.6176699230868812,7.163599553356266,11.610117516184634,8.528177948086139,10.682272608816566,6.349104598128415,4.514709902647721,3.517921766200851,9.230757829668104,4.990331621039493,10.055701947438504,8.022507677727322,11.15758717731235,4.8014839028733265,9.75707884849857,7.183511801447816,4.684641004797506,7.523930009776121,2.713244103951344,7.766490362019369
-0.6684003478200409,-1.2323546581842724,-1.6951352184432813,-0.23961773546280918,1.06850181116684,0.9171221795242537,-1.431884532030216,-0.4584600345329232,0.9858288616647981,-1.6838725008653692,-0.13416289776043577,0.1523175109633993,1.001382156326991,-0.016583464931159198,-2.006707627358754,-0.40907563373347705,0.3942864417665951,0.11495560065798514,2.437700898725143,0.34211228425777895,-0.3878261368481814,-1.3303920444132684,-0.34362068367982784,0.11052848711905544,-1.6594883800333733,-0.1277291708059034,-1.5244641513161623,2.320150450469642,0.9678649107209552,0.3057192395428958,-0.8095027518169888,-1.3053545941005114,-2.298386667434626,-1.0342875951830814,-1.3324708578047475,-3.0361397597270656,-0.7163968180494913,-1.0905634534192818,-2.9511618664685644,2.1157880576624355,-2.7752641131034093,1.426188974730413,-1.459846511610017,-2.3381824337871646,2.8286159288182255,-1.4869137609407406,0.7299830897904427,-4.262289005072801,-1.054498744553605,-6.488670399494673,0.8811491864827604,-1.2977798164299563,1.5322836514641311,-4.910420721458341,-3.269686290045369,-4.470915010431456,-1.5988605248375773,-2.822610076366199,0.01775196341181841,1.659039515200285,3.063625872023099,-2.9066429535072427,-2.0441768704722656,-4.892076809207788,-3.1071720072524647,-4.734984307672393,-0.6792858416403,-3.435499175945788,-2.2678430004986234,-2.546479751937134,-3.370648641065069,-2.932743537352713,3.758713508228345,-6.45914947115773,-3.1012553813067045,-1.6948685933665264,-1.6015598578251715,0.15417648933067868,-5.580075156445173,-6.751356688473262,-0.9547004669696257,-2.896421609576845,5.176038670722147,-2.9417962990842583,-1.9795063500117422,-4.2906058459503615,-2.1409648532833065,-1.5578448403942715,-5.977468784156729,-4.207207995498641,-5.246735510105323,-2.7674101279832373,0.34236846827357037,-2.7574921160424095,-3.7673619894358548,1.1128402962580721,-3.2349379036941612,-6.123878714274821,-0.21964470022841287,-0.3970806526865899
0.4634625539231359,1.3144688184828057,-1.8591027555377377,-1.2812452277564272,-0.4123770079630807,0.5543041129663493,-0.5603656538231566,0.44597329473785424,1.5875403491867768,-0.43651512111381735,1.1120464867863111,1.2247393177686754,-0.3207953143017576,2.0264650582529953,-2.138976135017085,0.9172010534375584,0.2459471731744184,-1.3168539112409758,-0.47673262444891984,-0.08210184538102194,1.3361704288478742,1.1017881663394549,-0.3355587912742679,-0.852063025557124,0.2289471983172061,0.7443248902748003,1.5888822419910822,1.6416659945088035,-1.631033853694512,0.5981222744661462,-0.668200448191422,-0.9077766859172115,-0.08628659744487434,-2.723436915982465,0.3153287010838069,-0.6982119161604012,-2.125730630463581,-1.8791011288040305,-2.4638578580050905,1.4210560180236143,-0.7830551864868206,3.127549940953821,0.3135361643640807,0.3166579525030502,2.953175934543593,-0.3509473669404469,-1.1936548355710759,-0.45414506841959457,-4.465604543919125,-1.8679664596208971,2.5644875417907604,-1.8703205328335892,-0.9095237058391997,-3.9404007139473816,-2.37337682462511,-0.4161163971679073,1.0594727201955705,-1.003051728520568,-1.1689487276570905,-1.2717208087909626,1.6908422866233563,1.0137023311292575,-1.9955828657156396,-4.2506708310225,-0.15615946052997892,-1.542874238619965,0.7045704668451978,-4.798453693621698,-1.6068479225487742,-1.6951784779944323,-1.8848357462011922,-3.4194999778209074,3.2140353753799933,-2.976454427168157,-0.5766279330855986,-2.6071570030187914,-0.1738723368335186,-3.4054620309961097,0.6522218952474643,0.5254924765740433,-0.5642792277470475,-0.6486345174788382,2.796261617179063,-2.4942295592457513,-1.7238128784587823,1.0357891595281792,-3.323043614571766,2.1746705184563053,-0.6748007048580463,0.12293184271309006,-1.125334658718905,-1.612434204858681,-2.087322579537305,-3.7870559557072445,-1.2543191083979828,-1.2697144699658036,1.7646996683653384,-1.3573095514863325,-3.7873123150508605,-3.0517950538080125
0.488658801379705,0.1655840211389188,-0.08676828249744706,0.39630525334805367,-0.36159730555052255,-1.0682576252101064,-1.6260819191604068,0.26039037328976866,-0.48895628185548945,0.588983877163586,-0.009512199115955966,-0.025195993865074207,-2.558810177679573,0.7674968469348844,-1.311947212603981,-1.8451005476392184,-1.1572286560164369,0.898223908242214,0.3179816510397765,-0.3549089981700816,0.5775807576988611,1.427445634626417,1.4762667136040748,-0.6503819148077676,-2.08746508716187,0.46543150324844973,1.214248328496792,-0.6097071544942613,-1.161299841882524,0.10959040244971999,-10.845342625180574,-11.97389165382479,-13.00453292138319,-11.771980510573611,-9.698861677561501,-12.410364903270438,-9.073757892281153,-8.789072866790466,-10.532711302441172,-9.487793905055096,-9.004929019225616,-6.923849142256894,-8.381319500428837,-10.364890526846093,-9.858138499826925,-10.482570464445741,-12.184247526271848,-11.20123237712741,-11.45693359787955,-8.772834586618252,-6.374003775472695,-11.169044680012322,-10.085609280583055,-12.02142071610544,-9.604720846599733,-6.752608429415388,-7.600160394179424,-8.960356171032352,-10.093916803021049,-8.96617505366837,-5.935006352429859,-7.220793811962788,-8.62827758951158,-8.121867430011738,-6.066009528781811,-6.42863488033894,-6.738455301997286,-7.454666062780223,-11.235980335647163,-6.9856777721066186,-5.134840431126897,-6.920604757133018,-7.601410383726571,-6.654856529774806,-10.392939195353707,-9.258941700999046,-8.327190775009141,-9.573321307288095,-2.7610915926046373,-7.350692202659381,-6.421808845537322,-6.110593565605503,-8.051313074015358,-9.131492915498411,-9.190584636690664,-10.072664641696559,-5.174619038519722,-5.491230622653056,-8.17347893262474,-6.468271860725617,-9.461668199443265,-10.634197836505244,-9.86539348797056,-5.379020798358698,-9.61196756276423,-8.960008157953617,-5.52264602439538,-7.530967771785262,-4.203415108554907,-8.325440118231995
